ISO-10303-21;
HEADER;
FILE_DESCRIPTION(('KiCad electronic assembly'),'2;1');
FILE_NAME('wristband_modulo_layout.step','2026-09-09T18:46:01',('Pcbnew'
    ),('Kicad'),'Open CASCADE STEP processor 7.9',
  'KiCad to STEP converter','Unknown');
FILE_SCHEMA(('AUTOMOTIVE_DESIGN { 1 0 10303 214 1 1 1 1 }'));
ENDSEC;
DATA;
#1 = APPLICATION_PROTOCOL_DEFINITION('international standard',
  'automotive_design',2000,#2);
#2 = APPLICATION_CONTEXT(
  'core data for automotive mechanical design processes');
#3 = SHAPE_DEFINITION_REPRESENTATION(#4,#10);
#4 = PRODUCT_DEFINITION_SHAPE('','',#5);
#5 = PRODUCT_DEFINITION('design','',#6,#9);
#6 = PRODUCT_DEFINITION_FORMATION('','',#7);
#7 = PRODUCT('wristband_modulo_layout 1','wristband_modulo_layout 1','',
  (#8));
#8 = PRODUCT_CONTEXT('',#2,'mechanical');
#9 = PRODUCT_DEFINITION_CONTEXT('part definition',#2,'design');
#10 = SHAPE_REPRESENTATION('',(#11,#15,#19,#23,#27),#31);
#11 = AXIS2_PLACEMENT_3D('',#12,#13,#14);
#12 = CARTESIAN_POINT('',(0.,0.,0.));
#13 = DIRECTION('',(0.,0.,1.));
#14 = DIRECTION('',(1.,0.,-0.));
#15 = AXIS2_PLACEMENT_3D('',#16,#17,#18);
#16 = CARTESIAN_POINT('',(0.,0.,0.));
#17 = DIRECTION('',(0.,0.,1.));
#18 = DIRECTION('',(1.,0.,-0.));
#19 = AXIS2_PLACEMENT_3D('',#20,#21,#22);
#20 = CARTESIAN_POINT('',(0.,0.,0.));
#21 = DIRECTION('',(0.,0.,1.));
#22 = DIRECTION('',(1.,0.,-0.));
#23 = AXIS2_PLACEMENT_3D('',#24,#25,#26);
#24 = CARTESIAN_POINT('',(0.,0.,0.));
#25 = DIRECTION('',(0.,0.,1.));
#26 = DIRECTION('',(1.,0.,-0.));
#27 = AXIS2_PLACEMENT_3D('',#28,#29,#30);
#28 = CARTESIAN_POINT('',(0.,0.,0.));
#29 = DIRECTION('',(0.,0.,1.));
#30 = DIRECTION('',(1.,0.,-0.));
#31 = ( GEOMETRIC_REPRESENTATION_CONTEXT(3) 
GLOBAL_UNCERTAINTY_ASSIGNED_CONTEXT((#35)) GLOBAL_UNIT_ASSIGNED_CONTEXT(
(#32,#33,#34)) REPRESENTATION_CONTEXT('Context #1',
  '3D Context with UNIT and UNCERTAINTY') );
#32 = ( LENGTH_UNIT() NAMED_UNIT(*) SI_UNIT(.MILLI.,.METRE.) );
#33 = ( NAMED_UNIT(*) PLANE_ANGLE_UNIT() SI_UNIT($,.RADIAN.) );
#34 = ( NAMED_UNIT(*) SI_UNIT($,.STERADIAN.) SOLID_ANGLE_UNIT() );
#35 = UNCERTAINTY_MEASURE_WITH_UNIT(LENGTH_MEASURE(1.E-07),#32,
  'distance_accuracy_value','confusion accuracy');
#36 = PRODUCT_RELATED_PRODUCT_CATEGORY('part',$,(#7));
#37 = SHAPE_DEFINITION_REPRESENTATION(#38,#44);
#38 = PRODUCT_DEFINITION_SHAPE('','',#39);
#39 = PRODUCT_DEFINITION('design','',#40,#43);
#40 = PRODUCT_DEFINITION_FORMATION('','',#41);
#41 = PRODUCT('wristband_modulo_copper','wristband_modulo_copper','',(
    #42));
#42 = PRODUCT_CONTEXT('',#2,'mechanical');
#43 = PRODUCT_DEFINITION_CONTEXT('part definition',#2,'design');
#44 = SHAPE_REPRESENTATION('',(#11,#45,#304,#563,#822,#1149,#1408,#1634,
    #1893,#2154,#2413,#2672,#7195,#7450,#7705,#8605,#8864),#9228);
#45 = MANIFOLD_SOLID_BREP('',#46);
#46 = CLOSED_SHELL('',(#47,#87,#120,#151,#182,#215,#237,#270,#287));
#47 = ADVANCED_FACE('',(#48),#82,.T.);
#48 = FACE_BOUND('',#49,.T.);
#49 = EDGE_LOOP('',(#50,#60,#68,#76));
#50 = ORIENTED_EDGE('',*,*,#51,.T.);
#51 = EDGE_CURVE('',#52,#54,#56,.T.);
#52 = VERTEX_POINT('',#53);
#53 = CARTESIAN_POINT('',(108.042425,-111.670156,0.71));
#54 = VERTEX_POINT('',#55);
#55 = CARTESIAN_POINT('',(108.042425,-111.670156,0.745));
#56 = LINE('',#57,#58);
#57 = CARTESIAN_POINT('',(108.042425,-111.670156,0.71));
#58 = VECTOR('',#59,1.);
#59 = DIRECTION('',(0.,0.,1.));
#60 = ORIENTED_EDGE('',*,*,#61,.T.);
#61 = EDGE_CURVE('',#54,#62,#64,.T.);
#62 = VERTEX_POINT('',#63);
#63 = CARTESIAN_POINT('',(108.078684,-111.633898,0.745));
#64 = LINE('',#65,#66);
#65 = CARTESIAN_POINT('',(108.042425,-111.670156,0.745));
#66 = VECTOR('',#67,1.);
#67 = DIRECTION('',(0.70711653203,0.707097030209,0.));
#68 = ORIENTED_EDGE('',*,*,#69,.F.);
#69 = EDGE_CURVE('',#70,#62,#72,.T.);
#70 = VERTEX_POINT('',#71);
#71 = CARTESIAN_POINT('',(108.078684,-111.633898,0.71));
#72 = LINE('',#73,#74);
#73 = CARTESIAN_POINT('',(108.078684,-111.633898,0.71));
#74 = VECTOR('',#75,1.);
#75 = DIRECTION('',(0.,0.,1.));
#76 = ORIENTED_EDGE('',*,*,#77,.F.);
#77 = EDGE_CURVE('',#52,#70,#78,.T.);
#78 = LINE('',#79,#80);
#79 = CARTESIAN_POINT('',(108.042425,-111.670156,0.71));
#80 = VECTOR('',#81,1.);
#81 = DIRECTION('',(0.70711653203,0.707097030209,0.));
#82 = PLANE('',#83);
#83 = AXIS2_PLACEMENT_3D('',#84,#85,#86);
#84 = CARTESIAN_POINT('',(108.042425,-111.670156,0.71));
#85 = DIRECTION('',(-0.707097030209,0.70711653203,0.));
#86 = DIRECTION('',(0.70711653203,0.707097030209,0.));
#87 = ADVANCED_FACE('',(#88),#115,.T.);
#88 = FACE_BOUND('',#89,.T.);
#89 = EDGE_LOOP('',(#90,#91,#100,#108));
#90 = ORIENTED_EDGE('',*,*,#69,.T.);
#91 = ORIENTED_EDGE('',*,*,#92,.T.);
#92 = EDGE_CURVE('',#62,#93,#95,.T.);
#93 = VERTEX_POINT('',#94);
#94 = CARTESIAN_POINT('',(107.984148,-111.986709,0.745));
#95 = CIRCLE('',#96,0.299999784267);
#96 = AXIS2_PLACEMENT_3D('',#97,#98,#99);
#97 = CARTESIAN_POINT('',(108.2613117443,-111.8719042553,0.745));
#98 = DIRECTION('',(0.,0.,-1.));
#99 = DIRECTION('',(-0.608759585456,0.793354754895,-0.));
#100 = ORIENTED_EDGE('',*,*,#101,.F.);
#101 = EDGE_CURVE('',#102,#93,#104,.T.);
#102 = VERTEX_POINT('',#103);
#103 = CARTESIAN_POINT('',(107.984148,-111.986709,0.71));
#104 = LINE('',#105,#106);
#105 = CARTESIAN_POINT('',(107.984148,-111.986709,0.71));
#106 = VECTOR('',#107,1.);
#107 = DIRECTION('',(0.,0.,1.));
#108 = ORIENTED_EDGE('',*,*,#109,.F.);
#109 = EDGE_CURVE('',#70,#102,#110,.T.);
#110 = CIRCLE('',#111,0.299999784267);
#111 = AXIS2_PLACEMENT_3D('',#112,#113,#114);
#112 = CARTESIAN_POINT('',(108.2613117443,-111.8719042553,0.71));
#113 = DIRECTION('',(0.,0.,-1.));
#114 = DIRECTION('',(-0.608759585456,0.793354754895,-0.));
#115 = CYLINDRICAL_SURFACE('',#116,0.299999784267);
#116 = AXIS2_PLACEMENT_3D('',#117,#118,#119);
#117 = CARTESIAN_POINT('',(108.2613117443,-111.8719042553,0.71));
#118 = DIRECTION('',(0.,0.,-1.));
#119 = DIRECTION('',(-0.608759585456,0.793354754895,-0.));
#120 = ADVANCED_FACE('',(#121),#146,.T.);
#121 = FACE_BOUND('',#122,.T.);
#122 = EDGE_LOOP('',(#123,#124,#132,#140));
#123 = ORIENTED_EDGE('',*,*,#101,.T.);
#124 = ORIENTED_EDGE('',*,*,#125,.T.);
#125 = EDGE_CURVE('',#93,#126,#128,.T.);
#126 = VERTEX_POINT('',#127);
#127 = CARTESIAN_POINT('',(107.977827,-111.963119,0.745));
#128 = LINE('',#129,#130);
#129 = CARTESIAN_POINT('',(107.984148,-111.986709,0.745));
#130 = VECTOR('',#131,1.);
#131 = DIRECTION('',(-0.258822046006,0.965925022194,0.));
#132 = ORIENTED_EDGE('',*,*,#133,.F.);
#133 = EDGE_CURVE('',#134,#126,#136,.T.);
#134 = VERTEX_POINT('',#135);
#135 = CARTESIAN_POINT('',(107.977827,-111.963119,0.71));
#136 = LINE('',#137,#138);
#137 = CARTESIAN_POINT('',(107.977827,-111.963119,0.71));
#138 = VECTOR('',#139,1.);
#139 = DIRECTION('',(0.,0.,1.));
#140 = ORIENTED_EDGE('',*,*,#141,.F.);
#141 = EDGE_CURVE('',#102,#134,#142,.T.);
#142 = LINE('',#143,#144);
#143 = CARTESIAN_POINT('',(107.984148,-111.986709,0.71));
#144 = VECTOR('',#145,1.);
#145 = DIRECTION('',(-0.258822046006,0.965925022194,0.));
#146 = PLANE('',#147);
#147 = AXIS2_PLACEMENT_3D('',#148,#149,#150);
#148 = CARTESIAN_POINT('',(107.984148,-111.986709,0.71));
#149 = DIRECTION('',(-0.965925022194,-0.258822046006,0.));
#150 = DIRECTION('',(-0.258822046006,0.965925022194,0.));
#151 = ADVANCED_FACE('',(#152),#177,.T.);
#152 = FACE_BOUND('',#153,.T.);
#153 = EDGE_LOOP('',(#154,#155,#163,#171));
#154 = ORIENTED_EDGE('',*,*,#133,.T.);
#155 = ORIENTED_EDGE('',*,*,#156,.T.);
#156 = EDGE_CURVE('',#126,#157,#159,.T.);
#157 = VERTEX_POINT('',#158);
#158 = CARTESIAN_POINT('',(107.419807,-111.837393,0.745));
#159 = LINE('',#160,#161);
#160 = CARTESIAN_POINT('',(107.977827,-111.963119,0.745));
#161 = VECTOR('',#162,1.);
#162 = DIRECTION('',(-0.975545505246,0.219797559572,0.));
#163 = ORIENTED_EDGE('',*,*,#164,.F.);
#164 = EDGE_CURVE('',#165,#157,#167,.T.);
#165 = VERTEX_POINT('',#166);
#166 = CARTESIAN_POINT('',(107.419807,-111.837393,0.71));
#167 = LINE('',#168,#169);
#168 = CARTESIAN_POINT('',(107.419807,-111.837393,0.71));
#169 = VECTOR('',#170,1.);
#170 = DIRECTION('',(0.,0.,1.));
#171 = ORIENTED_EDGE('',*,*,#172,.F.);
#172 = EDGE_CURVE('',#134,#165,#173,.T.);
#173 = LINE('',#174,#175);
#174 = CARTESIAN_POINT('',(107.977827,-111.963119,0.71));
#175 = VECTOR('',#176,1.);
#176 = DIRECTION('',(-0.975545505246,0.219797559572,0.));
#177 = PLANE('',#178);
#178 = AXIS2_PLACEMENT_3D('',#179,#180,#181);
#179 = CARTESIAN_POINT('',(107.977827,-111.963119,0.71));
#180 = DIRECTION('',(-0.219797559572,-0.975545505246,0.));
#181 = DIRECTION('',(-0.975545505246,0.219797559572,0.));
#182 = ADVANCED_FACE('',(#183),#210,.T.);
#183 = FACE_BOUND('',#184,.T.);
#184 = EDGE_LOOP('',(#185,#186,#195,#203));
#185 = ORIENTED_EDGE('',*,*,#164,.T.);
#186 = ORIENTED_EDGE('',*,*,#187,.T.);
#187 = EDGE_CURVE('',#157,#188,#190,.T.);
#188 = VERTEX_POINT('',#189);
#189 = CARTESIAN_POINT('',(107.512232,-111.553504,0.745));
#190 = CIRCLE('',#191,0.150000053164);
#191 = AXIS2_PLACEMENT_3D('',#192,#193,#194);
#192 = CARTESIAN_POINT('',(107.48000026893,-111.7000001824,0.745));
#193 = DIRECTION('',(0.,0.,-1.));
#194 = DIRECTION('',(-0.401288317333,-0.915951792603,-0.));
#195 = ORIENTED_EDGE('',*,*,#196,.F.);
#196 = EDGE_CURVE('',#197,#188,#199,.T.);
#197 = VERTEX_POINT('',#198);
#198 = CARTESIAN_POINT('',(107.512232,-111.553504,0.71));
#199 = LINE('',#200,#201);
#200 = CARTESIAN_POINT('',(107.512232,-111.553504,0.71));
#201 = VECTOR('',#202,1.);
#202 = DIRECTION('',(0.,0.,1.));
#203 = ORIENTED_EDGE('',*,*,#204,.F.);
#204 = EDGE_CURVE('',#165,#197,#205,.T.);
#205 = CIRCLE('',#206,0.150000053164);
#206 = AXIS2_PLACEMENT_3D('',#207,#208,#209);
#207 = CARTESIAN_POINT('',(107.48000026893,-111.7000001824,0.71));
#208 = DIRECTION('',(0.,0.,-1.));
#209 = DIRECTION('',(-0.401288317333,-0.915951792603,-0.));
#210 = CYLINDRICAL_SURFACE('',#211,0.150000053164);
#211 = AXIS2_PLACEMENT_3D('',#212,#213,#214);
#212 = CARTESIAN_POINT('',(107.48000026893,-111.7000001824,0.71));
#213 = DIRECTION('',(0.,0.,-1.));
#214 = DIRECTION('',(-0.401288317333,-0.915951792603,-0.));
#215 = ADVANCED_FACE('',(#216),#232,.T.);
#216 = FACE_BOUND('',#217,.T.);
#217 = EDGE_LOOP('',(#218,#219,#225,#226));
#218 = ORIENTED_EDGE('',*,*,#196,.T.);
#219 = ORIENTED_EDGE('',*,*,#220,.T.);
#220 = EDGE_CURVE('',#188,#54,#221,.T.);
#221 = LINE('',#222,#223);
#222 = CARTESIAN_POINT('',(107.512232,-111.553504,0.745));
#223 = VECTOR('',#224,1.);
#224 = DIRECTION('',(0.976640778952,-0.214878544504,0.));
#225 = ORIENTED_EDGE('',*,*,#51,.F.);
#226 = ORIENTED_EDGE('',*,*,#227,.F.);
#227 = EDGE_CURVE('',#197,#52,#228,.T.);
#228 = LINE('',#229,#230);
#229 = CARTESIAN_POINT('',(107.512232,-111.553504,0.71));
#230 = VECTOR('',#231,1.);
#231 = DIRECTION('',(0.976640778952,-0.214878544504,0.));
#232 = PLANE('',#233);
#233 = AXIS2_PLACEMENT_3D('',#234,#235,#236);
#234 = CARTESIAN_POINT('',(107.512232,-111.553504,0.71));
#235 = DIRECTION('',(0.214878544504,0.976640778952,-0.));
#236 = DIRECTION('',(0.976640778952,-0.214878544504,0.));
#237 = ADVANCED_FACE('',(#238),#265,.F.);
#238 = FACE_BOUND('',#239,.T.);
#239 = EDGE_LOOP('',(#240,#250,#257,#258));
#240 = ORIENTED_EDGE('',*,*,#241,.T.);
#241 = EDGE_CURVE('',#242,#244,#246,.T.);
#242 = VERTEX_POINT('',#243);
#243 = CARTESIAN_POINT('',(108.398567,-111.871904,0.71));
#244 = VERTEX_POINT('',#245);
#245 = CARTESIAN_POINT('',(108.398567,-111.871904,0.745));
#246 = LINE('',#247,#248);
#247 = CARTESIAN_POINT('',(108.398567,-111.871904,0.71));
#248 = VECTOR('',#249,1.);
#249 = DIRECTION('',(0.,0.,1.));
#250 = ORIENTED_EDGE('',*,*,#251,.T.);
#251 = EDGE_CURVE('',#244,#244,#252,.T.);
#252 = CIRCLE('',#253,0.137255);
#253 = AXIS2_PLACEMENT_3D('',#254,#255,#256);
#254 = CARTESIAN_POINT('',(108.261312,-111.871904,0.745));
#255 = DIRECTION('',(0.,0.,1.));
#256 = DIRECTION('',(1.,0.,-0.));
#257 = ORIENTED_EDGE('',*,*,#241,.F.);
#258 = ORIENTED_EDGE('',*,*,#259,.F.);
#259 = EDGE_CURVE('',#242,#242,#260,.T.);
#260 = CIRCLE('',#261,0.137255);
#261 = AXIS2_PLACEMENT_3D('',#262,#263,#264);
#262 = CARTESIAN_POINT('',(108.261312,-111.871904,0.71));
#263 = DIRECTION('',(0.,0.,1.));
#264 = DIRECTION('',(1.,0.,-0.));
#265 = CYLINDRICAL_SURFACE('',#266,0.137255);
#266 = AXIS2_PLACEMENT_3D('',#267,#268,#269);
#267 = CARTESIAN_POINT('',(108.261312,-111.871904,0.71));
#268 = DIRECTION('',(-0.,-0.,-1.));
#269 = DIRECTION('',(1.,0.,-0.));
#270 = ADVANCED_FACE('',(#271,#279),#282,.F.);
#271 = FACE_BOUND('',#272,.T.);
#272 = EDGE_LOOP('',(#273,#274,#275,#276,#277,#278));
#273 = ORIENTED_EDGE('',*,*,#77,.T.);
#274 = ORIENTED_EDGE('',*,*,#109,.T.);
#275 = ORIENTED_EDGE('',*,*,#141,.T.);
#276 = ORIENTED_EDGE('',*,*,#172,.T.);
#277 = ORIENTED_EDGE('',*,*,#204,.T.);
#278 = ORIENTED_EDGE('',*,*,#227,.T.);
#279 = FACE_BOUND('',#280,.T.);
#280 = EDGE_LOOP('',(#281));
#281 = ORIENTED_EDGE('',*,*,#259,.T.);
#282 = PLANE('',#283);
#283 = AXIS2_PLACEMENT_3D('',#284,#285,#286);
#284 = CARTESIAN_POINT('',(0.,0.,0.71));
#285 = DIRECTION('',(0.,0.,1.));
#286 = DIRECTION('',(1.,0.,-0.));
#287 = ADVANCED_FACE('',(#288,#296),#299,.T.);
#288 = FACE_BOUND('',#289,.F.);
#289 = EDGE_LOOP('',(#290,#291,#292,#293,#294,#295));
#290 = ORIENTED_EDGE('',*,*,#61,.T.);
#291 = ORIENTED_EDGE('',*,*,#92,.T.);
#292 = ORIENTED_EDGE('',*,*,#125,.T.);
#293 = ORIENTED_EDGE('',*,*,#156,.T.);
#294 = ORIENTED_EDGE('',*,*,#187,.T.);
#295 = ORIENTED_EDGE('',*,*,#220,.T.);
#296 = FACE_BOUND('',#297,.F.);
#297 = EDGE_LOOP('',(#298));
#298 = ORIENTED_EDGE('',*,*,#251,.T.);
#299 = PLANE('',#300);
#300 = AXIS2_PLACEMENT_3D('',#301,#302,#303);
#301 = CARTESIAN_POINT('',(0.,0.,0.745));
#302 = DIRECTION('',(0.,0.,1.));
#303 = DIRECTION('',(1.,0.,-0.));
#304 = MANIFOLD_SOLID_BREP('',#305);
#305 = CLOSED_SHELL('',(#306,#346,#379,#410,#441,#474,#496,#529,#546));
#306 = ADVANCED_FACE('',(#307),#341,.T.);
#307 = FACE_BOUND('',#308,.T.);
#308 = EDGE_LOOP('',(#309,#319,#327,#335));
#309 = ORIENTED_EDGE('',*,*,#310,.T.);
#310 = EDGE_CURVE('',#311,#313,#315,.T.);
#311 = VERTEX_POINT('',#312);
#312 = CARTESIAN_POINT('',(110.076271,-110.276487,0.71));
#313 = VERTEX_POINT('',#314);
#314 = CARTESIAN_POINT('',(110.076271,-110.276487,0.745));
#315 = LINE('',#316,#317);
#316 = CARTESIAN_POINT('',(110.076271,-110.276487,0.71));
#317 = VECTOR('',#318,1.);
#318 = DIRECTION('',(0.,0.,1.));
#319 = ORIENTED_EDGE('',*,*,#320,.T.);
#320 = EDGE_CURVE('',#313,#321,#323,.T.);
#321 = VERTEX_POINT('',#322);
#322 = CARTESIAN_POINT('',(110.401383,-110.619208,0.745));
#323 = LINE('',#324,#325);
#324 = CARTESIAN_POINT('',(110.076271,-110.276487,0.745));
#325 = VECTOR('',#326,1.);
#326 = DIRECTION('',(0.688223036945,-0.725499173961,0.));
#327 = ORIENTED_EDGE('',*,*,#328,.F.);
#328 = EDGE_CURVE('',#329,#321,#331,.T.);
#329 = VERTEX_POINT('',#330);
#330 = CARTESIAN_POINT('',(110.401383,-110.619208,0.71));
#331 = LINE('',#332,#333);
#332 = CARTESIAN_POINT('',(110.401383,-110.619208,0.71));
#333 = VECTOR('',#334,1.);
#334 = DIRECTION('',(0.,0.,1.));
#335 = ORIENTED_EDGE('',*,*,#336,.F.);
#336 = EDGE_CURVE('',#311,#329,#337,.T.);
#337 = LINE('',#338,#339);
#338 = CARTESIAN_POINT('',(110.076271,-110.276487,0.71));
#339 = VECTOR('',#340,1.);
#340 = DIRECTION('',(0.688223036945,-0.725499173961,0.));
#341 = PLANE('',#342);
#342 = AXIS2_PLACEMENT_3D('',#343,#344,#345);
#343 = CARTESIAN_POINT('',(110.076271,-110.276487,0.71));
#344 = DIRECTION('',(0.725499173961,0.688223036945,-0.));
#345 = DIRECTION('',(0.688223036945,-0.725499173961,0.));
#346 = ADVANCED_FACE('',(#347),#374,.T.);
#347 = FACE_BOUND('',#348,.T.);
#348 = EDGE_LOOP('',(#349,#350,#359,#367));
#349 = ORIENTED_EDGE('',*,*,#328,.T.);
#350 = ORIENTED_EDGE('',*,*,#351,.T.);
#351 = EDGE_CURVE('',#321,#352,#354,.T.);
#352 = VERTEX_POINT('',#353);
#353 = CARTESIAN_POINT('',(110.189155,-110.823007,0.745));
#354 = CIRCLE('',#355,0.150000122277);
#355 = AXIS2_PLACEMENT_3D('',#356,#357,#358);
#356 = CARTESIAN_POINT('',(110.27500004078,-110.7000002292,0.745));
#357 = DIRECTION('',(0.,0.,-1.));
#358 = DIRECTION('',(0.842552374581,0.538614422465,0.));
#359 = ORIENTED_EDGE('',*,*,#360,.F.);
#360 = EDGE_CURVE('',#361,#352,#363,.T.);
#361 = VERTEX_POINT('',#362);
#362 = CARTESIAN_POINT('',(110.189155,-110.823007,0.71));
#363 = LINE('',#364,#365);
#364 = CARTESIAN_POINT('',(110.189155,-110.823007,0.71));
#365 = VECTOR('',#366,1.);
#366 = DIRECTION('',(0.,0.,1.));
#367 = ORIENTED_EDGE('',*,*,#368,.F.);
#368 = EDGE_CURVE('',#329,#361,#369,.T.);
#369 = CIRCLE('',#370,0.150000122277);
#370 = AXIS2_PLACEMENT_3D('',#371,#372,#373);
#371 = CARTESIAN_POINT('',(110.27500004078,-110.7000002292,0.71));
#372 = DIRECTION('',(0.,0.,-1.));
#373 = DIRECTION('',(0.842552374581,0.538614422465,0.));
#374 = CYLINDRICAL_SURFACE('',#375,0.150000122277);
#375 = AXIS2_PLACEMENT_3D('',#376,#377,#378);
#376 = CARTESIAN_POINT('',(110.27500004078,-110.7000002292,0.71));
#377 = DIRECTION('',(0.,0.,-1.));
#378 = DIRECTION('',(0.842552374581,0.538614422465,0.));
#379 = ADVANCED_FACE('',(#380),#405,.T.);
#380 = FACE_BOUND('',#381,.T.);
#381 = EDGE_LOOP('',(#382,#383,#391,#399));
#382 = ORIENTED_EDGE('',*,*,#360,.T.);
#383 = ORIENTED_EDGE('',*,*,#384,.T.);
#384 = EDGE_CURVE('',#352,#385,#387,.T.);
#385 = VERTEX_POINT('',#386);
#386 = CARTESIAN_POINT('',(109.859932,-110.484327,0.745));
#387 = LINE('',#388,#389);
#388 = CARTESIAN_POINT('',(110.189155,-110.823007,0.745));
#389 = VECTOR('',#390,1.);
#390 = DIRECTION('',(-0.69702481767,0.717047002331,0.));
#391 = ORIENTED_EDGE('',*,*,#392,.F.);
#392 = EDGE_CURVE('',#393,#385,#395,.T.);
#393 = VERTEX_POINT('',#394);
#394 = CARTESIAN_POINT('',(109.859932,-110.484327,0.71));
#395 = LINE('',#396,#397);
#396 = CARTESIAN_POINT('',(109.859932,-110.484327,0.71));
#397 = VECTOR('',#398,1.);
#398 = DIRECTION('',(0.,0.,1.));
#399 = ORIENTED_EDGE('',*,*,#400,.F.);
#400 = EDGE_CURVE('',#361,#393,#401,.T.);
#401 = LINE('',#402,#403);
#402 = CARTESIAN_POINT('',(110.189155,-110.823007,0.71));
#403 = VECTOR('',#404,1.);
#404 = DIRECTION('',(-0.69702481767,0.717047002331,0.));
#405 = PLANE('',#406);
#406 = AXIS2_PLACEMENT_3D('',#407,#408,#409);
#407 = CARTESIAN_POINT('',(110.189155,-110.823007,0.71));
#408 = DIRECTION('',(-0.717047002331,-0.69702481767,0.));
#409 = DIRECTION('',(-0.69702481767,0.717047002331,0.));
#410 = ADVANCED_FACE('',(#411),#436,.T.);
#411 = FACE_BOUND('',#412,.T.);
#412 = EDGE_LOOP('',(#413,#414,#422,#430));
#413 = ORIENTED_EDGE('',*,*,#392,.T.);
#414 = ORIENTED_EDGE('',*,*,#415,.T.);
#415 = EDGE_CURVE('',#385,#416,#418,.T.);
#416 = VERTEX_POINT('',#417);
#417 = CARTESIAN_POINT('',(109.829312,-110.492532,0.745));
#418 = LINE('',#419,#420);
#419 = CARTESIAN_POINT('',(109.859932,-110.484327,0.745));
#420 = VECTOR('',#421,1.);
#421 = DIRECTION('',(-0.965922705363,-0.258830692277,0.));
#422 = ORIENTED_EDGE('',*,*,#423,.F.);
#423 = EDGE_CURVE('',#424,#416,#426,.T.);
#424 = VERTEX_POINT('',#425);
#425 = CARTESIAN_POINT('',(109.829312,-110.492532,0.71));
#426 = LINE('',#427,#428);
#427 = CARTESIAN_POINT('',(109.829312,-110.492532,0.71));
#428 = VECTOR('',#429,1.);
#429 = DIRECTION('',(0.,0.,1.));
#430 = ORIENTED_EDGE('',*,*,#431,.F.);
#431 = EDGE_CURVE('',#393,#424,#432,.T.);
#432 = LINE('',#433,#434);
#433 = CARTESIAN_POINT('',(109.859932,-110.484327,0.71));
#434 = VECTOR('',#435,1.);
#435 = DIRECTION('',(-0.965922705363,-0.258830692277,0.));
#436 = PLANE('',#437);
#437 = AXIS2_PLACEMENT_3D('',#438,#439,#440);
#438 = CARTESIAN_POINT('',(109.859932,-110.484327,0.71));
#439 = DIRECTION('',(0.258830692277,-0.965922705363,0.));
#440 = DIRECTION('',(-0.965922705363,-0.258830692277,0.));
#441 = ADVANCED_FACE('',(#442),#469,.T.);
#442 = FACE_BOUND('',#443,.T.);
#443 = EDGE_LOOP('',(#444,#445,#454,#462));
#444 = ORIENTED_EDGE('',*,*,#423,.T.);
#445 = ORIENTED_EDGE('',*,*,#446,.T.);
#446 = EDGE_CURVE('',#416,#447,#449,.T.);
#447 = VERTEX_POINT('',#448);
#448 = CARTESIAN_POINT('',(110.087587,-110.234257,0.745));
#449 = CIRCLE('',#450,0.299999937893);
#450 = AXIS2_PLACEMENT_3D('',#451,#452,#453);
#451 = CARTESIAN_POINT('',(109.79015366683,-110.1950986668,0.745));
#452 = DIRECTION('',(0.,0.,-1.));
#453 = DIRECTION('',(0.130527804248,-0.991444649145,0.));
#454 = ORIENTED_EDGE('',*,*,#455,.F.);
#455 = EDGE_CURVE('',#456,#447,#458,.T.);
#456 = VERTEX_POINT('',#457);
#457 = CARTESIAN_POINT('',(110.087587,-110.234257,0.71));
#458 = LINE('',#459,#460);
#459 = CARTESIAN_POINT('',(110.087587,-110.234257,0.71));
#460 = VECTOR('',#461,1.);
#461 = DIRECTION('',(0.,0.,1.));
#462 = ORIENTED_EDGE('',*,*,#463,.F.);
#463 = EDGE_CURVE('',#424,#456,#464,.T.);
#464 = CIRCLE('',#465,0.299999937893);
#465 = AXIS2_PLACEMENT_3D('',#466,#467,#468);
#466 = CARTESIAN_POINT('',(109.79015366683,-110.1950986668,0.71));
#467 = DIRECTION('',(0.,0.,-1.));
#468 = DIRECTION('',(0.130527804248,-0.991444649145,0.));
#469 = CYLINDRICAL_SURFACE('',#470,0.299999937893);
#470 = AXIS2_PLACEMENT_3D('',#471,#472,#473);
#471 = CARTESIAN_POINT('',(109.79015366683,-110.1950986668,0.71));
#472 = DIRECTION('',(0.,0.,-1.));
#473 = DIRECTION('',(0.130527804248,-0.991444649145,0.));
#474 = ADVANCED_FACE('',(#475),#491,.T.);
#475 = FACE_BOUND('',#476,.T.);
#476 = EDGE_LOOP('',(#477,#478,#484,#485));
#477 = ORIENTED_EDGE('',*,*,#455,.T.);
#478 = ORIENTED_EDGE('',*,*,#479,.T.);
#479 = EDGE_CURVE('',#447,#313,#480,.T.);
#480 = LINE('',#481,#482);
#481 = CARTESIAN_POINT('',(110.087587,-110.234257,0.745));
#482 = VECTOR('',#483,1.);
#483 = DIRECTION('',(-0.258829835029,-0.965922935072,0.));
#484 = ORIENTED_EDGE('',*,*,#310,.F.);
#485 = ORIENTED_EDGE('',*,*,#486,.F.);
#486 = EDGE_CURVE('',#456,#311,#487,.T.);
#487 = LINE('',#488,#489);
#488 = CARTESIAN_POINT('',(110.087587,-110.234257,0.71));
#489 = VECTOR('',#490,1.);
#490 = DIRECTION('',(-0.258829835029,-0.965922935072,0.));
#491 = PLANE('',#492);
#492 = AXIS2_PLACEMENT_3D('',#493,#494,#495);
#493 = CARTESIAN_POINT('',(110.087587,-110.234257,0.71));
#494 = DIRECTION('',(0.965922935072,-0.258829835029,0.));
#495 = DIRECTION('',(-0.258829835029,-0.965922935072,0.));
#496 = ADVANCED_FACE('',(#497),#524,.F.);
#497 = FACE_BOUND('',#498,.T.);
#498 = EDGE_LOOP('',(#499,#509,#516,#517));
#499 = ORIENTED_EDGE('',*,*,#500,.T.);
#500 = EDGE_CURVE('',#501,#503,#505,.T.);
#501 = VERTEX_POINT('',#502);
#502 = CARTESIAN_POINT('',(109.927409,-110.195099,0.71));
#503 = VERTEX_POINT('',#504);
#504 = CARTESIAN_POINT('',(109.927409,-110.195099,0.745));
#505 = LINE('',#506,#507);
#506 = CARTESIAN_POINT('',(109.927409,-110.195099,0.71));
#507 = VECTOR('',#508,1.);
#508 = DIRECTION('',(0.,0.,1.));
#509 = ORIENTED_EDGE('',*,*,#510,.T.);
#510 = EDGE_CURVE('',#503,#503,#511,.T.);
#511 = CIRCLE('',#512,0.137255);
#512 = AXIS2_PLACEMENT_3D('',#513,#514,#515);
#513 = CARTESIAN_POINT('',(109.790154,-110.195099,0.745));
#514 = DIRECTION('',(0.,0.,1.));
#515 = DIRECTION('',(1.,0.,-0.));
#516 = ORIENTED_EDGE('',*,*,#500,.F.);
#517 = ORIENTED_EDGE('',*,*,#518,.F.);
#518 = EDGE_CURVE('',#501,#501,#519,.T.);
#519 = CIRCLE('',#520,0.137255);
#520 = AXIS2_PLACEMENT_3D('',#521,#522,#523);
#521 = CARTESIAN_POINT('',(109.790154,-110.195099,0.71));
#522 = DIRECTION('',(0.,0.,1.));
#523 = DIRECTION('',(1.,0.,-0.));
#524 = CYLINDRICAL_SURFACE('',#525,0.137255);
#525 = AXIS2_PLACEMENT_3D('',#526,#527,#528);
#526 = CARTESIAN_POINT('',(109.790154,-110.195099,0.71));
#527 = DIRECTION('',(-0.,-0.,-1.));
#528 = DIRECTION('',(1.,0.,-0.));
#529 = ADVANCED_FACE('',(#530,#538),#541,.F.);
#530 = FACE_BOUND('',#531,.T.);
#531 = EDGE_LOOP('',(#532,#533,#534,#535,#536,#537));
#532 = ORIENTED_EDGE('',*,*,#336,.T.);
#533 = ORIENTED_EDGE('',*,*,#368,.T.);
#534 = ORIENTED_EDGE('',*,*,#400,.T.);
#535 = ORIENTED_EDGE('',*,*,#431,.T.);
#536 = ORIENTED_EDGE('',*,*,#463,.T.);
#537 = ORIENTED_EDGE('',*,*,#486,.T.);
#538 = FACE_BOUND('',#539,.T.);
#539 = EDGE_LOOP('',(#540));
#540 = ORIENTED_EDGE('',*,*,#518,.T.);
#541 = PLANE('',#542);
#542 = AXIS2_PLACEMENT_3D('',#543,#544,#545);
#543 = CARTESIAN_POINT('',(0.,0.,0.71));
#544 = DIRECTION('',(0.,0.,1.));
#545 = DIRECTION('',(1.,0.,-0.));
#546 = ADVANCED_FACE('',(#547,#555),#558,.T.);
#547 = FACE_BOUND('',#548,.F.);
#548 = EDGE_LOOP('',(#549,#550,#551,#552,#553,#554));
#549 = ORIENTED_EDGE('',*,*,#320,.T.);
#550 = ORIENTED_EDGE('',*,*,#351,.T.);
#551 = ORIENTED_EDGE('',*,*,#384,.T.);
#552 = ORIENTED_EDGE('',*,*,#415,.T.);
#553 = ORIENTED_EDGE('',*,*,#446,.T.);
#554 = ORIENTED_EDGE('',*,*,#479,.T.);
#555 = FACE_BOUND('',#556,.F.);
#556 = EDGE_LOOP('',(#557));
#557 = ORIENTED_EDGE('',*,*,#510,.T.);
#558 = PLANE('',#559);
#559 = AXIS2_PLACEMENT_3D('',#560,#561,#562);
#560 = CARTESIAN_POINT('',(0.,0.,0.745));
#561 = DIRECTION('',(0.,0.,1.));
#562 = DIRECTION('',(1.,0.,-0.));
#563 = MANIFOLD_SOLID_BREP('',#564);
#564 = CLOSED_SHELL('',(#565,#605,#638,#669,#700,#733,#755,#788,#805));
#565 = ADVANCED_FACE('',(#566),#600,.T.);
#566 = FACE_BOUND('',#567,.T.);
#567 = EDGE_LOOP('',(#568,#578,#586,#594));
#568 = ORIENTED_EDGE('',*,*,#569,.T.);
#569 = EDGE_CURVE('',#570,#572,#574,.T.);
#570 = VERTEX_POINT('',#571);
#571 = CARTESIAN_POINT('',(112.651423,-108.189935,0.71));
#572 = VERTEX_POINT('',#573);
#573 = CARTESIAN_POINT('',(112.651423,-108.189935,0.745));
#574 = LINE('',#575,#576);
#575 = CARTESIAN_POINT('',(112.651423,-108.189935,0.71));
#576 = VECTOR('',#577,1.);
#577 = DIRECTION('',(0.,0.,1.));
#578 = ORIENTED_EDGE('',*,*,#579,.T.);
#579 = EDGE_CURVE('',#572,#580,#582,.T.);
#580 = VERTEX_POINT('',#581);
#581 = CARTESIAN_POINT('',(112.749976,-108.752691,0.745));
#582 = LINE('',#583,#584);
#583 = CARTESIAN_POINT('',(112.651423,-108.189935,0.745));
#584 = VECTOR('',#585,1.);
#585 = DIRECTION('',(0.172500401714,-0.98500944737,0.));
#586 = ORIENTED_EDGE('',*,*,#587,.F.);
#587 = EDGE_CURVE('',#588,#580,#590,.T.);
#588 = VERTEX_POINT('',#589);
#589 = CARTESIAN_POINT('',(112.749976,-108.752691,0.71));
#590 = LINE('',#591,#592);
#591 = CARTESIAN_POINT('',(112.749976,-108.752691,0.71));
#592 = VECTOR('',#593,1.);
#593 = DIRECTION('',(0.,0.,1.));
#594 = ORIENTED_EDGE('',*,*,#595,.F.);
#595 = EDGE_CURVE('',#570,#588,#596,.T.);
#596 = LINE('',#597,#598);
#597 = CARTESIAN_POINT('',(112.651423,-108.189935,0.71));
#598 = VECTOR('',#599,1.);
#599 = DIRECTION('',(0.172500401714,-0.98500944737,0.));
#600 = PLANE('',#601);
#601 = AXIS2_PLACEMENT_3D('',#602,#603,#604);
#602 = CARTESIAN_POINT('',(112.651423,-108.189935,0.71));
#603 = DIRECTION('',(0.98500944737,0.172500401714,-0.));
#604 = DIRECTION('',(0.172500401714,-0.98500944737,0.));
#605 = ADVANCED_FACE('',(#606),#633,.T.);
#606 = FACE_BOUND('',#607,.T.);
#607 = EDGE_LOOP('',(#608,#609,#618,#626));
#608 = ORIENTED_EDGE('',*,*,#587,.T.);
#609 = ORIENTED_EDGE('',*,*,#610,.T.);
#610 = EDGE_CURVE('',#580,#611,#613,.T.);
#611 = VERTEX_POINT('',#612);
#612 = CARTESIAN_POINT('',(112.460411,-108.804907,0.745));
#613 = CIRCLE('',#614,0.14999984506);
#614 = AXIS2_PLACEMENT_3D('',#615,#616,#617);
#615 = CARTESIAN_POINT('',(112.60000029573,-108.7499999691,0.745));
#616 = DIRECTION('',(-0.,0.,-1.));
#617 = DIRECTION('',(0.999839061229,-1.794022410729E-02,-0.));
#618 = ORIENTED_EDGE('',*,*,#619,.F.);
#619 = EDGE_CURVE('',#620,#611,#622,.T.);
#620 = VERTEX_POINT('',#621);
#621 = CARTESIAN_POINT('',(112.460411,-108.804907,0.71));
#622 = LINE('',#623,#624);
#623 = CARTESIAN_POINT('',(112.460411,-108.804907,0.71));
#624 = VECTOR('',#625,1.);
#625 = DIRECTION('',(0.,0.,1.));
#626 = ORIENTED_EDGE('',*,*,#627,.F.);
#627 = EDGE_CURVE('',#588,#620,#628,.T.);
#628 = CIRCLE('',#629,0.14999984506);
#629 = AXIS2_PLACEMENT_3D('',#630,#631,#632);
#630 = CARTESIAN_POINT('',(112.60000029573,-108.7499999691,0.71));
#631 = DIRECTION('',(-0.,0.,-1.));
#632 = DIRECTION('',(0.999839061229,-1.794022410729E-02,-0.));
#633 = CYLINDRICAL_SURFACE('',#634,0.14999984506);
#634 = AXIS2_PLACEMENT_3D('',#635,#636,#637);
#635 = CARTESIAN_POINT('',(112.60000029573,-108.7499999691,0.71));
#636 = DIRECTION('',(-0.,0.,-1.));
#637 = DIRECTION('',(0.999839061229,-1.794022410729E-02,-0.));
#638 = ADVANCED_FACE('',(#639),#664,.T.);
#639 = FACE_BOUND('',#640,.T.);
#640 = EDGE_LOOP('',(#641,#642,#650,#658));
#641 = ORIENTED_EDGE('',*,*,#619,.T.);
#642 = ORIENTED_EDGE('',*,*,#643,.T.);
#643 = EDGE_CURVE('',#611,#644,#646,.T.);
#644 = VERTEX_POINT('',#645);
#645 = CARTESIAN_POINT('',(112.356216,-108.243343,0.745));
#646 = LINE('',#647,#648);
#647 = CARTESIAN_POINT('',(112.460411,-108.804907,0.745));
#648 = VECTOR('',#649,1.);
#649 = DIRECTION('',(-0.182430631653,0.983218726751,0.));
#650 = ORIENTED_EDGE('',*,*,#651,.F.);
#651 = EDGE_CURVE('',#652,#644,#654,.T.);
#652 = VERTEX_POINT('',#653);
#653 = CARTESIAN_POINT('',(112.356216,-108.243343,0.71));
#654 = LINE('',#655,#656);
#655 = CARTESIAN_POINT('',(112.356216,-108.243343,0.71));
#656 = VECTOR('',#657,1.);
#657 = DIRECTION('',(0.,0.,1.));
#658 = ORIENTED_EDGE('',*,*,#659,.F.);
#659 = EDGE_CURVE('',#620,#652,#660,.T.);
#660 = LINE('',#661,#662);
#661 = CARTESIAN_POINT('',(112.460411,-108.804907,0.71));
#662 = VECTOR('',#663,1.);
#663 = DIRECTION('',(-0.182430631653,0.983218726751,0.));
#664 = PLANE('',#665);
#665 = AXIS2_PLACEMENT_3D('',#666,#667,#668);
#666 = CARTESIAN_POINT('',(112.460411,-108.804907,0.71));
#667 = DIRECTION('',(-0.983218726751,-0.182430631653,0.));
#668 = DIRECTION('',(-0.182430631653,0.983218726751,0.));
#669 = ADVANCED_FACE('',(#670),#695,.T.);
#670 = FACE_BOUND('',#671,.T.);
#671 = EDGE_LOOP('',(#672,#673,#681,#689));
#672 = ORIENTED_EDGE('',*,*,#651,.T.);
#673 = ORIENTED_EDGE('',*,*,#674,.T.);
#674 = EDGE_CURVE('',#644,#675,#677,.T.);
#675 = VERTEX_POINT('',#676);
#676 = CARTESIAN_POINT('',(112.275399,-108.200704,0.745));
#677 = LINE('',#678,#679);
#678 = CARTESIAN_POINT('',(112.356216,-108.243343,0.745));
#679 = VECTOR('',#680,1.);
#680 = DIRECTION('',(-0.884449872419,0.46663521425,0.));
#681 = ORIENTED_EDGE('',*,*,#682,.F.);
#682 = EDGE_CURVE('',#683,#675,#685,.T.);
#683 = VERTEX_POINT('',#684);
#684 = CARTESIAN_POINT('',(112.275399,-108.200704,0.71));
#685 = LINE('',#686,#687);
#686 = CARTESIAN_POINT('',(112.275399,-108.200704,0.71));
#687 = VECTOR('',#688,1.);
#688 = DIRECTION('',(0.,0.,1.));
#689 = ORIENTED_EDGE('',*,*,#690,.F.);
#690 = EDGE_CURVE('',#652,#683,#691,.T.);
#691 = LINE('',#692,#693);
#692 = CARTESIAN_POINT('',(112.356216,-108.243343,0.71));
#693 = VECTOR('',#694,1.);
#694 = DIRECTION('',(-0.884449872419,0.46663521425,0.));
#695 = PLANE('',#696);
#696 = AXIS2_PLACEMENT_3D('',#697,#698,#699);
#697 = CARTESIAN_POINT('',(112.356216,-108.243343,0.71));
#698 = DIRECTION('',(-0.46663521425,-0.884449872419,0.));
#699 = DIRECTION('',(-0.884449872419,0.46663521425,0.));
#700 = ADVANCED_FACE('',(#701),#728,.T.);
#701 = FACE_BOUND('',#702,.T.);
#702 = EDGE_LOOP('',(#703,#704,#713,#721));
#703 = ORIENTED_EDGE('',*,*,#682,.T.);
#704 = ORIENTED_EDGE('',*,*,#705,.T.);
#705 = EDGE_CURVE('',#675,#706,#708,.T.);
#706 = VERTEX_POINT('',#707);
#707 = CARTESIAN_POINT('',(112.696033,-108.145326,0.745));
#708 = CIRCLE('',#709,0.299999610518);
#709 = AXIS2_PLACEMENT_3D('',#710,#711,#712);
#710 = CARTESIAN_POINT('',(112.45802702341,-107.9626981778,0.745));
#711 = DIRECTION('',(0.,0.,-1.));
#712 = DIRECTION('',(-0.608760868389,-0.793353770469,-0.));
#713 = ORIENTED_EDGE('',*,*,#714,.F.);
#714 = EDGE_CURVE('',#715,#706,#717,.T.);
#715 = VERTEX_POINT('',#716);
#716 = CARTESIAN_POINT('',(112.696033,-108.145326,0.71));
#717 = LINE('',#718,#719);
#718 = CARTESIAN_POINT('',(112.696033,-108.145326,0.71));
#719 = VECTOR('',#720,1.);
#720 = DIRECTION('',(0.,0.,1.));
#721 = ORIENTED_EDGE('',*,*,#722,.F.);
#722 = EDGE_CURVE('',#683,#715,#723,.T.);
#723 = CIRCLE('',#724,0.299999610518);
#724 = AXIS2_PLACEMENT_3D('',#725,#726,#727);
#725 = CARTESIAN_POINT('',(112.45802702341,-107.9626981778,0.71));
#726 = DIRECTION('',(0.,0.,-1.));
#727 = DIRECTION('',(-0.608760868389,-0.793353770469,-0.));
#728 = CYLINDRICAL_SURFACE('',#729,0.299999610518);
#729 = AXIS2_PLACEMENT_3D('',#730,#731,#732);
#730 = CARTESIAN_POINT('',(112.45802702341,-107.9626981778,0.71));
#731 = DIRECTION('',(0.,0.,-1.));
#732 = DIRECTION('',(-0.608760868389,-0.793353770469,-0.));
#733 = ADVANCED_FACE('',(#734),#750,.T.);
#734 = FACE_BOUND('',#735,.T.);
#735 = EDGE_LOOP('',(#736,#737,#743,#744));
#736 = ORIENTED_EDGE('',*,*,#714,.T.);
#737 = ORIENTED_EDGE('',*,*,#738,.T.);
#738 = EDGE_CURVE('',#706,#572,#739,.T.);
#739 = LINE('',#740,#741);
#740 = CARTESIAN_POINT('',(112.696033,-108.145326,0.745));
#741 = VECTOR('',#742,1.);
#742 = DIRECTION('',(-0.70711470666,-0.707098855624,0.));
#743 = ORIENTED_EDGE('',*,*,#569,.F.);
#744 = ORIENTED_EDGE('',*,*,#745,.F.);
#745 = EDGE_CURVE('',#715,#570,#746,.T.);
#746 = LINE('',#747,#748);
#747 = CARTESIAN_POINT('',(112.696033,-108.145326,0.71));
#748 = VECTOR('',#749,1.);
#749 = DIRECTION('',(-0.70711470666,-0.707098855624,0.));
#750 = PLANE('',#751);
#751 = AXIS2_PLACEMENT_3D('',#752,#753,#754);
#752 = CARTESIAN_POINT('',(112.696033,-108.145326,0.71));
#753 = DIRECTION('',(0.707098855624,-0.70711470666,0.));
#754 = DIRECTION('',(-0.70711470666,-0.707098855624,0.));
#755 = ADVANCED_FACE('',(#756),#783,.F.);
#756 = FACE_BOUND('',#757,.T.);
#757 = EDGE_LOOP('',(#758,#768,#775,#776));
#758 = ORIENTED_EDGE('',*,*,#759,.T.);
#759 = EDGE_CURVE('',#760,#762,#764,.T.);
#760 = VERTEX_POINT('',#761);
#761 = CARTESIAN_POINT('',(112.595282,-107.962698,0.71));
#762 = VERTEX_POINT('',#763);
#763 = CARTESIAN_POINT('',(112.595282,-107.962698,0.745));
#764 = LINE('',#765,#766);
#765 = CARTESIAN_POINT('',(112.595282,-107.962698,0.71));
#766 = VECTOR('',#767,1.);
#767 = DIRECTION('',(0.,0.,1.));
#768 = ORIENTED_EDGE('',*,*,#769,.T.);
#769 = EDGE_CURVE('',#762,#762,#770,.T.);
#770 = CIRCLE('',#771,0.137255);
#771 = AXIS2_PLACEMENT_3D('',#772,#773,#774);
#772 = CARTESIAN_POINT('',(112.458027,-107.962698,0.745));
#773 = DIRECTION('',(0.,0.,1.));
#774 = DIRECTION('',(1.,0.,-0.));
#775 = ORIENTED_EDGE('',*,*,#759,.F.);
#776 = ORIENTED_EDGE('',*,*,#777,.F.);
#777 = EDGE_CURVE('',#760,#760,#778,.T.);
#778 = CIRCLE('',#779,0.137255);
#779 = AXIS2_PLACEMENT_3D('',#780,#781,#782);
#780 = CARTESIAN_POINT('',(112.458027,-107.962698,0.71));
#781 = DIRECTION('',(0.,0.,1.));
#782 = DIRECTION('',(1.,0.,-0.));
#783 = CYLINDRICAL_SURFACE('',#784,0.137255);
#784 = AXIS2_PLACEMENT_3D('',#785,#786,#787);
#785 = CARTESIAN_POINT('',(112.458027,-107.962698,0.71));
#786 = DIRECTION('',(-0.,-0.,-1.));
#787 = DIRECTION('',(1.,0.,-0.));
#788 = ADVANCED_FACE('',(#789,#797),#800,.F.);
#789 = FACE_BOUND('',#790,.T.);
#790 = EDGE_LOOP('',(#791,#792,#793,#794,#795,#796));
#791 = ORIENTED_EDGE('',*,*,#595,.T.);
#792 = ORIENTED_EDGE('',*,*,#627,.T.);
#793 = ORIENTED_EDGE('',*,*,#659,.T.);
#794 = ORIENTED_EDGE('',*,*,#690,.T.);
#795 = ORIENTED_EDGE('',*,*,#722,.T.);
#796 = ORIENTED_EDGE('',*,*,#745,.T.);
#797 = FACE_BOUND('',#798,.T.);
#798 = EDGE_LOOP('',(#799));
#799 = ORIENTED_EDGE('',*,*,#777,.T.);
#800 = PLANE('',#801);
#801 = AXIS2_PLACEMENT_3D('',#802,#803,#804);
#802 = CARTESIAN_POINT('',(0.,0.,0.71));
#803 = DIRECTION('',(0.,0.,1.));
#804 = DIRECTION('',(1.,0.,-0.));
#805 = ADVANCED_FACE('',(#806,#814),#817,.T.);
#806 = FACE_BOUND('',#807,.F.);
#807 = EDGE_LOOP('',(#808,#809,#810,#811,#812,#813));
#808 = ORIENTED_EDGE('',*,*,#579,.T.);
#809 = ORIENTED_EDGE('',*,*,#610,.T.);
#810 = ORIENTED_EDGE('',*,*,#643,.T.);
#811 = ORIENTED_EDGE('',*,*,#674,.T.);
#812 = ORIENTED_EDGE('',*,*,#705,.T.);
#813 = ORIENTED_EDGE('',*,*,#738,.T.);
#814 = FACE_BOUND('',#815,.F.);
#815 = EDGE_LOOP('',(#816));
#816 = ORIENTED_EDGE('',*,*,#769,.T.);
#817 = PLANE('',#818);
#818 = AXIS2_PLACEMENT_3D('',#819,#820,#821);
#819 = CARTESIAN_POINT('',(0.,0.,0.745));
#820 = DIRECTION('',(0.,0.,1.));
#821 = DIRECTION('',(1.,0.,-0.));
#822 = MANIFOLD_SOLID_BREP('',#823);
#823 = CLOSED_SHELL('',(#824,#866,#897,#930,#961,#994,#1025,#1056,#1078,
    #1111,#1130));
#824 = ADVANCED_FACE('',(#825),#861,.T.);
#825 = FACE_BOUND('',#826,.T.);
#826 = EDGE_LOOP('',(#827,#837,#846,#854));
#827 = ORIENTED_EDGE('',*,*,#828,.T.);
#828 = EDGE_CURVE('',#829,#831,#833,.T.);
#829 = VERTEX_POINT('',#830);
#830 = CARTESIAN_POINT('',(93.909879,-107.828883,0.71));
#831 = VERTEX_POINT('',#832);
#832 = CARTESIAN_POINT('',(93.909879,-107.828883,0.745));
#833 = LINE('',#834,#835);
#834 = CARTESIAN_POINT('',(93.909879,-107.828883,0.71));
#835 = VECTOR('',#836,1.);
#836 = DIRECTION('',(0.,0.,1.));
#837 = ORIENTED_EDGE('',*,*,#838,.T.);
#838 = EDGE_CURVE('',#831,#839,#841,.T.);
#839 = VERTEX_POINT('',#840);
#840 = CARTESIAN_POINT('',(93.991783,-108.40348,0.745));
#841 = CIRCLE('',#842,0.299699520798);
#842 = AXIS2_PLACEMENT_3D('',#843,#844,#845);
#843 = CARTESIAN_POINT('',(94.024930572948,-108.1056192251,0.745));
#844 = DIRECTION('',(0.,0.,-1.));
#845 = DIRECTION('',(-0.383889746109,0.923378937832,-0.));
#846 = ORIENTED_EDGE('',*,*,#847,.F.);
#847 = EDGE_CURVE('',#848,#839,#850,.T.);
#848 = VERTEX_POINT('',#849);
#849 = CARTESIAN_POINT('',(93.991783,-108.40348,0.71));
#850 = LINE('',#851,#852);
#851 = CARTESIAN_POINT('',(93.991783,-108.40348,0.71));
#852 = VECTOR('',#853,1.);
#853 = DIRECTION('',(0.,0.,1.));
#854 = ORIENTED_EDGE('',*,*,#855,.F.);
#855 = EDGE_CURVE('',#829,#848,#856,.T.);
#856 = CIRCLE('',#857,0.299699520798);
#857 = AXIS2_PLACEMENT_3D('',#858,#859,#860);
#858 = CARTESIAN_POINT('',(94.024930572948,-108.1056192251,0.71));
#859 = DIRECTION('',(0.,0.,-1.));
#860 = DIRECTION('',(-0.383889746109,0.923378937832,-0.));
#861 = CYLINDRICAL_SURFACE('',#862,0.299699520798);
#862 = AXIS2_PLACEMENT_3D('',#863,#864,#865);
#863 = CARTESIAN_POINT('',(94.024930572948,-108.1056192251,0.71));
#864 = DIRECTION('',(0.,0.,-1.));
#865 = DIRECTION('',(-0.383889746109,0.923378937832,-0.));
#866 = ADVANCED_FACE('',(#867),#892,.T.);
#867 = FACE_BOUND('',#868,.T.);
#868 = EDGE_LOOP('',(#869,#870,#878,#886));
#869 = ORIENTED_EDGE('',*,*,#847,.T.);
#870 = ORIENTED_EDGE('',*,*,#871,.T.);
#871 = EDGE_CURVE('',#839,#872,#874,.T.);
#872 = VERTEX_POINT('',#873);
#873 = CARTESIAN_POINT('',(93.651057,-108.860849,0.745));
#874 = LINE('',#875,#876);
#875 = CARTESIAN_POINT('',(93.991783,-108.40348,0.745));
#876 = VECTOR('',#877,1.);
#877 = DIRECTION('',(-0.597415089031,-0.801932173814,0.));
#878 = ORIENTED_EDGE('',*,*,#879,.F.);
#879 = EDGE_CURVE('',#880,#872,#882,.T.);
#880 = VERTEX_POINT('',#881);
#881 = CARTESIAN_POINT('',(93.651057,-108.860849,0.71));
#882 = LINE('',#883,#884);
#883 = CARTESIAN_POINT('',(93.651057,-108.860849,0.71));
#884 = VECTOR('',#885,1.);
#885 = DIRECTION('',(0.,0.,1.));
#886 = ORIENTED_EDGE('',*,*,#887,.F.);
#887 = EDGE_CURVE('',#848,#880,#888,.T.);
#888 = LINE('',#889,#890);
#889 = CARTESIAN_POINT('',(93.991783,-108.40348,0.71));
#890 = VECTOR('',#891,1.);
#891 = DIRECTION('',(-0.597415089031,-0.801932173814,0.));
#892 = PLANE('',#893);
#893 = AXIS2_PLACEMENT_3D('',#894,#895,#896);
#894 = CARTESIAN_POINT('',(93.991783,-108.40348,0.71));
#895 = DIRECTION('',(0.801932173814,-0.597415089031,0.));
#896 = DIRECTION('',(-0.597415089031,-0.801932173814,0.));
#897 = ADVANCED_FACE('',(#898),#925,.T.);
#898 = FACE_BOUND('',#899,.T.);
#899 = EDGE_LOOP('',(#900,#901,#910,#918));
#900 = ORIENTED_EDGE('',*,*,#879,.T.);
#901 = ORIENTED_EDGE('',*,*,#902,.T.);
#902 = EDGE_CURVE('',#872,#903,#905,.T.);
#903 = VERTEX_POINT('',#904);
#904 = CARTESIAN_POINT('',(93.414215,-108.686263,0.745));
#905 = CIRCLE('',#906,0.150000005556);
#906 = AXIS2_PLACEMENT_3D('',#907,#908,#909);
#907 = CARTESIAN_POINT('',(93.550000134224,-108.7499999515,0.745));
#908 = DIRECTION('',(-0.,0.,-1.));
#909 = DIRECTION('',(0.673712413549,-0.738993629086,-0.));
#910 = ORIENTED_EDGE('',*,*,#911,.F.);
#911 = EDGE_CURVE('',#912,#903,#914,.T.);
#912 = VERTEX_POINT('',#913);
#913 = CARTESIAN_POINT('',(93.414215,-108.686263,0.71));
#914 = LINE('',#915,#916);
#915 = CARTESIAN_POINT('',(93.414215,-108.686263,0.71));
#916 = VECTOR('',#917,1.);
#917 = DIRECTION('',(0.,0.,1.));
#918 = ORIENTED_EDGE('',*,*,#919,.F.);
#919 = EDGE_CURVE('',#880,#912,#920,.T.);
#920 = CIRCLE('',#921,0.150000005556);
#921 = AXIS2_PLACEMENT_3D('',#922,#923,#924);
#922 = CARTESIAN_POINT('',(93.550000134224,-108.7499999515,0.71));
#923 = DIRECTION('',(-0.,0.,-1.));
#924 = DIRECTION('',(0.673712413549,-0.738993629086,-0.));
#925 = CYLINDRICAL_SURFACE('',#926,0.150000005556);
#926 = AXIS2_PLACEMENT_3D('',#927,#928,#929);
#927 = CARTESIAN_POINT('',(93.550000134224,-108.7499999515,0.71));
#928 = DIRECTION('',(-0.,0.,-1.));
#929 = DIRECTION('',(0.673712413549,-0.738993629086,-0.));
#930 = ADVANCED_FACE('',(#931),#956,.T.);
#931 = FACE_BOUND('',#932,.T.);
#932 = EDGE_LOOP('',(#933,#934,#942,#950));
#933 = ORIENTED_EDGE('',*,*,#911,.T.);
#934 = ORIENTED_EDGE('',*,*,#935,.T.);
#935 = EDGE_CURVE('',#903,#936,#938,.T.);
#936 = VERTEX_POINT('',#937);
#937 = CARTESIAN_POINT('',(93.750237,-108.225559,0.745));
#938 = LINE('',#939,#940);
#939 = CARTESIAN_POINT('',(93.414215,-108.686263,0.745));
#940 = VECTOR('',#941,1.);
#941 = DIRECTION('',(0.589277486978,0.807930716919,0.));
#942 = ORIENTED_EDGE('',*,*,#943,.F.);
#943 = EDGE_CURVE('',#944,#936,#946,.T.);
#944 = VERTEX_POINT('',#945);
#945 = CARTESIAN_POINT('',(93.750237,-108.225559,0.71));
#946 = LINE('',#947,#948);
#947 = CARTESIAN_POINT('',(93.750237,-108.225559,0.71));
#948 = VECTOR('',#949,1.);
#949 = DIRECTION('',(0.,0.,1.));
#950 = ORIENTED_EDGE('',*,*,#951,.F.);
#951 = EDGE_CURVE('',#912,#944,#952,.T.);
#952 = LINE('',#953,#954);
#953 = CARTESIAN_POINT('',(93.414215,-108.686263,0.71));
#954 = VECTOR('',#955,1.);
#955 = DIRECTION('',(0.589277486978,0.807930716919,0.));
#956 = PLANE('',#957);
#957 = AXIS2_PLACEMENT_3D('',#958,#959,#960);
#958 = CARTESIAN_POINT('',(93.414215,-108.686263,0.71));
#959 = DIRECTION('',(-0.807930716919,0.589277486978,0.));
#960 = DIRECTION('',(0.589277486978,0.807930716919,0.));
#961 = ADVANCED_FACE('',(#962),#989,.T.);
#962 = FACE_BOUND('',#963,.T.);
#963 = EDGE_LOOP('',(#964,#965,#974,#982));
#964 = ORIENTED_EDGE('',*,*,#943,.T.);
#965 = ORIENTED_EDGE('',*,*,#966,.T.);
#966 = EDGE_CURVE('',#936,#967,#969,.T.);
#967 = VERTEX_POINT('',#968);
#968 = CARTESIAN_POINT('',(93.74752,-107.991242,0.745));
#969 = CIRCLE('',#970,0.294266759396);
#970 = AXIS2_PLACEMENT_3D('',#971,#972,#973);
#971 = CARTESIAN_POINT('',(94.018795469489,-108.105270704,0.745));
#972 = DIRECTION('',(0.,0.,-1.));
#973 = DIRECTION('',(-0.912636106233,-0.408772965839,-0.));
#974 = ORIENTED_EDGE('',*,*,#975,.F.);
#975 = EDGE_CURVE('',#976,#967,#978,.T.);
#976 = VERTEX_POINT('',#977);
#977 = CARTESIAN_POINT('',(93.74752,-107.991242,0.71));
#978 = LINE('',#979,#980);
#979 = CARTESIAN_POINT('',(93.74752,-107.991242,0.71));
#980 = VECTOR('',#981,1.);
#981 = DIRECTION('',(0.,0.,1.));
#982 = ORIENTED_EDGE('',*,*,#983,.F.);
#983 = EDGE_CURVE('',#944,#976,#984,.T.);
#984 = CIRCLE('',#985,0.294266759396);
#985 = AXIS2_PLACEMENT_3D('',#986,#987,#988);
#986 = CARTESIAN_POINT('',(94.018795469489,-108.105270704,0.71));
#987 = DIRECTION('',(0.,0.,-1.));
#988 = DIRECTION('',(-0.912636106233,-0.408772965839,-0.));
#989 = CYLINDRICAL_SURFACE('',#990,0.294266759396);
#990 = AXIS2_PLACEMENT_3D('',#991,#992,#993);
#991 = CARTESIAN_POINT('',(94.018795469489,-108.105270704,0.71));
#992 = DIRECTION('',(0.,0.,-1.));
#993 = DIRECTION('',(-0.912636106233,-0.408772965839,-0.));
#994 = ADVANCED_FACE('',(#995),#1020,.T.);
#995 = FACE_BOUND('',#996,.T.);
#996 = EDGE_LOOP('',(#997,#998,#1006,#1014));
#997 = ORIENTED_EDGE('',*,*,#975,.T.);
#998 = ORIENTED_EDGE('',*,*,#999,.T.);
#999 = EDGE_CURVE('',#967,#1000,#1002,.T.);
#1000 = VERTEX_POINT('',#1001);
#1001 = CARTESIAN_POINT('',(93.786678,-107.923419,0.745));
#1002 = LINE('',#1003,#1004);
#1003 = CARTESIAN_POINT('',(93.74752,-107.991242,0.745));
#1004 = VECTOR('',#1005,1.);
#1005 = DIRECTION('',(0.500003569146,0.866023343127,0.));
#1006 = ORIENTED_EDGE('',*,*,#1007,.F.);
#1007 = EDGE_CURVE('',#1008,#1000,#1010,.T.);
#1008 = VERTEX_POINT('',#1009);
#1009 = CARTESIAN_POINT('',(93.786678,-107.923419,0.71));
#1010 = LINE('',#1011,#1012);
#1011 = CARTESIAN_POINT('',(93.786678,-107.923419,0.71));
#1012 = VECTOR('',#1013,1.);
#1013 = DIRECTION('',(0.,0.,1.));
#1014 = ORIENTED_EDGE('',*,*,#1015,.F.);
#1015 = EDGE_CURVE('',#976,#1008,#1016,.T.);
#1016 = LINE('',#1017,#1018);
#1017 = CARTESIAN_POINT('',(93.74752,-107.991242,0.71));
#1018 = VECTOR('',#1019,1.);
#1019 = DIRECTION('',(0.500003569146,0.866023343127,0.));
#1020 = PLANE('',#1021);
#1021 = AXIS2_PLACEMENT_3D('',#1022,#1023,#1024);
#1022 = CARTESIAN_POINT('',(93.74752,-107.991242,0.71));
#1023 = DIRECTION('',(-0.866023343127,0.500003569146,0.));
#1024 = DIRECTION('',(0.500003569146,0.866023343127,0.));
#1025 = ADVANCED_FACE('',(#1026),#1051,.T.);
#1026 = FACE_BOUND('',#1027,.T.);
#1027 = EDGE_LOOP('',(#1028,#1029,#1037,#1045));
#1028 = ORIENTED_EDGE('',*,*,#1007,.T.);
#1029 = ORIENTED_EDGE('',*,*,#1030,.T.);
#1030 = EDGE_CURVE('',#1000,#1031,#1033,.T.);
#1031 = VERTEX_POINT('',#1032);
#1032 = CARTESIAN_POINT('',(93.842056,-107.868041,0.745));
#1033 = LINE('',#1034,#1035);
#1034 = CARTESIAN_POINT('',(93.786678,-107.923419,0.745));
#1035 = VECTOR('',#1036,1.);
#1036 = DIRECTION('',(0.707106781187,0.707106781186,0.));
#1037 = ORIENTED_EDGE('',*,*,#1038,.F.);
#1038 = EDGE_CURVE('',#1039,#1031,#1041,.T.);
#1039 = VERTEX_POINT('',#1040);
#1040 = CARTESIAN_POINT('',(93.842056,-107.868041,0.71));
#1041 = LINE('',#1042,#1043);
#1042 = CARTESIAN_POINT('',(93.842056,-107.868041,0.71));
#1043 = VECTOR('',#1044,1.);
#1044 = DIRECTION('',(0.,0.,1.));
#1045 = ORIENTED_EDGE('',*,*,#1046,.F.);
#1046 = EDGE_CURVE('',#1008,#1039,#1047,.T.);
#1047 = LINE('',#1048,#1049);
#1048 = CARTESIAN_POINT('',(93.786678,-107.923419,0.71));
#1049 = VECTOR('',#1050,1.);
#1050 = DIRECTION('',(0.707106781187,0.707106781186,0.));
#1051 = PLANE('',#1052);
#1052 = AXIS2_PLACEMENT_3D('',#1053,#1054,#1055);
#1053 = CARTESIAN_POINT('',(93.786678,-107.923419,0.71));
#1054 = DIRECTION('',(-0.707106781186,0.707106781187,0.));
#1055 = DIRECTION('',(0.707106781187,0.707106781186,0.));
#1056 = ADVANCED_FACE('',(#1057),#1073,.T.);
#1057 = FACE_BOUND('',#1058,.T.);
#1058 = EDGE_LOOP('',(#1059,#1060,#1066,#1067));
#1059 = ORIENTED_EDGE('',*,*,#1038,.T.);
#1060 = ORIENTED_EDGE('',*,*,#1061,.T.);
#1061 = EDGE_CURVE('',#1031,#831,#1062,.T.);
#1062 = LINE('',#1063,#1064);
#1063 = CARTESIAN_POINT('',(93.842056,-107.868041,0.745));
#1064 = VECTOR('',#1065,1.);
#1065 = DIRECTION('',(0.866023343127,0.500003569146,0.));
#1066 = ORIENTED_EDGE('',*,*,#828,.F.);
#1067 = ORIENTED_EDGE('',*,*,#1068,.F.);
#1068 = EDGE_CURVE('',#1039,#829,#1069,.T.);
#1069 = LINE('',#1070,#1071);
#1070 = CARTESIAN_POINT('',(93.842056,-107.868041,0.71));
#1071 = VECTOR('',#1072,1.);
#1072 = DIRECTION('',(0.866023343127,0.500003569146,0.));
#1073 = PLANE('',#1074);
#1074 = AXIS2_PLACEMENT_3D('',#1075,#1076,#1077);
#1075 = CARTESIAN_POINT('',(93.842056,-107.868041,0.71));
#1076 = DIRECTION('',(-0.500003569146,0.866023343127,0.));
#1077 = DIRECTION('',(0.866023343127,0.500003569146,0.));
#1078 = ADVANCED_FACE('',(#1079),#1106,.F.);
#1079 = FACE_BOUND('',#1080,.T.);
#1080 = EDGE_LOOP('',(#1081,#1091,#1098,#1099));
#1081 = ORIENTED_EDGE('',*,*,#1082,.T.);
#1082 = EDGE_CURVE('',#1083,#1085,#1087,.T.);
#1083 = VERTEX_POINT('',#1084);
#1084 = CARTESIAN_POINT('',(94.161939,-108.106047,0.71));
#1085 = VERTEX_POINT('',#1086);
#1086 = CARTESIAN_POINT('',(94.161939,-108.106047,0.745));
#1087 = LINE('',#1088,#1089);
#1088 = CARTESIAN_POINT('',(94.161939,-108.106047,0.71));
#1089 = VECTOR('',#1090,1.);
#1090 = DIRECTION('',(0.,0.,1.));
#1091 = ORIENTED_EDGE('',*,*,#1092,.T.);
#1092 = EDGE_CURVE('',#1085,#1085,#1093,.T.);
#1093 = CIRCLE('',#1094,0.137255);
#1094 = AXIS2_PLACEMENT_3D('',#1095,#1096,#1097);
#1095 = CARTESIAN_POINT('',(94.024684,-108.106047,0.745));
#1096 = DIRECTION('',(0.,0.,1.));
#1097 = DIRECTION('',(1.,0.,-0.));
#1098 = ORIENTED_EDGE('',*,*,#1082,.F.);
#1099 = ORIENTED_EDGE('',*,*,#1100,.F.);
#1100 = EDGE_CURVE('',#1083,#1083,#1101,.T.);
#1101 = CIRCLE('',#1102,0.137255);
#1102 = AXIS2_PLACEMENT_3D('',#1103,#1104,#1105);
#1103 = CARTESIAN_POINT('',(94.024684,-108.106047,0.71));
#1104 = DIRECTION('',(0.,0.,1.));
#1105 = DIRECTION('',(1.,0.,-0.));
#1106 = CYLINDRICAL_SURFACE('',#1107,0.137255);
#1107 = AXIS2_PLACEMENT_3D('',#1108,#1109,#1110);
#1108 = CARTESIAN_POINT('',(94.024684,-108.106047,0.71));
#1109 = DIRECTION('',(-0.,-0.,-1.));
#1110 = DIRECTION('',(1.,0.,-0.));
#1111 = ADVANCED_FACE('',(#1112,#1122),#1125,.F.);
#1112 = FACE_BOUND('',#1113,.T.);
#1113 = EDGE_LOOP('',(#1114,#1115,#1116,#1117,#1118,#1119,#1120,#1121));
#1114 = ORIENTED_EDGE('',*,*,#855,.T.);
#1115 = ORIENTED_EDGE('',*,*,#887,.T.);
#1116 = ORIENTED_EDGE('',*,*,#919,.T.);
#1117 = ORIENTED_EDGE('',*,*,#951,.T.);
#1118 = ORIENTED_EDGE('',*,*,#983,.T.);
#1119 = ORIENTED_EDGE('',*,*,#1015,.T.);
#1120 = ORIENTED_EDGE('',*,*,#1046,.T.);
#1121 = ORIENTED_EDGE('',*,*,#1068,.T.);
#1122 = FACE_BOUND('',#1123,.T.);
#1123 = EDGE_LOOP('',(#1124));
#1124 = ORIENTED_EDGE('',*,*,#1100,.T.);
#1125 = PLANE('',#1126);
#1126 = AXIS2_PLACEMENT_3D('',#1127,#1128,#1129);
#1127 = CARTESIAN_POINT('',(0.,0.,0.71));
#1128 = DIRECTION('',(0.,0.,1.));
#1129 = DIRECTION('',(1.,0.,-0.));
#1130 = ADVANCED_FACE('',(#1131,#1141),#1144,.T.);
#1131 = FACE_BOUND('',#1132,.F.);
#1132 = EDGE_LOOP('',(#1133,#1134,#1135,#1136,#1137,#1138,#1139,#1140));
#1133 = ORIENTED_EDGE('',*,*,#838,.T.);
#1134 = ORIENTED_EDGE('',*,*,#871,.T.);
#1135 = ORIENTED_EDGE('',*,*,#902,.T.);
#1136 = ORIENTED_EDGE('',*,*,#935,.T.);
#1137 = ORIENTED_EDGE('',*,*,#966,.T.);
#1138 = ORIENTED_EDGE('',*,*,#999,.T.);
#1139 = ORIENTED_EDGE('',*,*,#1030,.T.);
#1140 = ORIENTED_EDGE('',*,*,#1061,.T.);
#1141 = FACE_BOUND('',#1142,.F.);
#1142 = EDGE_LOOP('',(#1143));
#1143 = ORIENTED_EDGE('',*,*,#1092,.T.);
#1144 = PLANE('',#1145);
#1145 = AXIS2_PLACEMENT_3D('',#1146,#1147,#1148);
#1146 = CARTESIAN_POINT('',(0.,0.,0.745));
#1147 = DIRECTION('',(0.,0.,1.));
#1148 = DIRECTION('',(1.,0.,-0.));
#1149 = MANIFOLD_SOLID_BREP('',#1150);
#1150 = CLOSED_SHELL('',(#1151,#1191,#1224,#1255,#1286,#1319,#1341,#1374
    ,#1391));
#1151 = ADVANCED_FACE('',(#1152),#1186,.T.);
#1152 = FACE_BOUND('',#1153,.T.);
#1153 = EDGE_LOOP('',(#1154,#1164,#1172,#1180));
#1154 = ORIENTED_EDGE('',*,*,#1155,.T.);
#1155 = EDGE_CURVE('',#1156,#1158,#1160,.T.);
#1156 = VERTEX_POINT('',#1157);
#1157 = CARTESIAN_POINT('',(92.75133,-108.442508,0.71));
#1158 = VERTEX_POINT('',#1159);
#1159 = CARTESIAN_POINT('',(92.75133,-108.442508,0.745));
#1160 = LINE('',#1161,#1162);
#1161 = CARTESIAN_POINT('',(92.75133,-108.442508,0.71));
#1162 = VECTOR('',#1163,1.);
#1163 = DIRECTION('',(0.,0.,1.));
#1164 = ORIENTED_EDGE('',*,*,#1165,.T.);
#1165 = EDGE_CURVE('',#1158,#1166,#1168,.T.);
#1166 = VERTEX_POINT('',#1167);
#1167 = CARTESIAN_POINT('',(92.370958,-108.869276,0.745));
#1168 = LINE('',#1169,#1170);
#1169 = CARTESIAN_POINT('',(92.75133,-108.442508,0.745));
#1170 = VECTOR('',#1171,1.);
#1171 = DIRECTION('',(-0.665362556614,-0.746520373637,0.));
#1172 = ORIENTED_EDGE('',*,*,#1173,.F.);
#1173 = EDGE_CURVE('',#1174,#1166,#1176,.T.);
#1174 = VERTEX_POINT('',#1175);
#1175 = CARTESIAN_POINT('',(92.370958,-108.869276,0.71));
#1176 = LINE('',#1177,#1178);
#1177 = CARTESIAN_POINT('',(92.370958,-108.869276,0.71));
#1178 = VECTOR('',#1179,1.);
#1179 = DIRECTION('',(0.,0.,1.));
#1180 = ORIENTED_EDGE('',*,*,#1181,.F.);
#1181 = EDGE_CURVE('',#1156,#1174,#1182,.T.);
#1182 = LINE('',#1183,#1184);
#1183 = CARTESIAN_POINT('',(92.75133,-108.442508,0.71));
#1184 = VECTOR('',#1185,1.);
#1185 = DIRECTION('',(-0.665362556614,-0.746520373637,0.));
#1186 = PLANE('',#1187);
#1187 = AXIS2_PLACEMENT_3D('',#1188,#1189,#1190);
#1188 = CARTESIAN_POINT('',(92.75133,-108.442508,0.71));
#1189 = DIRECTION('',(0.746520373637,-0.665362556614,0.));
#1190 = DIRECTION('',(-0.665362556614,-0.746520373637,0.));
#1191 = ADVANCED_FACE('',(#1192),#1219,.T.);
#1192 = FACE_BOUND('',#1193,.T.);
#1193 = EDGE_LOOP('',(#1194,#1195,#1204,#1212));
#1194 = ORIENTED_EDGE('',*,*,#1173,.T.);
#1195 = ORIENTED_EDGE('',*,*,#1196,.T.);
#1196 = EDGE_CURVE('',#1166,#1197,#1199,.T.);
#1197 = VERTEX_POINT('',#1198);
#1198 = CARTESIAN_POINT('',(92.150321,-108.674612,0.745));
#1199 = CIRCLE('',#1200,0.150000256226);
#1200 = AXIS2_PLACEMENT_3D('',#1201,#1202,#1203);
#1201 = CARTESIAN_POINT('',(92.280000379524,-108.7499998995,0.745));
#1202 = DIRECTION('',(-0.,0.,-1.));
#1203 = DIRECTION('',(0.606383100701,-0.795172644892,-0.));
#1204 = ORIENTED_EDGE('',*,*,#1205,.F.);
#1205 = EDGE_CURVE('',#1206,#1197,#1208,.T.);
#1206 = VERTEX_POINT('',#1207);
#1207 = CARTESIAN_POINT('',(92.150321,-108.674612,0.71));
#1208 = LINE('',#1209,#1210);
#1209 = CARTESIAN_POINT('',(92.150321,-108.674612,0.71));
#1210 = VECTOR('',#1211,1.);
#1211 = DIRECTION('',(0.,0.,1.));
#1212 = ORIENTED_EDGE('',*,*,#1213,.F.);
#1213 = EDGE_CURVE('',#1174,#1206,#1214,.T.);
#1214 = CIRCLE('',#1215,0.150000256226);
#1215 = AXIS2_PLACEMENT_3D('',#1216,#1217,#1218);
#1216 = CARTESIAN_POINT('',(92.280000379524,-108.7499998995,0.71));
#1217 = DIRECTION('',(-0.,0.,-1.));
#1218 = DIRECTION('',(0.606383100701,-0.795172644892,-0.));
#1219 = CYLINDRICAL_SURFACE('',#1220,0.150000256226);
#1220 = AXIS2_PLACEMENT_3D('',#1221,#1222,#1223);
#1221 = CARTESIAN_POINT('',(92.280000379524,-108.7499998995,0.71));
#1222 = DIRECTION('',(-0.,0.,-1.));
#1223 = DIRECTION('',(0.606383100701,-0.795172644892,-0.));
#1224 = ADVANCED_FACE('',(#1225),#1250,.T.);
#1225 = FACE_BOUND('',#1226,.T.);
#1226 = EDGE_LOOP('',(#1227,#1228,#1236,#1244));
#1227 = ORIENTED_EDGE('',*,*,#1205,.T.);
#1228 = ORIENTED_EDGE('',*,*,#1229,.T.);
#1229 = EDGE_CURVE('',#1197,#1230,#1232,.T.);
#1230 = VERTEX_POINT('',#1231);
#1231 = CARTESIAN_POINT('',(92.526481,-108.243906,0.745));
#1232 = LINE('',#1233,#1234);
#1233 = CARTESIAN_POINT('',(92.150321,-108.674612,0.745));
#1234 = VECTOR('',#1235,1.);
#1235 = DIRECTION('',(0.657803343433,0.753189724683,0.));
#1236 = ORIENTED_EDGE('',*,*,#1237,.F.);
#1237 = EDGE_CURVE('',#1238,#1230,#1240,.T.);
#1238 = VERTEX_POINT('',#1239);
#1239 = CARTESIAN_POINT('',(92.526481,-108.243906,0.71));
#1240 = LINE('',#1241,#1242);
#1241 = CARTESIAN_POINT('',(92.526481,-108.243906,0.71));
#1242 = VECTOR('',#1243,1.);
#1243 = DIRECTION('',(0.,0.,1.));
#1244 = ORIENTED_EDGE('',*,*,#1245,.F.);
#1245 = EDGE_CURVE('',#1206,#1238,#1246,.T.);
#1246 = LINE('',#1247,#1248);
#1247 = CARTESIAN_POINT('',(92.150321,-108.674612,0.71));
#1248 = VECTOR('',#1249,1.);
#1249 = DIRECTION('',(0.657803343433,0.753189724683,0.));
#1250 = PLANE('',#1251);
#1251 = AXIS2_PLACEMENT_3D('',#1252,#1253,#1254);
#1252 = CARTESIAN_POINT('',(92.150321,-108.674612,0.71));
#1253 = DIRECTION('',(-0.753189724683,0.657803343433,0.));
#1254 = DIRECTION('',(0.657803343433,0.753189724683,0.));
#1255 = ADVANCED_FACE('',(#1256),#1281,.T.);
#1256 = FACE_BOUND('',#1257,.T.);
#1257 = EDGE_LOOP('',(#1258,#1259,#1267,#1275));
#1258 = ORIENTED_EDGE('',*,*,#1237,.T.);
#1259 = ORIENTED_EDGE('',*,*,#1260,.T.);
#1260 = EDGE_CURVE('',#1230,#1261,#1263,.T.);
#1261 = VERTEX_POINT('',#1262);
#1262 = CARTESIAN_POINT('',(92.511841,-108.189267,0.745));
#1263 = LINE('',#1264,#1265);
#1264 = CARTESIAN_POINT('',(92.526481,-108.243906,0.745));
#1265 = VECTOR('',#1266,1.);
#1266 = DIRECTION('',(-0.258811195119,0.965927929652,0.));
#1267 = ORIENTED_EDGE('',*,*,#1268,.F.);
#1268 = EDGE_CURVE('',#1269,#1261,#1271,.T.);
#1269 = VERTEX_POINT('',#1270);
#1270 = CARTESIAN_POINT('',(92.511841,-108.189267,0.71));
#1271 = LINE('',#1272,#1273);
#1272 = CARTESIAN_POINT('',(92.511841,-108.189267,0.71));
#1273 = VECTOR('',#1274,1.);
#1274 = DIRECTION('',(0.,0.,1.));
#1275 = ORIENTED_EDGE('',*,*,#1276,.F.);
#1276 = EDGE_CURVE('',#1238,#1269,#1277,.T.);
#1277 = LINE('',#1278,#1279);
#1278 = CARTESIAN_POINT('',(92.526481,-108.243906,0.71));
#1279 = VECTOR('',#1280,1.);
#1280 = DIRECTION('',(-0.258811195119,0.965927929652,0.));
#1281 = PLANE('',#1282);
#1282 = AXIS2_PLACEMENT_3D('',#1283,#1284,#1285);
#1283 = CARTESIAN_POINT('',(92.526481,-108.243906,0.71));
#1284 = DIRECTION('',(-0.965927929652,-0.258811195119,0.));
#1285 = DIRECTION('',(-0.258811195119,0.965927929652,0.));
#1286 = ADVANCED_FACE('',(#1287),#1314,.T.);
#1287 = FACE_BOUND('',#1288,.T.);
#1288 = EDGE_LOOP('',(#1289,#1290,#1299,#1307));
#1289 = ORIENTED_EDGE('',*,*,#1268,.T.);
#1290 = ORIENTED_EDGE('',*,*,#1291,.T.);
#1291 = EDGE_CURVE('',#1261,#1292,#1294,.T.);
#1292 = VERTEX_POINT('',#1293);
#1293 = CARTESIAN_POINT('',(92.770116,-108.447542,0.745));
#1294 = CIRCLE('',#1295,0.300000634557);
#1295 = AXIS2_PLACEMENT_3D('',#1296,#1297,#1298);
#1296 = CARTESIAN_POINT('',(92.809274954096,-108.1501080459,0.745));
#1297 = DIRECTION('',(0.,0.,-1.));
#1298 = DIRECTION('',(-0.991444416558,-0.130529570891,-0.));
#1299 = ORIENTED_EDGE('',*,*,#1300,.F.);
#1300 = EDGE_CURVE('',#1301,#1292,#1303,.T.);
#1301 = VERTEX_POINT('',#1302);
#1302 = CARTESIAN_POINT('',(92.770116,-108.447542,0.71));
#1303 = LINE('',#1304,#1305);
#1304 = CARTESIAN_POINT('',(92.770116,-108.447542,0.71));
#1305 = VECTOR('',#1306,1.);
#1306 = DIRECTION('',(0.,0.,1.));
#1307 = ORIENTED_EDGE('',*,*,#1308,.F.);
#1308 = EDGE_CURVE('',#1269,#1301,#1309,.T.);
#1309 = CIRCLE('',#1310,0.300000634557);
#1310 = AXIS2_PLACEMENT_3D('',#1311,#1312,#1313);
#1311 = CARTESIAN_POINT('',(92.809274954096,-108.1501080459,0.71));
#1312 = DIRECTION('',(0.,0.,-1.));
#1313 = DIRECTION('',(-0.991444416558,-0.130529570891,-0.));
#1314 = CYLINDRICAL_SURFACE('',#1315,0.300000634557);
#1315 = AXIS2_PLACEMENT_3D('',#1316,#1317,#1318);
#1316 = CARTESIAN_POINT('',(92.809274954096,-108.1501080459,0.71));
#1317 = DIRECTION('',(0.,0.,-1.));
#1318 = DIRECTION('',(-0.991444416558,-0.130529570891,-0.));
#1319 = ADVANCED_FACE('',(#1320),#1336,.T.);
#1320 = FACE_BOUND('',#1321,.T.);
#1321 = EDGE_LOOP('',(#1322,#1323,#1329,#1330));
#1322 = ORIENTED_EDGE('',*,*,#1300,.T.);
#1323 = ORIENTED_EDGE('',*,*,#1324,.T.);
#1324 = EDGE_CURVE('',#1292,#1158,#1325,.T.);
#1325 = LINE('',#1326,#1327);
#1326 = CARTESIAN_POINT('',(92.770116,-108.447542,0.745));
#1327 = VECTOR('',#1328,1.);
#1328 = DIRECTION('',(-0.965921886714,0.25883374735,0.));
#1329 = ORIENTED_EDGE('',*,*,#1155,.F.);
#1330 = ORIENTED_EDGE('',*,*,#1331,.F.);
#1331 = EDGE_CURVE('',#1301,#1156,#1332,.T.);
#1332 = LINE('',#1333,#1334);
#1333 = CARTESIAN_POINT('',(92.770116,-108.447542,0.71));
#1334 = VECTOR('',#1335,1.);
#1335 = DIRECTION('',(-0.965921886714,0.25883374735,0.));
#1336 = PLANE('',#1337);
#1337 = AXIS2_PLACEMENT_3D('',#1338,#1339,#1340);
#1338 = CARTESIAN_POINT('',(92.770116,-108.447542,0.71));
#1339 = DIRECTION('',(-0.25883374735,-0.965921886714,0.));
#1340 = DIRECTION('',(-0.965921886714,0.25883374735,0.));
#1341 = ADVANCED_FACE('',(#1342),#1369,.F.);
#1342 = FACE_BOUND('',#1343,.T.);
#1343 = EDGE_LOOP('',(#1344,#1354,#1361,#1362));
#1344 = ORIENTED_EDGE('',*,*,#1345,.T.);
#1345 = EDGE_CURVE('',#1346,#1348,#1350,.T.);
#1346 = VERTEX_POINT('',#1347);
#1347 = CARTESIAN_POINT('',(92.946529,-108.150109,0.71));
#1348 = VERTEX_POINT('',#1349);
#1349 = CARTESIAN_POINT('',(92.946529,-108.150109,0.745));
#1350 = LINE('',#1351,#1352);
#1351 = CARTESIAN_POINT('',(92.946529,-108.150109,0.71));
#1352 = VECTOR('',#1353,1.);
#1353 = DIRECTION('',(0.,0.,1.));
#1354 = ORIENTED_EDGE('',*,*,#1355,.T.);
#1355 = EDGE_CURVE('',#1348,#1348,#1356,.T.);
#1356 = CIRCLE('',#1357,0.137255);
#1357 = AXIS2_PLACEMENT_3D('',#1358,#1359,#1360);
#1358 = CARTESIAN_POINT('',(92.809274,-108.150109,0.745));
#1359 = DIRECTION('',(0.,0.,1.));
#1360 = DIRECTION('',(1.,0.,-0.));
#1361 = ORIENTED_EDGE('',*,*,#1345,.F.);
#1362 = ORIENTED_EDGE('',*,*,#1363,.F.);
#1363 = EDGE_CURVE('',#1346,#1346,#1364,.T.);
#1364 = CIRCLE('',#1365,0.137255);
#1365 = AXIS2_PLACEMENT_3D('',#1366,#1367,#1368);
#1366 = CARTESIAN_POINT('',(92.809274,-108.150109,0.71));
#1367 = DIRECTION('',(0.,0.,1.));
#1368 = DIRECTION('',(1.,0.,-0.));
#1369 = CYLINDRICAL_SURFACE('',#1370,0.137255);
#1370 = AXIS2_PLACEMENT_3D('',#1371,#1372,#1373);
#1371 = CARTESIAN_POINT('',(92.809274,-108.150109,0.71));
#1372 = DIRECTION('',(-0.,-0.,-1.));
#1373 = DIRECTION('',(1.,0.,-0.));
#1374 = ADVANCED_FACE('',(#1375,#1383),#1386,.F.);
#1375 = FACE_BOUND('',#1376,.T.);
#1376 = EDGE_LOOP('',(#1377,#1378,#1379,#1380,#1381,#1382));
#1377 = ORIENTED_EDGE('',*,*,#1181,.T.);
#1378 = ORIENTED_EDGE('',*,*,#1213,.T.);
#1379 = ORIENTED_EDGE('',*,*,#1245,.T.);
#1380 = ORIENTED_EDGE('',*,*,#1276,.T.);
#1381 = ORIENTED_EDGE('',*,*,#1308,.T.);
#1382 = ORIENTED_EDGE('',*,*,#1331,.T.);
#1383 = FACE_BOUND('',#1384,.T.);
#1384 = EDGE_LOOP('',(#1385));
#1385 = ORIENTED_EDGE('',*,*,#1363,.T.);
#1386 = PLANE('',#1387);
#1387 = AXIS2_PLACEMENT_3D('',#1388,#1389,#1390);
#1388 = CARTESIAN_POINT('',(0.,0.,0.71));
#1389 = DIRECTION('',(0.,0.,1.));
#1390 = DIRECTION('',(1.,0.,-0.));
#1391 = ADVANCED_FACE('',(#1392,#1400),#1403,.T.);
#1392 = FACE_BOUND('',#1393,.F.);
#1393 = EDGE_LOOP('',(#1394,#1395,#1396,#1397,#1398,#1399));
#1394 = ORIENTED_EDGE('',*,*,#1165,.T.);
#1395 = ORIENTED_EDGE('',*,*,#1196,.T.);
#1396 = ORIENTED_EDGE('',*,*,#1229,.T.);
#1397 = ORIENTED_EDGE('',*,*,#1260,.T.);
#1398 = ORIENTED_EDGE('',*,*,#1291,.T.);
#1399 = ORIENTED_EDGE('',*,*,#1324,.T.);
#1400 = FACE_BOUND('',#1401,.F.);
#1401 = EDGE_LOOP('',(#1402));
#1402 = ORIENTED_EDGE('',*,*,#1355,.T.);
#1403 = PLANE('',#1404);
#1404 = AXIS2_PLACEMENT_3D('',#1405,#1406,#1407);
#1405 = CARTESIAN_POINT('',(0.,0.,0.745));
#1406 = DIRECTION('',(0.,0.,1.));
#1407 = DIRECTION('',(1.,0.,-0.));
#1408 = MANIFOLD_SOLID_BREP('',#1409);
#1409 = CLOSED_SHELL('',(#1410,#1452,#1483,#1514,#1547,#1569,#1602,#1618
    ));
#1410 = ADVANCED_FACE('',(#1411),#1447,.T.);
#1411 = FACE_BOUND('',#1412,.T.);
#1412 = EDGE_LOOP('',(#1413,#1423,#1432,#1440));
#1413 = ORIENTED_EDGE('',*,*,#1414,.T.);
#1414 = EDGE_CURVE('',#1415,#1417,#1419,.T.);
#1415 = VERTEX_POINT('',#1416);
#1416 = CARTESIAN_POINT('',(96.212379,-108.836738,0.71));
#1417 = VERTEX_POINT('',#1418);
#1418 = CARTESIAN_POINT('',(96.212379,-108.836738,0.745));
#1419 = LINE('',#1420,#1421);
#1420 = CARTESIAN_POINT('',(96.212379,-108.836738,0.71));
#1421 = VECTOR('',#1422,1.);
#1422 = DIRECTION('',(0.,0.,1.));
#1423 = ORIENTED_EDGE('',*,*,#1424,.T.);
#1424 = EDGE_CURVE('',#1417,#1425,#1427,.T.);
#1425 = VERTEX_POINT('',#1426);
#1426 = CARTESIAN_POINT('',(95.943743,-108.716697,0.745));
#1427 = CIRCLE('',#1428,0.150000450834);
#1428 = AXIS2_PLACEMENT_3D('',#1429,#1430,#1431);
#1429 = CARTESIAN_POINT('',(96.089999742203,-108.7500001621,0.745));
#1430 = DIRECTION('',(-0.,0.,-1.));
#1431 = DIRECTION('',(0.815859266532,-0.578250514236,-0.));
#1432 = ORIENTED_EDGE('',*,*,#1433,.F.);
#1433 = EDGE_CURVE('',#1434,#1425,#1436,.T.);
#1434 = VERTEX_POINT('',#1435);
#1435 = CARTESIAN_POINT('',(95.943743,-108.716697,0.71));
#1436 = LINE('',#1437,#1438);
#1437 = CARTESIAN_POINT('',(95.943743,-108.716697,0.71));
#1438 = VECTOR('',#1439,1.);
#1439 = DIRECTION('',(0.,0.,1.));
#1440 = ORIENTED_EDGE('',*,*,#1441,.F.);
#1441 = EDGE_CURVE('',#1415,#1434,#1442,.T.);
#1442 = CIRCLE('',#1443,0.150000450834);
#1443 = AXIS2_PLACEMENT_3D('',#1444,#1445,#1446);
#1444 = CARTESIAN_POINT('',(96.089999742203,-108.7500001621,0.71));
#1445 = DIRECTION('',(-0.,0.,-1.));
#1446 = DIRECTION('',(0.815859266532,-0.578250514236,-0.));
#1447 = CYLINDRICAL_SURFACE('',#1448,0.150000450834);
#1448 = AXIS2_PLACEMENT_3D('',#1449,#1450,#1451);
#1449 = CARTESIAN_POINT('',(96.089999742203,-108.7500001621,0.71));
#1450 = DIRECTION('',(-0.,0.,-1.));
#1451 = DIRECTION('',(0.815859266532,-0.578250514236,-0.));
#1452 = ADVANCED_FACE('',(#1453),#1478,.T.);
#1453 = FACE_BOUND('',#1454,.T.);
#1454 = EDGE_LOOP('',(#1455,#1456,#1464,#1472));
#1455 = ORIENTED_EDGE('',*,*,#1433,.T.);
#1456 = ORIENTED_EDGE('',*,*,#1457,.T.);
#1457 = EDGE_CURVE('',#1425,#1458,#1460,.T.);
#1458 = VERTEX_POINT('',#1459);
#1459 = CARTESIAN_POINT('',(96.173923,-108.194523,0.745));
#1460 = LINE('',#1461,#1462);
#1461 = CARTESIAN_POINT('',(95.943743,-108.716697,0.745));
#1462 = VECTOR('',#1463,1.);
#1463 = DIRECTION('',(0.403360189382,0.915041287386,0.));
#1464 = ORIENTED_EDGE('',*,*,#1465,.F.);
#1465 = EDGE_CURVE('',#1466,#1458,#1468,.T.);
#1466 = VERTEX_POINT('',#1467);
#1467 = CARTESIAN_POINT('',(96.173923,-108.194523,0.71));
#1468 = LINE('',#1469,#1470);
#1469 = CARTESIAN_POINT('',(96.173923,-108.194523,0.71));
#1470 = VECTOR('',#1471,1.);
#1471 = DIRECTION('',(0.,0.,1.));
#1472 = ORIENTED_EDGE('',*,*,#1473,.F.);
#1473 = EDGE_CURVE('',#1434,#1466,#1474,.T.);
#1474 = LINE('',#1475,#1476);
#1475 = CARTESIAN_POINT('',(95.943743,-108.716697,0.71));
#1476 = VECTOR('',#1477,1.);
#1477 = DIRECTION('',(0.403360189382,0.915041287386,0.));
#1478 = PLANE('',#1479);
#1479 = AXIS2_PLACEMENT_3D('',#1480,#1481,#1482);
#1480 = CARTESIAN_POINT('',(95.943743,-108.716697,0.71));
#1481 = DIRECTION('',(-0.915041287386,0.403360189382,0.));
#1482 = DIRECTION('',(0.403360189382,0.915041287386,0.));
#1483 = ADVANCED_FACE('',(#1484),#1509,.T.);
#1484 = FACE_BOUND('',#1485,.T.);
#1485 = EDGE_LOOP('',(#1486,#1487,#1495,#1503));
#1486 = ORIENTED_EDGE('',*,*,#1465,.T.);
#1487 = ORIENTED_EDGE('',*,*,#1488,.T.);
#1488 = EDGE_CURVE('',#1458,#1489,#1491,.T.);
#1489 = VERTEX_POINT('',#1490);
#1490 = CARTESIAN_POINT('',(96.139217,-108.134411,0.745));
#1491 = LINE('',#1492,#1493);
#1492 = CARTESIAN_POINT('',(96.173923,-108.194523,0.745));
#1493 = VECTOR('',#1494,1.);
#1494 = DIRECTION('',(-0.500003464318,0.86602340365,0.));
#1495 = ORIENTED_EDGE('',*,*,#1496,.F.);
#1496 = EDGE_CURVE('',#1497,#1489,#1499,.T.);
#1497 = VERTEX_POINT('',#1498);
#1498 = CARTESIAN_POINT('',(96.139217,-108.134411,0.71));
#1499 = LINE('',#1500,#1501);
#1500 = CARTESIAN_POINT('',(96.139217,-108.134411,0.71));
#1501 = VECTOR('',#1502,1.);
#1502 = DIRECTION('',(0.,0.,1.));
#1503 = ORIENTED_EDGE('',*,*,#1504,.F.);
#1504 = EDGE_CURVE('',#1466,#1497,#1505,.T.);
#1505 = LINE('',#1506,#1507);
#1506 = CARTESIAN_POINT('',(96.173923,-108.194523,0.71));
#1507 = VECTOR('',#1508,1.);
#1508 = DIRECTION('',(-0.500003464318,0.86602340365,0.));
#1509 = PLANE('',#1510);
#1510 = AXIS2_PLACEMENT_3D('',#1511,#1512,#1513);
#1511 = CARTESIAN_POINT('',(96.173923,-108.194523,0.71));
#1512 = DIRECTION('',(-0.86602340365,-0.500003464318,0.));
#1513 = DIRECTION('',(-0.500003464318,0.86602340365,0.));
#1514 = ADVANCED_FACE('',(#1515),#1542,.T.);
#1515 = FACE_BOUND('',#1516,.T.);
#1516 = EDGE_LOOP('',(#1517,#1518,#1527,#1535));
#1517 = ORIENTED_EDGE('',*,*,#1496,.T.);
#1518 = ORIENTED_EDGE('',*,*,#1519,.T.);
#1519 = EDGE_CURVE('',#1489,#1520,#1522,.T.);
#1520 = VERTEX_POINT('',#1521);
#1521 = CARTESIAN_POINT('',(96.447766,-108.317039,0.745));
#1522 = CIRCLE('',#1523,0.299178888232);
#1523 = AXIS2_PLACEMENT_3D('',#1524,#1525,#1526);
#1524 = CARTESIAN_POINT('',(96.415491897771,-108.019606,0.745));
#1525 = DIRECTION('',(0.,0.,-1.));
#1526 = DIRECTION('',(-0.923443827886,-0.383733627324,-0.));
#1527 = ORIENTED_EDGE('',*,*,#1528,.F.);
#1528 = EDGE_CURVE('',#1529,#1520,#1531,.T.);
#1529 = VERTEX_POINT('',#1530);
#1530 = CARTESIAN_POINT('',(96.447766,-108.317039,0.71));
#1531 = LINE('',#1532,#1533);
#1532 = CARTESIAN_POINT('',(96.447766,-108.317039,0.71));
#1533 = VECTOR('',#1534,1.);
#1534 = DIRECTION('',(0.,0.,1.));
#1535 = ORIENTED_EDGE('',*,*,#1536,.F.);
#1536 = EDGE_CURVE('',#1497,#1529,#1537,.T.);
#1537 = CIRCLE('',#1538,0.299178888232);
#1538 = AXIS2_PLACEMENT_3D('',#1539,#1540,#1541);
#1539 = CARTESIAN_POINT('',(96.415491897771,-108.019606,0.71));
#1540 = DIRECTION('',(0.,0.,-1.));
#1541 = DIRECTION('',(-0.923443827886,-0.383733627324,-0.));
#1542 = CYLINDRICAL_SURFACE('',#1543,0.299178888232);
#1543 = AXIS2_PLACEMENT_3D('',#1544,#1545,#1546);
#1544 = CARTESIAN_POINT('',(96.415491897771,-108.019606,0.71));
#1545 = DIRECTION('',(0.,0.,-1.));
#1546 = DIRECTION('',(-0.923443827886,-0.383733627324,-0.));
#1547 = ADVANCED_FACE('',(#1548),#1564,.T.);
#1548 = FACE_BOUND('',#1549,.T.);
#1549 = EDGE_LOOP('',(#1550,#1551,#1557,#1558));
#1550 = ORIENTED_EDGE('',*,*,#1528,.T.);
#1551 = ORIENTED_EDGE('',*,*,#1552,.T.);
#1552 = EDGE_CURVE('',#1520,#1417,#1553,.T.);
#1553 = LINE('',#1554,#1555);
#1554 = CARTESIAN_POINT('',(96.447766,-108.317039,0.745));
#1555 = VECTOR('',#1556,1.);
#1556 = DIRECTION('',(-0.412582610942,-0.910920188133,0.));
#1557 = ORIENTED_EDGE('',*,*,#1414,.F.);
#1558 = ORIENTED_EDGE('',*,*,#1559,.F.);
#1559 = EDGE_CURVE('',#1529,#1415,#1560,.T.);
#1560 = LINE('',#1561,#1562);
#1561 = CARTESIAN_POINT('',(96.447766,-108.317039,0.71));
#1562 = VECTOR('',#1563,1.);
#1563 = DIRECTION('',(-0.412582610942,-0.910920188133,0.));
#1564 = PLANE('',#1565);
#1565 = AXIS2_PLACEMENT_3D('',#1566,#1567,#1568);
#1566 = CARTESIAN_POINT('',(96.447766,-108.317039,0.71));
#1567 = DIRECTION('',(0.910920188133,-0.412582610942,0.));
#1568 = DIRECTION('',(-0.412582610942,-0.910920188133,0.));
#1569 = ADVANCED_FACE('',(#1570),#1597,.F.);
#1570 = FACE_BOUND('',#1571,.T.);
#1571 = EDGE_LOOP('',(#1572,#1582,#1589,#1590));
#1572 = ORIENTED_EDGE('',*,*,#1573,.T.);
#1573 = EDGE_CURVE('',#1574,#1576,#1578,.T.);
#1574 = VERTEX_POINT('',#1575);
#1575 = CARTESIAN_POINT('',(96.553636,-108.019606,0.71));
#1576 = VERTEX_POINT('',#1577);
#1577 = CARTESIAN_POINT('',(96.553636,-108.019606,0.745));
#1578 = LINE('',#1579,#1580);
#1579 = CARTESIAN_POINT('',(96.553636,-108.019606,0.71));
#1580 = VECTOR('',#1581,1.);
#1581 = DIRECTION('',(0.,0.,1.));
#1582 = ORIENTED_EDGE('',*,*,#1583,.T.);
#1583 = EDGE_CURVE('',#1576,#1576,#1584,.T.);
#1584 = CIRCLE('',#1585,0.137255);
#1585 = AXIS2_PLACEMENT_3D('',#1586,#1587,#1588);
#1586 = CARTESIAN_POINT('',(96.416381,-108.019606,0.745));
#1587 = DIRECTION('',(0.,0.,1.));
#1588 = DIRECTION('',(1.,0.,-0.));
#1589 = ORIENTED_EDGE('',*,*,#1573,.F.);
#1590 = ORIENTED_EDGE('',*,*,#1591,.F.);
#1591 = EDGE_CURVE('',#1574,#1574,#1592,.T.);
#1592 = CIRCLE('',#1593,0.137255);
#1593 = AXIS2_PLACEMENT_3D('',#1594,#1595,#1596);
#1594 = CARTESIAN_POINT('',(96.416381,-108.019606,0.71));
#1595 = DIRECTION('',(0.,0.,1.));
#1596 = DIRECTION('',(1.,0.,-0.));
#1597 = CYLINDRICAL_SURFACE('',#1598,0.137255);
#1598 = AXIS2_PLACEMENT_3D('',#1599,#1600,#1601);
#1599 = CARTESIAN_POINT('',(96.416381,-108.019606,0.71));
#1600 = DIRECTION('',(-0.,-0.,-1.));
#1601 = DIRECTION('',(1.,0.,-0.));
#1602 = ADVANCED_FACE('',(#1603,#1610),#1613,.F.);
#1603 = FACE_BOUND('',#1604,.T.);
#1604 = EDGE_LOOP('',(#1605,#1606,#1607,#1608,#1609));
#1605 = ORIENTED_EDGE('',*,*,#1441,.T.);
#1606 = ORIENTED_EDGE('',*,*,#1473,.T.);
#1607 = ORIENTED_EDGE('',*,*,#1504,.T.);
#1608 = ORIENTED_EDGE('',*,*,#1536,.T.);
#1609 = ORIENTED_EDGE('',*,*,#1559,.T.);
#1610 = FACE_BOUND('',#1611,.T.);
#1611 = EDGE_LOOP('',(#1612));
#1612 = ORIENTED_EDGE('',*,*,#1591,.T.);
#1613 = PLANE('',#1614);
#1614 = AXIS2_PLACEMENT_3D('',#1615,#1616,#1617);
#1615 = CARTESIAN_POINT('',(0.,0.,0.71));
#1616 = DIRECTION('',(0.,0.,1.));
#1617 = DIRECTION('',(1.,0.,-0.));
#1618 = ADVANCED_FACE('',(#1619,#1626),#1629,.T.);
#1619 = FACE_BOUND('',#1620,.F.);
#1620 = EDGE_LOOP('',(#1621,#1622,#1623,#1624,#1625));
#1621 = ORIENTED_EDGE('',*,*,#1424,.T.);
#1622 = ORIENTED_EDGE('',*,*,#1457,.T.);
#1623 = ORIENTED_EDGE('',*,*,#1488,.T.);
#1624 = ORIENTED_EDGE('',*,*,#1519,.T.);
#1625 = ORIENTED_EDGE('',*,*,#1552,.T.);
#1626 = FACE_BOUND('',#1627,.F.);
#1627 = EDGE_LOOP('',(#1628));
#1628 = ORIENTED_EDGE('',*,*,#1583,.T.);
#1629 = PLANE('',#1630);
#1630 = AXIS2_PLACEMENT_3D('',#1631,#1632,#1633);
#1631 = CARTESIAN_POINT('',(0.,0.,0.745));
#1632 = DIRECTION('',(0.,0.,1.));
#1633 = DIRECTION('',(1.,0.,-0.));
#1634 = MANIFOLD_SOLID_BREP('',#1635);
#1635 = CLOSED_SHELL('',(#1636,#1676,#1709,#1740,#1771,#1804,#1826,#1859
    ,#1876));
#1636 = ADVANCED_FACE('',(#1637),#1671,.T.);
#1637 = FACE_BOUND('',#1638,.T.);
#1638 = EDGE_LOOP('',(#1639,#1649,#1657,#1665));
#1639 = ORIENTED_EDGE('',*,*,#1640,.T.);
#1640 = EDGE_CURVE('',#1641,#1643,#1645,.T.);
#1641 = VERTEX_POINT('',#1642);
#1642 = CARTESIAN_POINT('',(99.456844,-99.85,0.71));
#1643 = VERTEX_POINT('',#1644);
#1644 = CARTESIAN_POINT('',(99.456844,-99.85,0.745));
#1645 = LINE('',#1646,#1647);
#1646 = CARTESIAN_POINT('',(99.456844,-99.85,0.71));
#1647 = VECTOR('',#1648,1.);
#1648 = DIRECTION('',(0.,0.,1.));
#1649 = ORIENTED_EDGE('',*,*,#1650,.T.);
#1650 = EDGE_CURVE('',#1643,#1651,#1653,.T.);
#1651 = VERTEX_POINT('',#1652);
#1652 = CARTESIAN_POINT('',(100.029264,-99.852882,0.745));
#1653 = LINE('',#1654,#1655);
#1654 = CARTESIAN_POINT('',(99.456844,-99.85,0.745));
#1655 = VECTOR('',#1656,1.);
#1656 = DIRECTION('',(0.999987325813,-5.034700871726E-03,0.));
#1657 = ORIENTED_EDGE('',*,*,#1658,.F.);
#1658 = EDGE_CURVE('',#1659,#1651,#1661,.T.);
#1659 = VERTEX_POINT('',#1660);
#1660 = CARTESIAN_POINT('',(100.029264,-99.852882,0.71));
#1661 = LINE('',#1662,#1663);
#1662 = CARTESIAN_POINT('',(100.029264,-99.852882,0.71));
#1663 = VECTOR('',#1664,1.);
#1664 = DIRECTION('',(0.,0.,1.));
#1665 = ORIENTED_EDGE('',*,*,#1666,.F.);
#1666 = EDGE_CURVE('',#1641,#1659,#1667,.T.);
#1667 = LINE('',#1668,#1669);
#1668 = CARTESIAN_POINT('',(99.456844,-99.85,0.71));
#1669 = VECTOR('',#1670,1.);
#1670 = DIRECTION('',(0.999987325813,-5.034700871726E-03,0.));
#1671 = PLANE('',#1672);
#1672 = AXIS2_PLACEMENT_3D('',#1673,#1674,#1675);
#1673 = CARTESIAN_POINT('',(99.456844,-99.85,0.71));
#1674 = DIRECTION('',(5.034700871726E-03,0.999987325813,-0.));
#1675 = DIRECTION('',(0.999987325813,-5.034700871726E-03,0.));
#1676 = ADVANCED_FACE('',(#1677),#1704,.T.);
#1677 = FACE_BOUND('',#1678,.T.);
#1678 = EDGE_LOOP('',(#1679,#1680,#1689,#1697));
#1679 = ORIENTED_EDGE('',*,*,#1658,.T.);
#1680 = ORIENTED_EDGE('',*,*,#1681,.T.);
#1681 = EDGE_CURVE('',#1651,#1682,#1684,.T.);
#1682 = VERTEX_POINT('',#1683);
#1683 = CARTESIAN_POINT('',(100.029264,-100.147118,0.745));
#1684 = CIRCLE('',#1685,0.150000292066);
#1685 = AXIS2_PLACEMENT_3D('',#1686,#1687,#1688);
#1686 = CARTESIAN_POINT('',(100.,-100.,0.745));
#1687 = DIRECTION('',(0.,0.,-1.));
#1688 = DIRECTION('',(0.195092953466,0.980784756972,0.));
#1689 = ORIENTED_EDGE('',*,*,#1690,.F.);
#1690 = EDGE_CURVE('',#1691,#1682,#1693,.T.);
#1691 = VERTEX_POINT('',#1692);
#1692 = CARTESIAN_POINT('',(100.029264,-100.147118,0.71));
#1693 = LINE('',#1694,#1695);
#1694 = CARTESIAN_POINT('',(100.029264,-100.147118,0.71));
#1695 = VECTOR('',#1696,1.);
#1696 = DIRECTION('',(0.,0.,1.));
#1697 = ORIENTED_EDGE('',*,*,#1698,.F.);
#1698 = EDGE_CURVE('',#1659,#1691,#1699,.T.);
#1699 = CIRCLE('',#1700,0.150000292066);
#1700 = AXIS2_PLACEMENT_3D('',#1701,#1702,#1703);
#1701 = CARTESIAN_POINT('',(100.,-100.,0.71));
#1702 = DIRECTION('',(0.,0.,-1.));
#1703 = DIRECTION('',(0.195092953466,0.980784756972,0.));
#1704 = CYLINDRICAL_SURFACE('',#1705,0.150000292066);
#1705 = AXIS2_PLACEMENT_3D('',#1706,#1707,#1708);
#1706 = CARTESIAN_POINT('',(100.,-100.,0.71));
#1707 = DIRECTION('',(0.,0.,-1.));
#1708 = DIRECTION('',(0.195092953466,0.980784756972,0.));
#1709 = ADVANCED_FACE('',(#1710),#1735,.T.);
#1710 = FACE_BOUND('',#1711,.T.);
#1711 = EDGE_LOOP('',(#1712,#1713,#1721,#1729));
#1712 = ORIENTED_EDGE('',*,*,#1690,.T.);
#1713 = ORIENTED_EDGE('',*,*,#1714,.T.);
#1714 = EDGE_CURVE('',#1682,#1715,#1717,.T.);
#1715 = VERTEX_POINT('',#1716);
#1716 = CARTESIAN_POINT('',(99.456844,-100.15,0.745));
#1717 = LINE('',#1718,#1719);
#1718 = CARTESIAN_POINT('',(100.029264,-100.147118,0.745));
#1719 = VECTOR('',#1720,1.);
#1720 = DIRECTION('',(-0.999987325813,-5.034700871726E-03,0.));
#1721 = ORIENTED_EDGE('',*,*,#1722,.F.);
#1722 = EDGE_CURVE('',#1723,#1715,#1725,.T.);
#1723 = VERTEX_POINT('',#1724);
#1724 = CARTESIAN_POINT('',(99.456844,-100.15,0.71));
#1725 = LINE('',#1726,#1727);
#1726 = CARTESIAN_POINT('',(99.456844,-100.15,0.71));
#1727 = VECTOR('',#1728,1.);
#1728 = DIRECTION('',(0.,0.,1.));
#1729 = ORIENTED_EDGE('',*,*,#1730,.F.);
#1730 = EDGE_CURVE('',#1691,#1723,#1731,.T.);
#1731 = LINE('',#1732,#1733);
#1732 = CARTESIAN_POINT('',(100.029264,-100.147118,0.71));
#1733 = VECTOR('',#1734,1.);
#1734 = DIRECTION('',(-0.999987325813,-5.034700871726E-03,0.));
#1735 = PLANE('',#1736);
#1736 = AXIS2_PLACEMENT_3D('',#1737,#1738,#1739);
#1737 = CARTESIAN_POINT('',(100.029264,-100.147118,0.71));
#1738 = DIRECTION('',(5.034700871726E-03,-0.999987325813,0.));
#1739 = DIRECTION('',(-0.999987325813,-5.034700871726E-03,0.));
#1740 = ADVANCED_FACE('',(#1741),#1766,.T.);
#1741 = FACE_BOUND('',#1742,.T.);
#1742 = EDGE_LOOP('',(#1743,#1744,#1752,#1760));
#1743 = ORIENTED_EDGE('',*,*,#1722,.T.);
#1744 = ORIENTED_EDGE('',*,*,#1745,.T.);
#1745 = EDGE_CURVE('',#1715,#1746,#1748,.T.);
#1746 = VERTEX_POINT('',#1747);
#1747 = CARTESIAN_POINT('',(99.438006,-100.182628,0.745));
#1748 = LINE('',#1749,#1750);
#1749 = CARTESIAN_POINT('',(99.456844,-100.15,0.745));
#1750 = VECTOR('',#1751,1.);
#1751 = DIRECTION('',(-0.500004288242,-0.866022927952,0.));
#1752 = ORIENTED_EDGE('',*,*,#1753,.F.);
#1753 = EDGE_CURVE('',#1754,#1746,#1756,.T.);
#1754 = VERTEX_POINT('',#1755);
#1755 = CARTESIAN_POINT('',(99.438006,-100.182628,0.71));
#1756 = LINE('',#1757,#1758);
#1757 = CARTESIAN_POINT('',(99.438006,-100.182628,0.71));
#1758 = VECTOR('',#1759,1.);
#1759 = DIRECTION('',(0.,0.,1.));
#1760 = ORIENTED_EDGE('',*,*,#1761,.F.);
#1761 = EDGE_CURVE('',#1723,#1754,#1762,.T.);
#1762 = LINE('',#1763,#1764);
#1763 = CARTESIAN_POINT('',(99.456844,-100.15,0.71));
#1764 = VECTOR('',#1765,1.);
#1765 = DIRECTION('',(-0.500004288242,-0.866022927952,0.));
#1766 = PLANE('',#1767);
#1767 = AXIS2_PLACEMENT_3D('',#1768,#1769,#1770);
#1768 = CARTESIAN_POINT('',(99.456844,-100.15,0.71));
#1769 = DIRECTION('',(0.866022927952,-0.500004288242,0.));
#1770 = DIRECTION('',(-0.500004288242,-0.866022927952,0.));
#1771 = ADVANCED_FACE('',(#1772),#1799,.T.);
#1772 = FACE_BOUND('',#1773,.T.);
#1773 = EDGE_LOOP('',(#1774,#1775,#1784,#1792));
#1774 = ORIENTED_EDGE('',*,*,#1753,.T.);
#1775 = ORIENTED_EDGE('',*,*,#1776,.T.);
#1776 = EDGE_CURVE('',#1746,#1777,#1779,.T.);
#1777 = VERTEX_POINT('',#1778);
#1778 = CARTESIAN_POINT('',(99.438006,-99.817372,0.745));
#1779 = CIRCLE('',#1780,0.299999737367);
#1780 = AXIS2_PLACEMENT_3D('',#1781,#1782,#1783);
#1781 = CARTESIAN_POINT('',(99.2,-100.,0.745));
#1782 = DIRECTION('',(0.,0.,-1.));
#1783 = DIRECTION('',(0.793354027871,-0.608760532936,0.));
#1784 = ORIENTED_EDGE('',*,*,#1785,.F.);
#1785 = EDGE_CURVE('',#1786,#1777,#1788,.T.);
#1786 = VERTEX_POINT('',#1787);
#1787 = CARTESIAN_POINT('',(99.438006,-99.817372,0.71));
#1788 = LINE('',#1789,#1790);
#1789 = CARTESIAN_POINT('',(99.438006,-99.817372,0.71));
#1790 = VECTOR('',#1791,1.);
#1791 = DIRECTION('',(0.,0.,1.));
#1792 = ORIENTED_EDGE('',*,*,#1793,.F.);
#1793 = EDGE_CURVE('',#1754,#1786,#1794,.T.);
#1794 = CIRCLE('',#1795,0.299999737367);
#1795 = AXIS2_PLACEMENT_3D('',#1796,#1797,#1798);
#1796 = CARTESIAN_POINT('',(99.2,-100.,0.71));
#1797 = DIRECTION('',(0.,0.,-1.));
#1798 = DIRECTION('',(0.793354027871,-0.608760532936,0.));
#1799 = CYLINDRICAL_SURFACE('',#1800,0.299999737367);
#1800 = AXIS2_PLACEMENT_3D('',#1801,#1802,#1803);
#1801 = CARTESIAN_POINT('',(99.2,-100.,0.71));
#1802 = DIRECTION('',(0.,0.,-1.));
#1803 = DIRECTION('',(0.793354027871,-0.608760532936,0.));
#1804 = ADVANCED_FACE('',(#1805),#1821,.T.);
#1805 = FACE_BOUND('',#1806,.T.);
#1806 = EDGE_LOOP('',(#1807,#1808,#1814,#1815));
#1807 = ORIENTED_EDGE('',*,*,#1785,.T.);
#1808 = ORIENTED_EDGE('',*,*,#1809,.T.);
#1809 = EDGE_CURVE('',#1777,#1643,#1810,.T.);
#1810 = LINE('',#1811,#1812);
#1811 = CARTESIAN_POINT('',(99.438006,-99.817372,0.745));
#1812 = VECTOR('',#1813,1.);
#1813 = DIRECTION('',(0.500004288242,-0.866022927952,0.));
#1814 = ORIENTED_EDGE('',*,*,#1640,.F.);
#1815 = ORIENTED_EDGE('',*,*,#1816,.F.);
#1816 = EDGE_CURVE('',#1786,#1641,#1817,.T.);
#1817 = LINE('',#1818,#1819);
#1818 = CARTESIAN_POINT('',(99.438006,-99.817372,0.71));
#1819 = VECTOR('',#1820,1.);
#1820 = DIRECTION('',(0.500004288242,-0.866022927952,0.));
#1821 = PLANE('',#1822);
#1822 = AXIS2_PLACEMENT_3D('',#1823,#1824,#1825);
#1823 = CARTESIAN_POINT('',(99.438006,-99.817372,0.71));
#1824 = DIRECTION('',(0.866022927952,0.500004288242,-0.));
#1825 = DIRECTION('',(0.500004288242,-0.866022927952,0.));
#1826 = ADVANCED_FACE('',(#1827),#1854,.F.);
#1827 = FACE_BOUND('',#1828,.T.);
#1828 = EDGE_LOOP('',(#1829,#1839,#1846,#1847));
#1829 = ORIENTED_EDGE('',*,*,#1830,.T.);
#1830 = EDGE_CURVE('',#1831,#1833,#1835,.T.);
#1831 = VERTEX_POINT('',#1832);
#1832 = CARTESIAN_POINT('',(99.337255,-100.,0.71));
#1833 = VERTEX_POINT('',#1834);
#1834 = CARTESIAN_POINT('',(99.337255,-100.,0.745));
#1835 = LINE('',#1836,#1837);
#1836 = CARTESIAN_POINT('',(99.337255,-100.,0.71));
#1837 = VECTOR('',#1838,1.);
#1838 = DIRECTION('',(0.,0.,1.));
#1839 = ORIENTED_EDGE('',*,*,#1840,.T.);
#1840 = EDGE_CURVE('',#1833,#1833,#1841,.T.);
#1841 = CIRCLE('',#1842,0.137255);
#1842 = AXIS2_PLACEMENT_3D('',#1843,#1844,#1845);
#1843 = CARTESIAN_POINT('',(99.2,-100.,0.745));
#1844 = DIRECTION('',(0.,0.,1.));
#1845 = DIRECTION('',(1.,0.,-0.));
#1846 = ORIENTED_EDGE('',*,*,#1830,.F.);
#1847 = ORIENTED_EDGE('',*,*,#1848,.F.);
#1848 = EDGE_CURVE('',#1831,#1831,#1849,.T.);
#1849 = CIRCLE('',#1850,0.137255);
#1850 = AXIS2_PLACEMENT_3D('',#1851,#1852,#1853);
#1851 = CARTESIAN_POINT('',(99.2,-100.,0.71));
#1852 = DIRECTION('',(0.,0.,1.));
#1853 = DIRECTION('',(1.,0.,-0.));
#1854 = CYLINDRICAL_SURFACE('',#1855,0.137255);
#1855 = AXIS2_PLACEMENT_3D('',#1856,#1857,#1858);
#1856 = CARTESIAN_POINT('',(99.2,-100.,0.71));
#1857 = DIRECTION('',(-0.,-0.,-1.));
#1858 = DIRECTION('',(1.,0.,-0.));
#1859 = ADVANCED_FACE('',(#1860,#1868),#1871,.F.);
#1860 = FACE_BOUND('',#1861,.T.);
#1861 = EDGE_LOOP('',(#1862,#1863,#1864,#1865,#1866,#1867));
#1862 = ORIENTED_EDGE('',*,*,#1666,.T.);
#1863 = ORIENTED_EDGE('',*,*,#1698,.T.);
#1864 = ORIENTED_EDGE('',*,*,#1730,.T.);
#1865 = ORIENTED_EDGE('',*,*,#1761,.T.);
#1866 = ORIENTED_EDGE('',*,*,#1793,.T.);
#1867 = ORIENTED_EDGE('',*,*,#1816,.T.);
#1868 = FACE_BOUND('',#1869,.T.);
#1869 = EDGE_LOOP('',(#1870));
#1870 = ORIENTED_EDGE('',*,*,#1848,.T.);
#1871 = PLANE('',#1872);
#1872 = AXIS2_PLACEMENT_3D('',#1873,#1874,#1875);
#1873 = CARTESIAN_POINT('',(0.,0.,0.71));
#1874 = DIRECTION('',(0.,0.,1.));
#1875 = DIRECTION('',(1.,0.,-0.));
#1876 = ADVANCED_FACE('',(#1877,#1885),#1888,.T.);
#1877 = FACE_BOUND('',#1878,.F.);
#1878 = EDGE_LOOP('',(#1879,#1880,#1881,#1882,#1883,#1884));
#1879 = ORIENTED_EDGE('',*,*,#1650,.T.);
#1880 = ORIENTED_EDGE('',*,*,#1681,.T.);
#1881 = ORIENTED_EDGE('',*,*,#1714,.T.);
#1882 = ORIENTED_EDGE('',*,*,#1745,.T.);
#1883 = ORIENTED_EDGE('',*,*,#1776,.T.);
#1884 = ORIENTED_EDGE('',*,*,#1809,.T.);
#1885 = FACE_BOUND('',#1886,.F.);
#1886 = EDGE_LOOP('',(#1887));
#1887 = ORIENTED_EDGE('',*,*,#1840,.T.);
#1888 = PLANE('',#1889);
#1889 = AXIS2_PLACEMENT_3D('',#1890,#1891,#1892);
#1890 = CARTESIAN_POINT('',(0.,0.,0.745));
#1891 = DIRECTION('',(0.,0.,1.));
#1892 = DIRECTION('',(1.,0.,-0.));
#1893 = MANIFOLD_SOLID_BREP('',#1894);
#1894 = CLOSED_SHELL('',(#1895,#1937,#1968,#2001,#2032,#2065,#2087,#2120
    ,#2137));
#1895 = ADVANCED_FACE('',(#1896),#1932,.T.);
#1896 = FACE_BOUND('',#1897,.T.);
#1897 = EDGE_LOOP('',(#1898,#1908,#1917,#1925));
#1898 = ORIENTED_EDGE('',*,*,#1899,.T.);
#1899 = EDGE_CURVE('',#1900,#1902,#1904,.T.);
#1900 = VERTEX_POINT('',#1901);
#1901 = CARTESIAN_POINT('',(93.991783,-91.596519,0.71));
#1902 = VERTEX_POINT('',#1903);
#1903 = CARTESIAN_POINT('',(93.991783,-91.596519,0.745));
#1904 = LINE('',#1905,#1906);
#1905 = CARTESIAN_POINT('',(93.991783,-91.596519,0.71));
#1906 = VECTOR('',#1907,1.);
#1907 = DIRECTION('',(0.,0.,1.));
#1908 = ORIENTED_EDGE('',*,*,#1909,.T.);
#1909 = EDGE_CURVE('',#1902,#1910,#1912,.T.);
#1910 = VERTEX_POINT('',#1911);
#1911 = CARTESIAN_POINT('',(94.207312,-91.655946,0.745));
#1912 = CIRCLE('',#1913,0.292111463745);
#1913 = AXIS2_PLACEMENT_3D('',#1914,#1915,#1916);
#1914 = CARTESIAN_POINT('',(94.0278125,-91.88639997968,0.745));
#1915 = DIRECTION('',(0.,0.,-1.));
#1916 = DIRECTION('',(-0.123341616033,0.992364270696,0.));
#1917 = ORIENTED_EDGE('',*,*,#1918,.F.);
#1918 = EDGE_CURVE('',#1919,#1910,#1921,.T.);
#1919 = VERTEX_POINT('',#1920);
#1920 = CARTESIAN_POINT('',(94.207312,-91.655946,0.71));
#1921 = LINE('',#1922,#1923);
#1922 = CARTESIAN_POINT('',(94.207312,-91.655946,0.71));
#1923 = VECTOR('',#1924,1.);
#1924 = DIRECTION('',(0.,0.,1.));
#1925 = ORIENTED_EDGE('',*,*,#1926,.F.);
#1926 = EDGE_CURVE('',#1900,#1919,#1927,.T.);
#1927 = CIRCLE('',#1928,0.292111463745);
#1928 = AXIS2_PLACEMENT_3D('',#1929,#1930,#1931);
#1929 = CARTESIAN_POINT('',(94.0278125,-91.88639997968,0.71));
#1930 = DIRECTION('',(0.,0.,-1.));
#1931 = DIRECTION('',(-0.123341616033,0.992364270696,0.));
#1932 = CYLINDRICAL_SURFACE('',#1933,0.292111463745);
#1933 = AXIS2_PLACEMENT_3D('',#1934,#1935,#1936);
#1934 = CARTESIAN_POINT('',(94.0278125,-91.88639997968,0.71));
#1935 = DIRECTION('',(0.,0.,-1.));
#1936 = DIRECTION('',(-0.123341616033,0.992364270696,0.));
#1937 = ADVANCED_FACE('',(#1938),#1963,.T.);
#1938 = FACE_BOUND('',#1939,.T.);
#1939 = EDGE_LOOP('',(#1940,#1941,#1949,#1957));
#1940 = ORIENTED_EDGE('',*,*,#1918,.T.);
#1941 = ORIENTED_EDGE('',*,*,#1942,.T.);
#1942 = EDGE_CURVE('',#1910,#1943,#1945,.T.);
#1943 = VERTEX_POINT('',#1944);
#1944 = CARTESIAN_POINT('',(94.26269,-91.711324,0.745));
#1945 = LINE('',#1946,#1947);
#1946 = CARTESIAN_POINT('',(94.207312,-91.655946,0.745));
#1947 = VECTOR('',#1948,1.);
#1948 = DIRECTION('',(0.707106781187,-0.707106781187,0.));
#1949 = ORIENTED_EDGE('',*,*,#1950,.F.);
#1950 = EDGE_CURVE('',#1951,#1943,#1953,.T.);
#1951 = VERTEX_POINT('',#1952);
#1952 = CARTESIAN_POINT('',(94.26269,-91.711324,0.71));
#1953 = LINE('',#1954,#1955);
#1954 = CARTESIAN_POINT('',(94.26269,-91.711324,0.71));
#1955 = VECTOR('',#1956,1.);
#1956 = DIRECTION('',(0.,0.,1.));
#1957 = ORIENTED_EDGE('',*,*,#1958,.F.);
#1958 = EDGE_CURVE('',#1919,#1951,#1959,.T.);
#1959 = LINE('',#1960,#1961);
#1960 = CARTESIAN_POINT('',(94.207312,-91.655946,0.71));
#1961 = VECTOR('',#1962,1.);
#1962 = DIRECTION('',(0.707106781187,-0.707106781187,0.));
#1963 = PLANE('',#1964);
#1964 = AXIS2_PLACEMENT_3D('',#1965,#1966,#1967);
#1965 = CARTESIAN_POINT('',(94.207312,-91.655946,0.71));
#1966 = DIRECTION('',(0.707106781187,0.707106781187,-0.));
#1967 = DIRECTION('',(0.707106781187,-0.707106781187,0.));
#1968 = ADVANCED_FACE('',(#1969),#1996,.T.);
#1969 = FACE_BOUND('',#1970,.T.);
#1970 = EDGE_LOOP('',(#1971,#1972,#1981,#1989));
#1971 = ORIENTED_EDGE('',*,*,#1950,.T.);
#1972 = ORIENTED_EDGE('',*,*,#1973,.T.);
#1973 = EDGE_CURVE('',#1943,#1974,#1976,.T.);
#1974 = VERTEX_POINT('',#1975);
#1975 = CARTESIAN_POINT('',(93.750237,-91.774439,0.745));
#1976 = CIRCLE('',#1977,0.299779947047);
#1977 = AXIS2_PLACEMENT_3D('',#1978,#1979,#1980);
#1978 = CARTESIAN_POINT('',(94.025090444315,-91.89412024665,0.745));
#1979 = DIRECTION('',(0.,0.,-1.));
#1980 = DIRECTION('',(0.792579884097,0.609768093068,0.));
#1981 = ORIENTED_EDGE('',*,*,#1982,.F.);
#1982 = EDGE_CURVE('',#1983,#1974,#1985,.T.);
#1983 = VERTEX_POINT('',#1984);
#1984 = CARTESIAN_POINT('',(93.750237,-91.774439,0.71));
#1985 = LINE('',#1986,#1987);
#1986 = CARTESIAN_POINT('',(93.750237,-91.774439,0.71));
#1987 = VECTOR('',#1988,1.);
#1988 = DIRECTION('',(0.,0.,1.));
#1989 = ORIENTED_EDGE('',*,*,#1990,.F.);
#1990 = EDGE_CURVE('',#1951,#1983,#1991,.T.);
#1991 = CIRCLE('',#1992,0.299779947047);
#1992 = AXIS2_PLACEMENT_3D('',#1993,#1994,#1995);
#1993 = CARTESIAN_POINT('',(94.025090444315,-91.89412024665,0.71));
#1994 = DIRECTION('',(0.,0.,-1.));
#1995 = DIRECTION('',(0.792579884097,0.609768093068,0.));
#1996 = CYLINDRICAL_SURFACE('',#1997,0.299779947047);
#1997 = AXIS2_PLACEMENT_3D('',#1998,#1999,#2000);
#1998 = CARTESIAN_POINT('',(94.025090444315,-91.89412024665,0.71));
#1999 = DIRECTION('',(0.,0.,-1.));
#2000 = DIRECTION('',(0.792579884097,0.609768093068,0.));
#2001 = ADVANCED_FACE('',(#2002),#2027,.T.);
#2002 = FACE_BOUND('',#2003,.T.);
#2003 = EDGE_LOOP('',(#2004,#2005,#2013,#2021));
#2004 = ORIENTED_EDGE('',*,*,#1982,.T.);
#2005 = ORIENTED_EDGE('',*,*,#2006,.T.);
#2006 = EDGE_CURVE('',#1974,#2007,#2009,.T.);
#2007 = VERTEX_POINT('',#2008);
#2008 = CARTESIAN_POINT('',(93.414215,-91.313737,0.745));
#2009 = LINE('',#2010,#2011);
#2010 = CARTESIAN_POINT('',(93.750237,-91.774439,0.745));
#2011 = VECTOR('',#2012,1.);
#2012 = DIRECTION('',(-0.589279156826,0.807929498985,0.));
#2013 = ORIENTED_EDGE('',*,*,#2014,.F.);
#2014 = EDGE_CURVE('',#2015,#2007,#2017,.T.);
#2015 = VERTEX_POINT('',#2016);
#2016 = CARTESIAN_POINT('',(93.414215,-91.313737,0.71));
#2017 = LINE('',#2018,#2019);
#2018 = CARTESIAN_POINT('',(93.414215,-91.313737,0.71));
#2019 = VECTOR('',#2020,1.);
#2020 = DIRECTION('',(0.,0.,1.));
#2021 = ORIENTED_EDGE('',*,*,#2022,.F.);
#2022 = EDGE_CURVE('',#1983,#2015,#2023,.T.);
#2023 = LINE('',#2024,#2025);
#2024 = CARTESIAN_POINT('',(93.750237,-91.774439,0.71));
#2025 = VECTOR('',#2026,1.);
#2026 = DIRECTION('',(-0.589279156826,0.807929498985,0.));
#2027 = PLANE('',#2028);
#2028 = AXIS2_PLACEMENT_3D('',#2029,#2030,#2031);
#2029 = CARTESIAN_POINT('',(93.750237,-91.774439,0.71));
#2030 = DIRECTION('',(-0.807929498985,-0.589279156826,0.));
#2031 = DIRECTION('',(-0.589279156826,0.807929498985,0.));
#2032 = ADVANCED_FACE('',(#2033),#2060,.T.);
#2033 = FACE_BOUND('',#2034,.T.);
#2034 = EDGE_LOOP('',(#2035,#2036,#2045,#2053));
#2035 = ORIENTED_EDGE('',*,*,#2014,.T.);
#2036 = ORIENTED_EDGE('',*,*,#2037,.T.);
#2037 = EDGE_CURVE('',#2007,#2038,#2040,.T.);
#2038 = VERTEX_POINT('',#2039);
#2039 = CARTESIAN_POINT('',(93.651057,-91.139151,0.745));
#2040 = CIRCLE('',#2041,0.150000021043);
#2041 = AXIS2_PLACEMENT_3D('',#2042,#2043,#2044);
#2042 = CARTESIAN_POINT('',(93.550000181326,-91.25000011236,0.745));
#2043 = DIRECTION('',(0.,0.,-1.));
#2044 = DIRECTION('',(-0.905234415179,-0.424912524616,-0.));
#2045 = ORIENTED_EDGE('',*,*,#2046,.F.);
#2046 = EDGE_CURVE('',#2047,#2038,#2049,.T.);
#2047 = VERTEX_POINT('',#2048);
#2048 = CARTESIAN_POINT('',(93.651057,-91.139151,0.71));
#2049 = LINE('',#2050,#2051);
#2050 = CARTESIAN_POINT('',(93.651057,-91.139151,0.71));
#2051 = VECTOR('',#2052,1.);
#2052 = DIRECTION('',(0.,0.,1.));
#2053 = ORIENTED_EDGE('',*,*,#2054,.F.);
#2054 = EDGE_CURVE('',#2015,#2047,#2055,.T.);
#2055 = CIRCLE('',#2056,0.150000021043);
#2056 = AXIS2_PLACEMENT_3D('',#2057,#2058,#2059);
#2057 = CARTESIAN_POINT('',(93.550000181326,-91.25000011236,0.71));
#2058 = DIRECTION('',(0.,0.,-1.));
#2059 = DIRECTION('',(-0.905234415179,-0.424912524616,-0.));
#2060 = CYLINDRICAL_SURFACE('',#2061,0.150000021043);
#2061 = AXIS2_PLACEMENT_3D('',#2062,#2063,#2064);
#2062 = CARTESIAN_POINT('',(93.550000181326,-91.25000011236,0.71));
#2063 = DIRECTION('',(0.,0.,-1.));
#2064 = DIRECTION('',(-0.905234415179,-0.424912524616,-0.));
#2065 = ADVANCED_FACE('',(#2066),#2082,.T.);
#2066 = FACE_BOUND('',#2067,.T.);
#2067 = EDGE_LOOP('',(#2068,#2069,#2075,#2076));
#2068 = ORIENTED_EDGE('',*,*,#2046,.T.);
#2069 = ORIENTED_EDGE('',*,*,#2070,.T.);
#2070 = EDGE_CURVE('',#2038,#1902,#2071,.T.);
#2071 = LINE('',#2072,#2073);
#2072 = CARTESIAN_POINT('',(93.651057,-91.139151,0.745));
#2073 = VECTOR('',#2074,1.);
#2074 = DIRECTION('',(0.597415929042,-0.80193154803,0.));
#2075 = ORIENTED_EDGE('',*,*,#1899,.F.);
#2076 = ORIENTED_EDGE('',*,*,#2077,.F.);
#2077 = EDGE_CURVE('',#2047,#1900,#2078,.T.);
#2078 = LINE('',#2079,#2080);
#2079 = CARTESIAN_POINT('',(93.651057,-91.139151,0.71));
#2080 = VECTOR('',#2081,1.);
#2081 = DIRECTION('',(0.597415929042,-0.80193154803,0.));
#2082 = PLANE('',#2083);
#2083 = AXIS2_PLACEMENT_3D('',#2084,#2085,#2086);
#2084 = CARTESIAN_POINT('',(93.651057,-91.139151,0.71));
#2085 = DIRECTION('',(0.80193154803,0.597415929042,-0.));
#2086 = DIRECTION('',(0.597415929042,-0.80193154803,0.));
#2087 = ADVANCED_FACE('',(#2088),#2115,.F.);
#2088 = FACE_BOUND('',#2089,.T.);
#2089 = EDGE_LOOP('',(#2090,#2100,#2107,#2108));
#2090 = ORIENTED_EDGE('',*,*,#2091,.T.);
#2091 = EDGE_CURVE('',#2092,#2094,#2096,.T.);
#2092 = VERTEX_POINT('',#2093);
#2093 = CARTESIAN_POINT('',(94.161939,-91.893952,0.71));
#2094 = VERTEX_POINT('',#2095);
#2095 = CARTESIAN_POINT('',(94.161939,-91.893952,0.745));
#2096 = LINE('',#2097,#2098);
#2097 = CARTESIAN_POINT('',(94.161939,-91.893952,0.71));
#2098 = VECTOR('',#2099,1.);
#2099 = DIRECTION('',(0.,0.,1.));
#2100 = ORIENTED_EDGE('',*,*,#2101,.T.);
#2101 = EDGE_CURVE('',#2094,#2094,#2102,.T.);
#2102 = CIRCLE('',#2103,0.137255);
#2103 = AXIS2_PLACEMENT_3D('',#2104,#2105,#2106);
#2104 = CARTESIAN_POINT('',(94.024684,-91.893952,0.745));
#2105 = DIRECTION('',(0.,0.,1.));
#2106 = DIRECTION('',(1.,0.,-0.));
#2107 = ORIENTED_EDGE('',*,*,#2091,.F.);
#2108 = ORIENTED_EDGE('',*,*,#2109,.F.);
#2109 = EDGE_CURVE('',#2092,#2092,#2110,.T.);
#2110 = CIRCLE('',#2111,0.137255);
#2111 = AXIS2_PLACEMENT_3D('',#2112,#2113,#2114);
#2112 = CARTESIAN_POINT('',(94.024684,-91.893952,0.71));
#2113 = DIRECTION('',(0.,0.,1.));
#2114 = DIRECTION('',(1.,0.,-0.));
#2115 = CYLINDRICAL_SURFACE('',#2116,0.137255);
#2116 = AXIS2_PLACEMENT_3D('',#2117,#2118,#2119);
#2117 = CARTESIAN_POINT('',(94.024684,-91.893952,0.71));
#2118 = DIRECTION('',(-0.,-0.,-1.));
#2119 = DIRECTION('',(1.,0.,-0.));
#2120 = ADVANCED_FACE('',(#2121,#2129),#2132,.F.);
#2121 = FACE_BOUND('',#2122,.T.);
#2122 = EDGE_LOOP('',(#2123,#2124,#2125,#2126,#2127,#2128));
#2123 = ORIENTED_EDGE('',*,*,#1926,.T.);
#2124 = ORIENTED_EDGE('',*,*,#1958,.T.);
#2125 = ORIENTED_EDGE('',*,*,#1990,.T.);
#2126 = ORIENTED_EDGE('',*,*,#2022,.T.);
#2127 = ORIENTED_EDGE('',*,*,#2054,.T.);
#2128 = ORIENTED_EDGE('',*,*,#2077,.T.);
#2129 = FACE_BOUND('',#2130,.T.);
#2130 = EDGE_LOOP('',(#2131));
#2131 = ORIENTED_EDGE('',*,*,#2109,.T.);
#2132 = PLANE('',#2133);
#2133 = AXIS2_PLACEMENT_3D('',#2134,#2135,#2136);
#2134 = CARTESIAN_POINT('',(0.,0.,0.71));
#2135 = DIRECTION('',(0.,0.,1.));
#2136 = DIRECTION('',(1.,0.,-0.));
#2137 = ADVANCED_FACE('',(#2138,#2146),#2149,.T.);
#2138 = FACE_BOUND('',#2139,.F.);
#2139 = EDGE_LOOP('',(#2140,#2141,#2142,#2143,#2144,#2145));
#2140 = ORIENTED_EDGE('',*,*,#1909,.T.);
#2141 = ORIENTED_EDGE('',*,*,#1942,.T.);
#2142 = ORIENTED_EDGE('',*,*,#1973,.T.);
#2143 = ORIENTED_EDGE('',*,*,#2006,.T.);
#2144 = ORIENTED_EDGE('',*,*,#2037,.T.);
#2145 = ORIENTED_EDGE('',*,*,#2070,.T.);
#2146 = FACE_BOUND('',#2147,.F.);
#2147 = EDGE_LOOP('',(#2148));
#2148 = ORIENTED_EDGE('',*,*,#2101,.T.);
#2149 = PLANE('',#2150);
#2150 = AXIS2_PLACEMENT_3D('',#2151,#2152,#2153);
#2151 = CARTESIAN_POINT('',(0.,0.,0.745));
#2152 = DIRECTION('',(0.,0.,1.));
#2153 = DIRECTION('',(1.,0.,-0.));
#2154 = MANIFOLD_SOLID_BREP('',#2155);
#2155 = CLOSED_SHELL('',(#2156,#2196,#2229,#2260,#2291,#2324,#2346,#2379
    ,#2396));
#2156 = ADVANCED_FACE('',(#2157),#2191,.T.);
#2157 = FACE_BOUND('',#2158,.T.);
#2158 = EDGE_LOOP('',(#2159,#2169,#2177,#2185));
#2159 = ORIENTED_EDGE('',*,*,#2160,.T.);
#2160 = EDGE_CURVE('',#2161,#2163,#2165,.T.);
#2161 = VERTEX_POINT('',#2162);
#2162 = CARTESIAN_POINT('',(92.75133,-91.55749,0.71));
#2163 = VERTEX_POINT('',#2164);
#2164 = CARTESIAN_POINT('',(92.75133,-91.55749,0.745));
#2165 = LINE('',#2166,#2167);
#2166 = CARTESIAN_POINT('',(92.75133,-91.55749,0.71));
#2167 = VECTOR('',#2168,1.);
#2168 = DIRECTION('',(0.,0.,1.));
#2169 = ORIENTED_EDGE('',*,*,#2170,.T.);
#2170 = EDGE_CURVE('',#2163,#2171,#2173,.T.);
#2171 = VERTEX_POINT('',#2172);
#2172 = CARTESIAN_POINT('',(92.770116,-91.552457,0.745));
#2173 = LINE('',#2174,#2175);
#2174 = CARTESIAN_POINT('',(92.75133,-91.55749,0.745));
#2175 = VECTOR('',#2176,1.);
#2176 = DIRECTION('',(0.96593474065,0.258785773964,0.));
#2177 = ORIENTED_EDGE('',*,*,#2178,.F.);
#2178 = EDGE_CURVE('',#2179,#2171,#2181,.T.);
#2179 = VERTEX_POINT('',#2180);
#2180 = CARTESIAN_POINT('',(92.770116,-91.552457,0.71));
#2181 = LINE('',#2182,#2183);
#2182 = CARTESIAN_POINT('',(92.770116,-91.552457,0.71));
#2183 = VECTOR('',#2184,1.);
#2184 = DIRECTION('',(0.,0.,1.));
#2185 = ORIENTED_EDGE('',*,*,#2186,.F.);
#2186 = EDGE_CURVE('',#2161,#2179,#2187,.T.);
#2187 = LINE('',#2188,#2189);
#2188 = CARTESIAN_POINT('',(92.75133,-91.55749,0.71));
#2189 = VECTOR('',#2190,1.);
#2190 = DIRECTION('',(0.96593474065,0.258785773964,0.));
#2191 = PLANE('',#2192);
#2192 = AXIS2_PLACEMENT_3D('',#2193,#2194,#2195);
#2193 = CARTESIAN_POINT('',(92.75133,-91.55749,0.71));
#2194 = DIRECTION('',(-0.258785773964,0.96593474065,0.));
#2195 = DIRECTION('',(0.96593474065,0.258785773964,0.));
#2196 = ADVANCED_FACE('',(#2197),#2224,.T.);
#2197 = FACE_BOUND('',#2198,.T.);
#2198 = EDGE_LOOP('',(#2199,#2200,#2209,#2217));
#2199 = ORIENTED_EDGE('',*,*,#2178,.T.);
#2200 = ORIENTED_EDGE('',*,*,#2201,.T.);
#2201 = EDGE_CURVE('',#2171,#2202,#2204,.T.);
#2202 = VERTEX_POINT('',#2203);
#2203 = CARTESIAN_POINT('',(92.511841,-91.810732,0.745));
#2204 = CIRCLE('',#2205,0.299999641111);
#2205 = AXIS2_PLACEMENT_3D('',#2206,#2207,#2208);
#2206 = CARTESIAN_POINT('',(92.80927406865,-91.84989006865,0.745));
#2207 = DIRECTION('',(-0.,0.,-1.));
#2208 = DIRECTION('',(-0.130527051649,0.991444748227,0.));
#2209 = ORIENTED_EDGE('',*,*,#2210,.F.);
#2210 = EDGE_CURVE('',#2211,#2202,#2213,.T.);
#2211 = VERTEX_POINT('',#2212);
#2212 = CARTESIAN_POINT('',(92.511841,-91.810732,0.71));
#2213 = LINE('',#2214,#2215);
#2214 = CARTESIAN_POINT('',(92.511841,-91.810732,0.71));
#2215 = VECTOR('',#2216,1.);
#2216 = DIRECTION('',(0.,0.,1.));
#2217 = ORIENTED_EDGE('',*,*,#2218,.F.);
#2218 = EDGE_CURVE('',#2179,#2211,#2219,.T.);
#2219 = CIRCLE('',#2220,0.299999641111);
#2220 = AXIS2_PLACEMENT_3D('',#2221,#2222,#2223);
#2221 = CARTESIAN_POINT('',(92.80927406865,-91.84989006865,0.71));
#2222 = DIRECTION('',(-0.,0.,-1.));
#2223 = DIRECTION('',(-0.130527051649,0.991444748227,0.));
#2224 = CYLINDRICAL_SURFACE('',#2225,0.299999641111);
#2225 = AXIS2_PLACEMENT_3D('',#2226,#2227,#2228);
#2226 = CARTESIAN_POINT('',(92.80927406865,-91.84989006865,0.71));
#2227 = DIRECTION('',(-0.,0.,-1.));
#2228 = DIRECTION('',(-0.130527051649,0.991444748227,0.));
#2229 = ADVANCED_FACE('',(#2230),#2255,.T.);
#2230 = FACE_BOUND('',#2231,.T.);
#2231 = EDGE_LOOP('',(#2232,#2233,#2241,#2249));
#2232 = ORIENTED_EDGE('',*,*,#2210,.T.);
#2233 = ORIENTED_EDGE('',*,*,#2234,.T.);
#2234 = EDGE_CURVE('',#2202,#2235,#2237,.T.);
#2235 = VERTEX_POINT('',#2236);
#2236 = CARTESIAN_POINT('',(92.526481,-91.756092,0.745));
#2237 = LINE('',#2238,#2239);
#2238 = CARTESIAN_POINT('',(92.511841,-91.810732,0.745));
#2239 = VECTOR('',#2240,1.);
#2240 = DIRECTION('',(0.258806775726,0.965929113775,0.));
#2241 = ORIENTED_EDGE('',*,*,#2242,.F.);
#2242 = EDGE_CURVE('',#2243,#2235,#2245,.T.);
#2243 = VERTEX_POINT('',#2244);
#2244 = CARTESIAN_POINT('',(92.526481,-91.756092,0.71));
#2245 = LINE('',#2246,#2247);
#2246 = CARTESIAN_POINT('',(92.526481,-91.756092,0.71));
#2247 = VECTOR('',#2248,1.);
#2248 = DIRECTION('',(0.,0.,1.));
#2249 = ORIENTED_EDGE('',*,*,#2250,.F.);
#2250 = EDGE_CURVE('',#2211,#2243,#2251,.T.);
#2251 = LINE('',#2252,#2253);
#2252 = CARTESIAN_POINT('',(92.511841,-91.810732,0.71));
#2253 = VECTOR('',#2254,1.);
#2254 = DIRECTION('',(0.258806775726,0.965929113775,0.));
#2255 = PLANE('',#2256);
#2256 = AXIS2_PLACEMENT_3D('',#2257,#2258,#2259);
#2257 = CARTESIAN_POINT('',(92.511841,-91.810732,0.71));
#2258 = DIRECTION('',(-0.965929113775,0.258806775726,0.));
#2259 = DIRECTION('',(0.258806775726,0.965929113775,0.));
#2260 = ADVANCED_FACE('',(#2261),#2286,.T.);
#2261 = FACE_BOUND('',#2262,.T.);
#2262 = EDGE_LOOP('',(#2263,#2264,#2272,#2280));
#2263 = ORIENTED_EDGE('',*,*,#2242,.T.);
#2264 = ORIENTED_EDGE('',*,*,#2265,.T.);
#2265 = EDGE_CURVE('',#2235,#2266,#2268,.T.);
#2266 = VERTEX_POINT('',#2267);
#2267 = CARTESIAN_POINT('',(92.150321,-91.325388,0.745));
#2268 = LINE('',#2269,#2270);
#2269 = CARTESIAN_POINT('',(92.526481,-91.756092,0.745));
#2270 = VECTOR('',#2271,1.);
#2271 = DIRECTION('',(-0.657805076258,0.753188211305,0.));
#2272 = ORIENTED_EDGE('',*,*,#2273,.F.);
#2273 = EDGE_CURVE('',#2274,#2266,#2276,.T.);
#2274 = VERTEX_POINT('',#2275);
#2275 = CARTESIAN_POINT('',(92.150321,-91.325388,0.71));
#2276 = LINE('',#2277,#2278);
#2277 = CARTESIAN_POINT('',(92.150321,-91.325388,0.71));
#2278 = VECTOR('',#2279,1.);
#2279 = DIRECTION('',(0.,0.,1.));
#2280 = ORIENTED_EDGE('',*,*,#2281,.F.);
#2281 = EDGE_CURVE('',#2243,#2274,#2282,.T.);
#2282 = LINE('',#2283,#2284);
#2283 = CARTESIAN_POINT('',(92.526481,-91.756092,0.71));
#2284 = VECTOR('',#2285,1.);
#2285 = DIRECTION('',(-0.657805076258,0.753188211305,0.));
#2286 = PLANE('',#2287);
#2287 = AXIS2_PLACEMENT_3D('',#2288,#2289,#2290);
#2288 = CARTESIAN_POINT('',(92.526481,-91.756092,0.71));
#2289 = DIRECTION('',(-0.753188211305,-0.657805076258,0.));
#2290 = DIRECTION('',(-0.657805076258,0.753188211305,0.));
#2291 = ADVANCED_FACE('',(#2292),#2319,.T.);
#2292 = FACE_BOUND('',#2293,.T.);
#2293 = EDGE_LOOP('',(#2294,#2295,#2304,#2312));
#2294 = ORIENTED_EDGE('',*,*,#2273,.T.);
#2295 = ORIENTED_EDGE('',*,*,#2296,.T.);
#2296 = EDGE_CURVE('',#2266,#2297,#2299,.T.);
#2297 = VERTEX_POINT('',#2298);
#2298 = CARTESIAN_POINT('',(92.370958,-91.130724,0.745));
#2299 = CIRCLE('',#2300,0.150000515787);
#2300 = AXIS2_PLACEMENT_3D('',#2301,#2302,#2303);
#2301 = CARTESIAN_POINT('',(92.280001259713,-91.2500010981,0.745));
#2302 = DIRECTION('',(0.,0.,-1.));
#2303 = DIRECTION('',(-0.864532091991,-0.502577617804,-0.));
#2304 = ORIENTED_EDGE('',*,*,#2305,.F.);
#2305 = EDGE_CURVE('',#2306,#2297,#2308,.T.);
#2306 = VERTEX_POINT('',#2307);
#2307 = CARTESIAN_POINT('',(92.370958,-91.130724,0.71));
#2308 = LINE('',#2309,#2310);
#2309 = CARTESIAN_POINT('',(92.370958,-91.130724,0.71));
#2310 = VECTOR('',#2311,1.);
#2311 = DIRECTION('',(0.,0.,1.));
#2312 = ORIENTED_EDGE('',*,*,#2313,.F.);
#2313 = EDGE_CURVE('',#2274,#2306,#2314,.T.);
#2314 = CIRCLE('',#2315,0.150000515787);
#2315 = AXIS2_PLACEMENT_3D('',#2316,#2317,#2318);
#2316 = CARTESIAN_POINT('',(92.280001259713,-91.2500010981,0.71));
#2317 = DIRECTION('',(0.,0.,-1.));
#2318 = DIRECTION('',(-0.864532091991,-0.502577617804,-0.));
#2319 = CYLINDRICAL_SURFACE('',#2320,0.150000515787);
#2320 = AXIS2_PLACEMENT_3D('',#2321,#2322,#2323);
#2321 = CARTESIAN_POINT('',(92.280001259713,-91.2500010981,0.71));
#2322 = DIRECTION('',(0.,0.,-1.));
#2323 = DIRECTION('',(-0.864532091991,-0.502577617804,-0.));
#2324 = ADVANCED_FACE('',(#2325),#2341,.T.);
#2325 = FACE_BOUND('',#2326,.T.);
#2326 = EDGE_LOOP('',(#2327,#2328,#2334,#2335));
#2327 = ORIENTED_EDGE('',*,*,#2305,.T.);
#2328 = ORIENTED_EDGE('',*,*,#2329,.T.);
#2329 = EDGE_CURVE('',#2297,#2163,#2330,.T.);
#2330 = LINE('',#2331,#2332);
#2331 = CARTESIAN_POINT('',(92.370958,-91.130724,0.745));
#2332 = VECTOR('',#2333,1.);
#2333 = DIRECTION('',(0.665364294337,-0.746518824827,0.));
#2334 = ORIENTED_EDGE('',*,*,#2160,.F.);
#2335 = ORIENTED_EDGE('',*,*,#2336,.F.);
#2336 = EDGE_CURVE('',#2306,#2161,#2337,.T.);
#2337 = LINE('',#2338,#2339);
#2338 = CARTESIAN_POINT('',(92.370958,-91.130724,0.71));
#2339 = VECTOR('',#2340,1.);
#2340 = DIRECTION('',(0.665364294337,-0.746518824827,0.));
#2341 = PLANE('',#2342);
#2342 = AXIS2_PLACEMENT_3D('',#2343,#2344,#2345);
#2343 = CARTESIAN_POINT('',(92.370958,-91.130724,0.71));
#2344 = DIRECTION('',(0.746518824827,0.665364294337,-0.));
#2345 = DIRECTION('',(0.665364294337,-0.746518824827,0.));
#2346 = ADVANCED_FACE('',(#2347),#2374,.F.);
#2347 = FACE_BOUND('',#2348,.T.);
#2348 = EDGE_LOOP('',(#2349,#2359,#2366,#2367));
#2349 = ORIENTED_EDGE('',*,*,#2350,.T.);
#2350 = EDGE_CURVE('',#2351,#2353,#2355,.T.);
#2351 = VERTEX_POINT('',#2352);
#2352 = CARTESIAN_POINT('',(92.946529,-91.84989,0.71));
#2353 = VERTEX_POINT('',#2354);
#2354 = CARTESIAN_POINT('',(92.946529,-91.84989,0.745));
#2355 = LINE('',#2356,#2357);
#2356 = CARTESIAN_POINT('',(92.946529,-91.84989,0.71));
#2357 = VECTOR('',#2358,1.);
#2358 = DIRECTION('',(0.,0.,1.));
#2359 = ORIENTED_EDGE('',*,*,#2360,.T.);
#2360 = EDGE_CURVE('',#2353,#2353,#2361,.T.);
#2361 = CIRCLE('',#2362,0.137255);
#2362 = AXIS2_PLACEMENT_3D('',#2363,#2364,#2365);
#2363 = CARTESIAN_POINT('',(92.809274,-91.84989,0.745));
#2364 = DIRECTION('',(0.,0.,1.));
#2365 = DIRECTION('',(1.,0.,-0.));
#2366 = ORIENTED_EDGE('',*,*,#2350,.F.);
#2367 = ORIENTED_EDGE('',*,*,#2368,.F.);
#2368 = EDGE_CURVE('',#2351,#2351,#2369,.T.);
#2369 = CIRCLE('',#2370,0.137255);
#2370 = AXIS2_PLACEMENT_3D('',#2371,#2372,#2373);
#2371 = CARTESIAN_POINT('',(92.809274,-91.84989,0.71));
#2372 = DIRECTION('',(0.,0.,1.));
#2373 = DIRECTION('',(1.,0.,-0.));
#2374 = CYLINDRICAL_SURFACE('',#2375,0.137255);
#2375 = AXIS2_PLACEMENT_3D('',#2376,#2377,#2378);
#2376 = CARTESIAN_POINT('',(92.809274,-91.84989,0.71));
#2377 = DIRECTION('',(-0.,-0.,-1.));
#2378 = DIRECTION('',(1.,0.,-0.));
#2379 = ADVANCED_FACE('',(#2380,#2388),#2391,.F.);
#2380 = FACE_BOUND('',#2381,.T.);
#2381 = EDGE_LOOP('',(#2382,#2383,#2384,#2385,#2386,#2387));
#2382 = ORIENTED_EDGE('',*,*,#2186,.T.);
#2383 = ORIENTED_EDGE('',*,*,#2218,.T.);
#2384 = ORIENTED_EDGE('',*,*,#2250,.T.);
#2385 = ORIENTED_EDGE('',*,*,#2281,.T.);
#2386 = ORIENTED_EDGE('',*,*,#2313,.T.);
#2387 = ORIENTED_EDGE('',*,*,#2336,.T.);
#2388 = FACE_BOUND('',#2389,.T.);
#2389 = EDGE_LOOP('',(#2390));
#2390 = ORIENTED_EDGE('',*,*,#2368,.T.);
#2391 = PLANE('',#2392);
#2392 = AXIS2_PLACEMENT_3D('',#2393,#2394,#2395);
#2393 = CARTESIAN_POINT('',(0.,0.,0.71));
#2394 = DIRECTION('',(0.,0.,1.));
#2395 = DIRECTION('',(1.,0.,-0.));
#2396 = ADVANCED_FACE('',(#2397,#2405),#2408,.T.);
#2397 = FACE_BOUND('',#2398,.F.);
#2398 = EDGE_LOOP('',(#2399,#2400,#2401,#2402,#2403,#2404));
#2399 = ORIENTED_EDGE('',*,*,#2170,.T.);
#2400 = ORIENTED_EDGE('',*,*,#2201,.T.);
#2401 = ORIENTED_EDGE('',*,*,#2234,.T.);
#2402 = ORIENTED_EDGE('',*,*,#2265,.T.);
#2403 = ORIENTED_EDGE('',*,*,#2296,.T.);
#2404 = ORIENTED_EDGE('',*,*,#2329,.T.);
#2405 = FACE_BOUND('',#2406,.F.);
#2406 = EDGE_LOOP('',(#2407));
#2407 = ORIENTED_EDGE('',*,*,#2360,.T.);
#2408 = PLANE('',#2409);
#2409 = AXIS2_PLACEMENT_3D('',#2410,#2411,#2412);
#2410 = CARTESIAN_POINT('',(0.,0.,0.745));
#2411 = DIRECTION('',(0.,0.,1.));
#2412 = DIRECTION('',(1.,0.,-0.));
#2413 = MANIFOLD_SOLID_BREP('',#2414);
#2414 = CLOSED_SHELL('',(#2415,#2457,#2488,#2519,#2550,#2583,#2605,#2638
    ,#2655));
#2415 = ADVANCED_FACE('',(#2416),#2452,.T.);
#2416 = FACE_BOUND('',#2417,.T.);
#2417 = EDGE_LOOP('',(#2418,#2428,#2437,#2445));
#2418 = ORIENTED_EDGE('',*,*,#2419,.T.);
#2419 = EDGE_CURVE('',#2420,#2422,#2424,.T.);
#2420 = VERTEX_POINT('',#2421);
#2421 = CARTESIAN_POINT('',(105.877447,-86.413508,0.71));
#2422 = VERTEX_POINT('',#2423);
#2423 = CARTESIAN_POINT('',(105.877447,-86.413508,0.745));
#2424 = LINE('',#2425,#2426);
#2425 = CARTESIAN_POINT('',(105.877447,-86.413508,0.71));
#2426 = VECTOR('',#2427,1.);
#2427 = DIRECTION('',(0.,0.,1.));
#2428 = ORIENTED_EDGE('',*,*,#2429,.T.);
#2429 = EDGE_CURVE('',#2422,#2430,#2432,.T.);
#2430 = VERTEX_POINT('',#2431);
#2431 = CARTESIAN_POINT('',(106.146323,-86.533008,0.745));
#2432 = CIRCLE('',#2433,0.150000109612);
#2433 = AXIS2_PLACEMENT_3D('',#2434,#2435,#2436);
#2434 = CARTESIAN_POINT('',(105.99999971171,-86.49999999809,0.745));
#2435 = DIRECTION('',(0.,0.,-1.));
#2436 = DIRECTION('',(-0.817017481092,0.576612899257,0.));
#2437 = ORIENTED_EDGE('',*,*,#2438,.F.);
#2438 = EDGE_CURVE('',#2439,#2430,#2441,.T.);
#2439 = VERTEX_POINT('',#2440);
#2440 = CARTESIAN_POINT('',(106.146323,-86.533008,0.71));
#2441 = LINE('',#2442,#2443);
#2442 = CARTESIAN_POINT('',(106.146323,-86.533008,0.71));
#2443 = VECTOR('',#2444,1.);
#2444 = DIRECTION('',(0.,0.,1.));
#2445 = ORIENTED_EDGE('',*,*,#2446,.F.);
#2446 = EDGE_CURVE('',#2420,#2439,#2447,.T.);
#2447 = CIRCLE('',#2448,0.150000109612);
#2448 = AXIS2_PLACEMENT_3D('',#2449,#2450,#2451);
#2449 = CARTESIAN_POINT('',(105.99999971171,-86.49999999809,0.71));
#2450 = DIRECTION('',(0.,0.,-1.));
#2451 = DIRECTION('',(-0.817017481092,0.576612899257,0.));
#2452 = CYLINDRICAL_SURFACE('',#2453,0.150000109612);
#2453 = AXIS2_PLACEMENT_3D('',#2454,#2455,#2456);
#2454 = CARTESIAN_POINT('',(105.99999971171,-86.49999999809,0.71));
#2455 = DIRECTION('',(0.,0.,-1.));
#2456 = DIRECTION('',(-0.817017481092,0.576612899257,0.));
#2457 = ADVANCED_FACE('',(#2458),#2483,.T.);
#2458 = FACE_BOUND('',#2459,.T.);
#2459 = EDGE_LOOP('',(#2460,#2461,#2469,#2477));
#2460 = ORIENTED_EDGE('',*,*,#2438,.T.);
#2461 = ORIENTED_EDGE('',*,*,#2462,.T.);
#2462 = EDGE_CURVE('',#2430,#2463,#2465,.T.);
#2463 = VERTEX_POINT('',#2464);
#2464 = CARTESIAN_POINT('',(105.917225,-87.055575,0.745));
#2465 = LINE('',#2466,#2467);
#2466 = CARTESIAN_POINT('',(106.146323,-86.533008,0.745));
#2467 = VECTOR('',#2468,1.);
#2468 = DIRECTION('',(-0.401517367412,-0.915851409163,0.));
#2469 = ORIENTED_EDGE('',*,*,#2470,.F.);
#2470 = EDGE_CURVE('',#2471,#2463,#2473,.T.);
#2471 = VERTEX_POINT('',#2472);
#2472 = CARTESIAN_POINT('',(105.917225,-87.055575,0.71));
#2473 = LINE('',#2474,#2475);
#2474 = CARTESIAN_POINT('',(105.917225,-87.055575,0.71));
#2475 = VECTOR('',#2476,1.);
#2476 = DIRECTION('',(0.,0.,1.));
#2477 = ORIENTED_EDGE('',*,*,#2478,.F.);
#2478 = EDGE_CURVE('',#2439,#2471,#2479,.T.);
#2479 = LINE('',#2480,#2481);
#2480 = CARTESIAN_POINT('',(106.146323,-86.533008,0.71));
#2481 = VECTOR('',#2482,1.);
#2482 = DIRECTION('',(-0.401517367412,-0.915851409163,0.));
#2483 = PLANE('',#2484);
#2484 = AXIS2_PLACEMENT_3D('',#2485,#2486,#2487);
#2485 = CARTESIAN_POINT('',(106.146323,-86.533008,0.71));
#2486 = DIRECTION('',(0.915851409163,-0.401517367412,0.));
#2487 = DIRECTION('',(-0.401517367412,-0.915851409163,0.));
#2488 = ADVANCED_FACE('',(#2489),#2514,.T.);
#2489 = FACE_BOUND('',#2490,.T.);
#2490 = EDGE_LOOP('',(#2491,#2492,#2500,#2508));
#2491 = ORIENTED_EDGE('',*,*,#2470,.T.);
#2492 = ORIENTED_EDGE('',*,*,#2493,.T.);
#2493 = EDGE_CURVE('',#2463,#2494,#2496,.T.);
#2494 = VERTEX_POINT('',#2495);
#2495 = CARTESIAN_POINT('',(105.952253,-87.116244,0.745));
#2496 = LINE('',#2497,#2498);
#2497 = CARTESIAN_POINT('',(105.917225,-87.055575,0.745));
#2498 = VECTOR('',#2499,1.);
#2499 = DIRECTION('',(0.500007885066,-0.866020851292,0.));
#2500 = ORIENTED_EDGE('',*,*,#2501,.F.);
#2501 = EDGE_CURVE('',#2502,#2494,#2504,.T.);
#2502 = VERTEX_POINT('',#2503);
#2503 = CARTESIAN_POINT('',(105.952253,-87.116244,0.71));
#2504 = LINE('',#2505,#2506);
#2505 = CARTESIAN_POINT('',(105.952253,-87.116244,0.71));
#2506 = VECTOR('',#2507,1.);
#2507 = DIRECTION('',(0.,0.,1.));
#2508 = ORIENTED_EDGE('',*,*,#2509,.F.);
#2509 = EDGE_CURVE('',#2471,#2502,#2510,.T.);
#2510 = LINE('',#2511,#2512);
#2511 = CARTESIAN_POINT('',(105.917225,-87.055575,0.71));
#2512 = VECTOR('',#2513,1.);
#2513 = DIRECTION('',(0.500007885066,-0.866020851292,0.));
#2514 = PLANE('',#2515);
#2515 = AXIS2_PLACEMENT_3D('',#2516,#2517,#2518);
#2516 = CARTESIAN_POINT('',(105.917225,-87.055575,0.71));
#2517 = DIRECTION('',(0.866020851292,0.500007885066,-0.));
#2518 = DIRECTION('',(0.500007885066,-0.866020851292,0.));
#2519 = ADVANCED_FACE('',(#2520),#2545,.T.);
#2520 = FACE_BOUND('',#2521,.T.);
#2521 = EDGE_LOOP('',(#2522,#2523,#2531,#2539));
#2522 = ORIENTED_EDGE('',*,*,#2501,.T.);
#2523 = ORIENTED_EDGE('',*,*,#2524,.T.);
#2524 = EDGE_CURVE('',#2494,#2525,#2527,.T.);
#2525 = VERTEX_POINT('',#2526);
#2526 = CARTESIAN_POINT('',(105.972522,-87.191891,0.745));
#2527 = LINE('',#2528,#2529);
#2528 = CARTESIAN_POINT('',(105.952253,-87.116244,0.745));
#2529 = VECTOR('',#2530,1.);
#2530 = DIRECTION('',(0.258812462159,-0.965927590159,0.));
#2531 = ORIENTED_EDGE('',*,*,#2532,.F.);
#2532 = EDGE_CURVE('',#2533,#2525,#2535,.T.);
#2533 = VERTEX_POINT('',#2534);
#2534 = CARTESIAN_POINT('',(105.972522,-87.191891,0.71));
#2535 = LINE('',#2536,#2537);
#2536 = CARTESIAN_POINT('',(105.972522,-87.191891,0.71));
#2537 = VECTOR('',#2538,1.);
#2538 = DIRECTION('',(0.,0.,1.));
#2539 = ORIENTED_EDGE('',*,*,#2540,.F.);
#2540 = EDGE_CURVE('',#2502,#2533,#2541,.T.);
#2541 = LINE('',#2542,#2543);
#2542 = CARTESIAN_POINT('',(105.952253,-87.116244,0.71));
#2543 = VECTOR('',#2544,1.);
#2544 = DIRECTION('',(0.258812462159,-0.965927590159,0.));
#2545 = PLANE('',#2546);
#2546 = AXIS2_PLACEMENT_3D('',#2547,#2548,#2549);
#2547 = CARTESIAN_POINT('',(105.952253,-87.116244,0.71));
#2548 = DIRECTION('',(0.965927590159,0.258812462159,-0.));
#2549 = DIRECTION('',(0.258812462159,-0.965927590159,0.));
#2550 = ADVANCED_FACE('',(#2551),#2578,.T.);
#2551 = FACE_BOUND('',#2552,.T.);
#2552 = EDGE_LOOP('',(#2553,#2554,#2563,#2571));
#2553 = ORIENTED_EDGE('',*,*,#2532,.T.);
#2554 = ORIENTED_EDGE('',*,*,#2555,.T.);
#2555 = EDGE_CURVE('',#2525,#2556,#2558,.T.);
#2556 = VERTEX_POINT('',#2557);
#2557 = CARTESIAN_POINT('',(105.643134,-86.933616,0.745));
#2558 = CIRCLE('',#2559,0.29974788997);
#2559 = AXIS2_PLACEMENT_3D('',#2560,#2561,#2562);
#2560 = CARTESIAN_POINT('',(105.67541866957,-87.23162019066,0.745));
#2561 = DIRECTION('',(0.,0.,-1.));
#2562 = DIRECTION('',(0.991177387293,0.132542019447,0.));
#2563 = ORIENTED_EDGE('',*,*,#2564,.F.);
#2564 = EDGE_CURVE('',#2565,#2556,#2567,.T.);
#2565 = VERTEX_POINT('',#2566);
#2566 = CARTESIAN_POINT('',(105.643134,-86.933616,0.71));
#2567 = LINE('',#2568,#2569);
#2568 = CARTESIAN_POINT('',(105.643134,-86.933616,0.71));
#2569 = VECTOR('',#2570,1.);
#2570 = DIRECTION('',(0.,0.,1.));
#2571 = ORIENTED_EDGE('',*,*,#2572,.F.);
#2572 = EDGE_CURVE('',#2533,#2565,#2573,.T.);
#2573 = CIRCLE('',#2574,0.29974788997);
#2574 = AXIS2_PLACEMENT_3D('',#2575,#2576,#2577);
#2575 = CARTESIAN_POINT('',(105.67541866957,-87.23162019066,0.71));
#2576 = DIRECTION('',(0.,0.,-1.));
#2577 = DIRECTION('',(0.991177387293,0.132542019447,0.));
#2578 = CYLINDRICAL_SURFACE('',#2579,0.29974788997);
#2579 = AXIS2_PLACEMENT_3D('',#2580,#2581,#2582);
#2580 = CARTESIAN_POINT('',(105.67541866957,-87.23162019066,0.71));
#2581 = DIRECTION('',(0.,0.,-1.));
#2582 = DIRECTION('',(0.991177387293,0.132542019447,0.));
#2583 = ADVANCED_FACE('',(#2584),#2600,.T.);
#2584 = FACE_BOUND('',#2585,.T.);
#2585 = EDGE_LOOP('',(#2586,#2587,#2593,#2594));
#2586 = ORIENTED_EDGE('',*,*,#2564,.T.);
#2587 = ORIENTED_EDGE('',*,*,#2588,.T.);
#2588 = EDGE_CURVE('',#2556,#2422,#2589,.T.);
#2589 = LINE('',#2590,#2591);
#2590 = CARTESIAN_POINT('',(105.643134,-86.933616,0.745));
#2591 = VECTOR('',#2592,1.);
#2592 = DIRECTION('',(0.410750081434,0.911747975376,0.));
#2593 = ORIENTED_EDGE('',*,*,#2419,.F.);
#2594 = ORIENTED_EDGE('',*,*,#2595,.F.);
#2595 = EDGE_CURVE('',#2565,#2420,#2596,.T.);
#2596 = LINE('',#2597,#2598);
#2597 = CARTESIAN_POINT('',(105.643134,-86.933616,0.71));
#2598 = VECTOR('',#2599,1.);
#2599 = DIRECTION('',(0.410750081434,0.911747975376,0.));
#2600 = PLANE('',#2601);
#2601 = AXIS2_PLACEMENT_3D('',#2602,#2603,#2604);
#2602 = CARTESIAN_POINT('',(105.643134,-86.933616,0.71));
#2603 = DIRECTION('',(-0.911747975376,0.410750081434,0.));
#2604 = DIRECTION('',(0.410750081434,0.911747975376,0.));
#2605 = ADVANCED_FACE('',(#2606),#2633,.F.);
#2606 = FACE_BOUND('',#2607,.T.);
#2607 = EDGE_LOOP('',(#2608,#2618,#2625,#2626));
#2608 = ORIENTED_EDGE('',*,*,#2609,.T.);
#2609 = EDGE_CURVE('',#2610,#2612,#2614,.T.);
#2610 = VERTEX_POINT('',#2611);
#2611 = CARTESIAN_POINT('',(105.812344,-87.231049,0.71));
#2612 = VERTEX_POINT('',#2613);
#2613 = CARTESIAN_POINT('',(105.812344,-87.231049,0.745));
#2614 = LINE('',#2615,#2616);
#2615 = CARTESIAN_POINT('',(105.812344,-87.231049,0.71));
#2616 = VECTOR('',#2617,1.);
#2617 = DIRECTION('',(0.,0.,1.));
#2618 = ORIENTED_EDGE('',*,*,#2619,.T.);
#2619 = EDGE_CURVE('',#2612,#2612,#2620,.T.);
#2620 = CIRCLE('',#2621,0.137255);
#2621 = AXIS2_PLACEMENT_3D('',#2622,#2623,#2624);
#2622 = CARTESIAN_POINT('',(105.675089,-87.231049,0.745));
#2623 = DIRECTION('',(0.,0.,1.));
#2624 = DIRECTION('',(1.,0.,-0.));
#2625 = ORIENTED_EDGE('',*,*,#2609,.F.);
#2626 = ORIENTED_EDGE('',*,*,#2627,.F.);
#2627 = EDGE_CURVE('',#2610,#2610,#2628,.T.);
#2628 = CIRCLE('',#2629,0.137255);
#2629 = AXIS2_PLACEMENT_3D('',#2630,#2631,#2632);
#2630 = CARTESIAN_POINT('',(105.675089,-87.231049,0.71));
#2631 = DIRECTION('',(0.,0.,1.));
#2632 = DIRECTION('',(1.,0.,-0.));
#2633 = CYLINDRICAL_SURFACE('',#2634,0.137255);
#2634 = AXIS2_PLACEMENT_3D('',#2635,#2636,#2637);
#2635 = CARTESIAN_POINT('',(105.675089,-87.231049,0.71));
#2636 = DIRECTION('',(-0.,-0.,-1.));
#2637 = DIRECTION('',(1.,0.,-0.));
#2638 = ADVANCED_FACE('',(#2639,#2647),#2650,.F.);
#2639 = FACE_BOUND('',#2640,.T.);
#2640 = EDGE_LOOP('',(#2641,#2642,#2643,#2644,#2645,#2646));
#2641 = ORIENTED_EDGE('',*,*,#2446,.T.);
#2642 = ORIENTED_EDGE('',*,*,#2478,.T.);
#2643 = ORIENTED_EDGE('',*,*,#2509,.T.);
#2644 = ORIENTED_EDGE('',*,*,#2540,.T.);
#2645 = ORIENTED_EDGE('',*,*,#2572,.T.);
#2646 = ORIENTED_EDGE('',*,*,#2595,.T.);
#2647 = FACE_BOUND('',#2648,.T.);
#2648 = EDGE_LOOP('',(#2649));
#2649 = ORIENTED_EDGE('',*,*,#2627,.T.);
#2650 = PLANE('',#2651);
#2651 = AXIS2_PLACEMENT_3D('',#2652,#2653,#2654);
#2652 = CARTESIAN_POINT('',(0.,0.,0.71));
#2653 = DIRECTION('',(0.,0.,1.));
#2654 = DIRECTION('',(1.,0.,-0.));
#2655 = ADVANCED_FACE('',(#2656,#2664),#2667,.T.);
#2656 = FACE_BOUND('',#2657,.F.);
#2657 = EDGE_LOOP('',(#2658,#2659,#2660,#2661,#2662,#2663));
#2658 = ORIENTED_EDGE('',*,*,#2429,.T.);
#2659 = ORIENTED_EDGE('',*,*,#2462,.T.);
#2660 = ORIENTED_EDGE('',*,*,#2493,.T.);
#2661 = ORIENTED_EDGE('',*,*,#2524,.T.);
#2662 = ORIENTED_EDGE('',*,*,#2555,.T.);
#2663 = ORIENTED_EDGE('',*,*,#2588,.T.);
#2664 = FACE_BOUND('',#2665,.F.);
#2665 = EDGE_LOOP('',(#2666));
#2666 = ORIENTED_EDGE('',*,*,#2619,.T.);
#2667 = PLANE('',#2668);
#2668 = AXIS2_PLACEMENT_3D('',#2669,#2670,#2671);
#2669 = CARTESIAN_POINT('',(0.,0.,0.745));
#2670 = DIRECTION('',(0.,0.,1.));
#2671 = DIRECTION('',(1.,0.,-0.));
#2672 = MANIFOLD_SOLID_BREP('',#2673);
#2673 = CLOSED_SHELL('',(#2674,#2716,#2747,#2778,#2809,#2840,#2871,#2902
    ,#2933,#2964,#2995,#3026,#3057,#3088,#3119,#3150,#3181,#3212,#3243,
    #3274,#3305,#3336,#3367,#3398,#3429,#3460,#3491,#3522,#3553,#3584,
    #3615,#3646,#3677,#3708,#3739,#3770,#3801,#3832,#3863,#3894,#3925,
    #3956,#3987,#4020,#4051,#4082,#4113,#4146,#4177,#4208,#4239,#4270,
    #4301,#4332,#4363,#4394,#4425,#4458,#4489,#4520,#4551,#4573,#4606,
    #4646,#4677,#4708,#4739,#4772,#4803,#4834,#4865,#4896,#4927,#4960,
    #4982,#5015,#5048,#5081,#5114,#5147,#5189,#5220,#5251,#5282,#5313,
    #5346,#5377,#5408,#5439,#5470,#5492,#5532,#5563,#5594,#5625,#5656,
    #5689,#5711,#5744,#5784,#5815,#5846,#5879,#5910,#5941,#5972,#6003,
    #6036,#6067,#6089,#6131,#6162,#6193,#6224,#6255,#6286,#6308,#6348,
    #6379,#6410,#6441,#6474,#6505,#6527,#6567,#6598,#6629,#6660,#6691,
    #6724,#6746,#6779,#6812,#6845,#7020));
#2674 = ADVANCED_FACE('',(#2675),#2711,.T.);
#2675 = FACE_BOUND('',#2676,.F.);
#2676 = EDGE_LOOP('',(#2677,#2687,#2696,#2704));
#2677 = ORIENTED_EDGE('',*,*,#2678,.T.);
#2678 = EDGE_CURVE('',#2679,#2681,#2683,.T.);
#2679 = VERTEX_POINT('',#2680);
#2680 = CARTESIAN_POINT('',(104.519685,-85.314614,0.));
#2681 = VERTEX_POINT('',#2682);
#2682 = CARTESIAN_POINT('',(104.519685,-85.314614,-3.5E-02));
#2683 = LINE('',#2684,#2685);
#2684 = CARTESIAN_POINT('',(104.519685,-85.314614,0.));
#2685 = VECTOR('',#2686,1.);
#2686 = DIRECTION('',(0.,0.,-1.));
#2687 = ORIENTED_EDGE('',*,*,#2688,.T.);
#2688 = EDGE_CURVE('',#2681,#2689,#2691,.T.);
#2689 = VERTEX_POINT('',#2690);
#2690 = CARTESIAN_POINT('',(104.656089,-85.261877,-3.5E-02));
#2691 = CIRCLE('',#2692,0.123997062304);
#2692 = AXIS2_PLACEMENT_3D('',#2693,#2694,#2695);
#2693 = CARTESIAN_POINT('',(104.62399930146,-85.38164979619,-3.5E-02));
#2694 = DIRECTION('',(0.,0.,-1.));
#2695 = DIRECTION('',(-0.841264297081,0.54062406759,0.));
#2696 = ORIENTED_EDGE('',*,*,#2697,.F.);
#2697 = EDGE_CURVE('',#2698,#2689,#2700,.T.);
#2698 = VERTEX_POINT('',#2699);
#2699 = CARTESIAN_POINT('',(104.656089,-85.261877,0.));
#2700 = LINE('',#2701,#2702);
#2701 = CARTESIAN_POINT('',(104.656089,-85.261877,0.));
#2702 = VECTOR('',#2703,1.);
#2703 = DIRECTION('',(0.,0.,-1.));
#2704 = ORIENTED_EDGE('',*,*,#2705,.F.);
#2705 = EDGE_CURVE('',#2679,#2698,#2706,.T.);
#2706 = CIRCLE('',#2707,0.123997062304);
#2707 = AXIS2_PLACEMENT_3D('',#2708,#2709,#2710);
#2708 = CARTESIAN_POINT('',(104.62399930146,-85.38164979619,0.));
#2709 = DIRECTION('',(0.,0.,-1.));
#2710 = DIRECTION('',(-0.841264297081,0.54062406759,0.));
#2711 = CYLINDRICAL_SURFACE('',#2712,0.123997062304);
#2712 = AXIS2_PLACEMENT_3D('',#2713,#2714,#2715);
#2713 = CARTESIAN_POINT('',(104.62399930146,-85.38164979619,0.));
#2714 = DIRECTION('',(-0.,-0.,1.));
#2715 = DIRECTION('',(-0.841264297081,0.54062406759,0.));
#2716 = ADVANCED_FACE('',(#2717),#2742,.F.);
#2717 = FACE_BOUND('',#2718,.F.);
#2718 = EDGE_LOOP('',(#2719,#2720,#2728,#2736));
#2719 = ORIENTED_EDGE('',*,*,#2697,.T.);
#2720 = ORIENTED_EDGE('',*,*,#2721,.T.);
#2721 = EDGE_CURVE('',#2689,#2722,#2724,.T.);
#2722 = VERTEX_POINT('',#2723);
#2723 = CARTESIAN_POINT('',(105.247715,-85.420831,-3.5E-02));
#2724 = LINE('',#2725,#2726);
#2725 = CARTESIAN_POINT('',(104.656089,-85.261877,-3.5E-02));
#2726 = VECTOR('',#2727,1.);
#2727 = DIRECTION('',(0.965750823972,-0.259471281644,0.));
#2728 = ORIENTED_EDGE('',*,*,#2729,.F.);
#2729 = EDGE_CURVE('',#2730,#2722,#2732,.T.);
#2730 = VERTEX_POINT('',#2731);
#2731 = CARTESIAN_POINT('',(105.247715,-85.420831,0.));
#2732 = LINE('',#2733,#2734);
#2733 = CARTESIAN_POINT('',(105.247715,-85.420831,0.));
#2734 = VECTOR('',#2735,1.);
#2735 = DIRECTION('',(0.,0.,-1.));
#2736 = ORIENTED_EDGE('',*,*,#2737,.F.);
#2737 = EDGE_CURVE('',#2698,#2730,#2738,.T.);
#2738 = LINE('',#2739,#2740);
#2739 = CARTESIAN_POINT('',(104.656089,-85.261877,0.));
#2740 = VECTOR('',#2741,1.);
#2741 = DIRECTION('',(0.965750823972,-0.259471281644,0.));
#2742 = PLANE('',#2743);
#2743 = AXIS2_PLACEMENT_3D('',#2744,#2745,#2746);
#2744 = CARTESIAN_POINT('',(104.656089,-85.261877,0.));
#2745 = DIRECTION('',(-0.259471281644,-0.965750823972,-0.));
#2746 = DIRECTION('',(0.965750823972,-0.259471281644,0.));
#2747 = ADVANCED_FACE('',(#2748),#2773,.F.);
#2748 = FACE_BOUND('',#2749,.F.);
#2749 = EDGE_LOOP('',(#2750,#2751,#2759,#2767));
#2750 = ORIENTED_EDGE('',*,*,#2729,.T.);
#2751 = ORIENTED_EDGE('',*,*,#2752,.T.);
#2752 = EDGE_CURVE('',#2722,#2753,#2755,.T.);
#2753 = VERTEX_POINT('',#2754);
#2754 = CARTESIAN_POINT('',(105.35485,-85.459729,-3.5E-02));
#2755 = LINE('',#2756,#2757);
#2756 = CARTESIAN_POINT('',(105.247715,-85.420831,-3.5E-02));
#2757 = VECTOR('',#2758,1.);
#2758 = DIRECTION('',(0.939962888609,-0.34127667374,0.));
#2759 = ORIENTED_EDGE('',*,*,#2760,.F.);
#2760 = EDGE_CURVE('',#2761,#2753,#2763,.T.);
#2761 = VERTEX_POINT('',#2762);
#2762 = CARTESIAN_POINT('',(105.35485,-85.459729,0.));
#2763 = LINE('',#2764,#2765);
#2764 = CARTESIAN_POINT('',(105.35485,-85.459729,0.));
#2765 = VECTOR('',#2766,1.);
#2766 = DIRECTION('',(0.,0.,-1.));
#2767 = ORIENTED_EDGE('',*,*,#2768,.F.);
#2768 = EDGE_CURVE('',#2730,#2761,#2769,.T.);
#2769 = LINE('',#2770,#2771);
#2770 = CARTESIAN_POINT('',(105.247715,-85.420831,0.));
#2771 = VECTOR('',#2772,1.);
#2772 = DIRECTION('',(0.939962888609,-0.34127667374,0.));
#2773 = PLANE('',#2774);
#2774 = AXIS2_PLACEMENT_3D('',#2775,#2776,#2777);
#2775 = CARTESIAN_POINT('',(105.247715,-85.420831,0.));
#2776 = DIRECTION('',(-0.34127667374,-0.939962888609,-0.));
#2777 = DIRECTION('',(0.939962888609,-0.34127667374,0.));
#2778 = ADVANCED_FACE('',(#2779),#2804,.F.);
#2779 = FACE_BOUND('',#2780,.F.);
#2780 = EDGE_LOOP('',(#2781,#2782,#2790,#2798));
#2781 = ORIENTED_EDGE('',*,*,#2760,.T.);
#2782 = ORIENTED_EDGE('',*,*,#2783,.T.);
#2783 = EDGE_CURVE('',#2753,#2784,#2786,.T.);
#2784 = VERTEX_POINT('',#2785);
#2785 = CARTESIAN_POINT('',(107.72839,-86.56726,-3.5E-02));
#2786 = LINE('',#2787,#2788);
#2787 = CARTESIAN_POINT('',(105.35485,-85.459729,-3.5E-02));
#2788 = VECTOR('',#2789,1.);
#2789 = DIRECTION('',(0.906200842411,-0.422847529511,0.));
#2790 = ORIENTED_EDGE('',*,*,#2791,.F.);
#2791 = EDGE_CURVE('',#2792,#2784,#2794,.T.);
#2792 = VERTEX_POINT('',#2793);
#2793 = CARTESIAN_POINT('',(107.72839,-86.56726,0.));
#2794 = LINE('',#2795,#2796);
#2795 = CARTESIAN_POINT('',(107.72839,-86.56726,0.));
#2796 = VECTOR('',#2797,1.);
#2797 = DIRECTION('',(0.,0.,-1.));
#2798 = ORIENTED_EDGE('',*,*,#2799,.F.);
#2799 = EDGE_CURVE('',#2761,#2792,#2800,.T.);
#2800 = LINE('',#2801,#2802);
#2801 = CARTESIAN_POINT('',(105.35485,-85.459729,0.));
#2802 = VECTOR('',#2803,1.);
#2803 = DIRECTION('',(0.906200842411,-0.422847529511,0.));
#2804 = PLANE('',#2805);
#2805 = AXIS2_PLACEMENT_3D('',#2806,#2807,#2808);
#2806 = CARTESIAN_POINT('',(105.35485,-85.459729,0.));
#2807 = DIRECTION('',(-0.422847529511,-0.906200842411,-0.));
#2808 = DIRECTION('',(0.906200842411,-0.422847529511,0.));
#2809 = ADVANCED_FACE('',(#2810),#2835,.F.);
#2810 = FACE_BOUND('',#2811,.F.);
#2811 = EDGE_LOOP('',(#2812,#2813,#2821,#2829));
#2812 = ORIENTED_EDGE('',*,*,#2791,.T.);
#2813 = ORIENTED_EDGE('',*,*,#2814,.T.);
#2814 = EDGE_CURVE('',#2784,#2815,#2817,.T.);
#2815 = VERTEX_POINT('',#2816);
#2816 = CARTESIAN_POINT('',(107.789356,-86.604164,-3.5E-02));
#2817 = LINE('',#2818,#2819);
#2818 = CARTESIAN_POINT('',(107.72839,-86.56726,-3.5E-02));
#2819 = VECTOR('',#2820,1.);
#2820 = DIRECTION('',(0.855478158947,-0.517838893445,0.));
#2821 = ORIENTED_EDGE('',*,*,#2822,.F.);
#2822 = EDGE_CURVE('',#2823,#2815,#2825,.T.);
#2823 = VERTEX_POINT('',#2824);
#2824 = CARTESIAN_POINT('',(107.789356,-86.604164,0.));
#2825 = LINE('',#2826,#2827);
#2826 = CARTESIAN_POINT('',(107.789356,-86.604164,0.));
#2827 = VECTOR('',#2828,1.);
#2828 = DIRECTION('',(0.,0.,-1.));
#2829 = ORIENTED_EDGE('',*,*,#2830,.F.);
#2830 = EDGE_CURVE('',#2792,#2823,#2831,.T.);
#2831 = LINE('',#2832,#2833);
#2832 = CARTESIAN_POINT('',(107.72839,-86.56726,0.));
#2833 = VECTOR('',#2834,1.);
#2834 = DIRECTION('',(0.855478158947,-0.517838893445,0.));
#2835 = PLANE('',#2836);
#2836 = AXIS2_PLACEMENT_3D('',#2837,#2838,#2839);
#2837 = CARTESIAN_POINT('',(107.72839,-86.56726,0.));
#2838 = DIRECTION('',(-0.517838893445,-0.855478158947,-0.));
#2839 = DIRECTION('',(0.855478158947,-0.517838893445,0.));
#2840 = ADVANCED_FACE('',(#2841),#2866,.F.);
#2841 = FACE_BOUND('',#2842,.F.);
#2842 = EDGE_LOOP('',(#2843,#2844,#2852,#2860));
#2843 = ORIENTED_EDGE('',*,*,#2822,.T.);
#2844 = ORIENTED_EDGE('',*,*,#2845,.T.);
#2845 = EDGE_CURVE('',#2815,#2846,#2848,.T.);
#2846 = VERTEX_POINT('',#2847);
#2847 = CARTESIAN_POINT('',(109.921277,-88.097392,-3.5E-02));
#2848 = LINE('',#2849,#2850);
#2849 = CARTESIAN_POINT('',(107.789356,-86.604164,-3.5E-02));
#2850 = VECTOR('',#2851,1.);
#2851 = DIRECTION('',(0.819072458429,-0.573690079959,0.));
#2852 = ORIENTED_EDGE('',*,*,#2853,.F.);
#2853 = EDGE_CURVE('',#2854,#2846,#2856,.T.);
#2854 = VERTEX_POINT('',#2855);
#2855 = CARTESIAN_POINT('',(109.921277,-88.097392,0.));
#2856 = LINE('',#2857,#2858);
#2857 = CARTESIAN_POINT('',(109.921277,-88.097392,0.));
#2858 = VECTOR('',#2859,1.);
#2859 = DIRECTION('',(0.,0.,-1.));
#2860 = ORIENTED_EDGE('',*,*,#2861,.F.);
#2861 = EDGE_CURVE('',#2823,#2854,#2862,.T.);
#2862 = LINE('',#2863,#2864);
#2863 = CARTESIAN_POINT('',(107.789356,-86.604164,0.));
#2864 = VECTOR('',#2865,1.);
#2865 = DIRECTION('',(0.819072458429,-0.573690079959,0.));
#2866 = PLANE('',#2867);
#2867 = AXIS2_PLACEMENT_3D('',#2868,#2869,#2870);
#2868 = CARTESIAN_POINT('',(107.789356,-86.604164,0.));
#2869 = DIRECTION('',(-0.573690079959,-0.819072458429,-0.));
#2870 = DIRECTION('',(0.819072458429,-0.573690079959,0.));
#2871 = ADVANCED_FACE('',(#2872),#2897,.F.);
#2872 = FACE_BOUND('',#2873,.F.);
#2873 = EDGE_LOOP('',(#2874,#2875,#2883,#2891));
#2874 = ORIENTED_EDGE('',*,*,#2853,.T.);
#2875 = ORIENTED_EDGE('',*,*,#2876,.T.);
#2876 = EDGE_CURVE('',#2846,#2877,#2879,.T.);
#2877 = VERTEX_POINT('',#2878);
#2878 = CARTESIAN_POINT('',(109.998143,-88.161247,-3.5E-02));
#2879 = LINE('',#2880,#2881);
#2880 = CARTESIAN_POINT('',(109.921277,-88.097392,-3.5E-02));
#2881 = VECTOR('',#2882,1.);
#2882 = DIRECTION('',(0.769204675103,-0.639002478712,0.));
#2883 = ORIENTED_EDGE('',*,*,#2884,.F.);
#2884 = EDGE_CURVE('',#2885,#2877,#2887,.T.);
#2885 = VERTEX_POINT('',#2886);
#2886 = CARTESIAN_POINT('',(109.998143,-88.161247,0.));
#2887 = LINE('',#2888,#2889);
#2888 = CARTESIAN_POINT('',(109.998143,-88.161247,0.));
#2889 = VECTOR('',#2890,1.);
#2890 = DIRECTION('',(0.,0.,-1.));
#2891 = ORIENTED_EDGE('',*,*,#2892,.F.);
#2892 = EDGE_CURVE('',#2854,#2885,#2893,.T.);
#2893 = LINE('',#2894,#2895);
#2894 = CARTESIAN_POINT('',(109.921277,-88.097392,0.));
#2895 = VECTOR('',#2896,1.);
#2896 = DIRECTION('',(0.769204675103,-0.639002478712,0.));
#2897 = PLANE('',#2898);
#2898 = AXIS2_PLACEMENT_3D('',#2899,#2900,#2901);
#2899 = CARTESIAN_POINT('',(109.921277,-88.097392,0.));
#2900 = DIRECTION('',(-0.639002478712,-0.769204675103,-0.));
#2901 = DIRECTION('',(0.769204675103,-0.639002478712,0.));
#2902 = ADVANCED_FACE('',(#2903),#2928,.F.);
#2903 = FACE_BOUND('',#2904,.F.);
#2904 = EDGE_LOOP('',(#2905,#2906,#2914,#2922));
#2905 = ORIENTED_EDGE('',*,*,#2884,.T.);
#2906 = ORIENTED_EDGE('',*,*,#2907,.T.);
#2907 = EDGE_CURVE('',#2877,#2908,#2910,.T.);
#2908 = VERTEX_POINT('',#2909);
#2909 = CARTESIAN_POINT('',(111.846924,-90.010872,-3.5E-02));
#2910 = LINE('',#2911,#2912);
#2911 = CARTESIAN_POINT('',(109.998143,-88.161247,-3.5E-02));
#2912 = VECTOR('',#2913,1.);
#2913 = DIRECTION('',(0.70694539647,-0.707268129078,0.));
#2914 = ORIENTED_EDGE('',*,*,#2915,.F.);
#2915 = EDGE_CURVE('',#2916,#2908,#2918,.T.);
#2916 = VERTEX_POINT('',#2917);
#2917 = CARTESIAN_POINT('',(111.846924,-90.010872,0.));
#2918 = LINE('',#2919,#2920);
#2919 = CARTESIAN_POINT('',(111.846924,-90.010872,0.));
#2920 = VECTOR('',#2921,1.);
#2921 = DIRECTION('',(0.,0.,-1.));
#2922 = ORIENTED_EDGE('',*,*,#2923,.F.);
#2923 = EDGE_CURVE('',#2885,#2916,#2924,.T.);
#2924 = LINE('',#2925,#2926);
#2925 = CARTESIAN_POINT('',(109.998143,-88.161247,0.));
#2926 = VECTOR('',#2927,1.);
#2927 = DIRECTION('',(0.70694539647,-0.707268129078,0.));
#2928 = PLANE('',#2929);
#2929 = AXIS2_PLACEMENT_3D('',#2930,#2931,#2932);
#2930 = CARTESIAN_POINT('',(109.998143,-88.161247,0.));
#2931 = DIRECTION('',(-0.707268129078,-0.70694539647,-0.));
#2932 = DIRECTION('',(0.70694539647,-0.707268129078,0.));
#2933 = ADVANCED_FACE('',(#2934),#2959,.F.);
#2934 = FACE_BOUND('',#2935,.F.);
#2935 = EDGE_LOOP('',(#2936,#2937,#2945,#2953));
#2936 = ORIENTED_EDGE('',*,*,#2915,.T.);
#2937 = ORIENTED_EDGE('',*,*,#2938,.T.);
#2938 = EDGE_CURVE('',#2908,#2939,#2941,.T.);
#2939 = VERTEX_POINT('',#2940);
#2940 = CARTESIAN_POINT('',(111.908326,-90.086261,-3.5E-02));
#2941 = LINE('',#2942,#2943);
#2942 = CARTESIAN_POINT('',(111.846924,-90.010872,-3.5E-02));
#2943 = VECTOR('',#2944,1.);
#2944 = DIRECTION('',(0.631511771093,-0.77536628955,0.));
#2945 = ORIENTED_EDGE('',*,*,#2946,.F.);
#2946 = EDGE_CURVE('',#2947,#2939,#2949,.T.);
#2947 = VERTEX_POINT('',#2948);
#2948 = CARTESIAN_POINT('',(111.908326,-90.086261,0.));
#2949 = LINE('',#2950,#2951);
#2950 = CARTESIAN_POINT('',(111.908326,-90.086261,0.));
#2951 = VECTOR('',#2952,1.);
#2952 = DIRECTION('',(0.,0.,-1.));
#2953 = ORIENTED_EDGE('',*,*,#2954,.F.);
#2954 = EDGE_CURVE('',#2916,#2947,#2955,.T.);
#2955 = LINE('',#2956,#2957);
#2956 = CARTESIAN_POINT('',(111.846924,-90.010872,0.));
#2957 = VECTOR('',#2958,1.);
#2958 = DIRECTION('',(0.631511771093,-0.77536628955,0.));
#2959 = PLANE('',#2960);
#2960 = AXIS2_PLACEMENT_3D('',#2961,#2962,#2963);
#2961 = CARTESIAN_POINT('',(111.846924,-90.010872,0.));
#2962 = DIRECTION('',(-0.77536628955,-0.631511771093,-0.));
#2963 = DIRECTION('',(0.631511771093,-0.77536628955,0.));
#2964 = ADVANCED_FACE('',(#2965),#2990,.F.);
#2965 = FACE_BOUND('',#2966,.F.);
#2966 = EDGE_LOOP('',(#2967,#2968,#2976,#2984));
#2967 = ORIENTED_EDGE('',*,*,#2946,.T.);
#2968 = ORIENTED_EDGE('',*,*,#2969,.T.);
#2969 = EDGE_CURVE('',#2939,#2970,#2972,.T.);
#2970 = VERTEX_POINT('',#2971);
#2971 = CARTESIAN_POINT('',(113.400611,-92.218008,-3.5E-02));
#2972 = LINE('',#2973,#2974);
#2973 = CARTESIAN_POINT('',(111.908326,-90.086261,-3.5E-02));
#2974 = VECTOR('',#2975,1.);
#2975 = DIRECTION('',(0.573478360863,-0.819220708736,0.));
#2976 = ORIENTED_EDGE('',*,*,#2977,.F.);
#2977 = EDGE_CURVE('',#2978,#2970,#2980,.T.);
#2978 = VERTEX_POINT('',#2979);
#2979 = CARTESIAN_POINT('',(113.400611,-92.218008,0.));
#2980 = LINE('',#2981,#2982);
#2981 = CARTESIAN_POINT('',(113.400611,-92.218008,0.));
#2982 = VECTOR('',#2983,1.);
#2983 = DIRECTION('',(0.,0.,-1.));
#2984 = ORIENTED_EDGE('',*,*,#2985,.F.);
#2985 = EDGE_CURVE('',#2947,#2978,#2986,.T.);
#2986 = LINE('',#2987,#2988);
#2987 = CARTESIAN_POINT('',(111.908326,-90.086261,0.));
#2988 = VECTOR('',#2989,1.);
#2989 = DIRECTION('',(0.573478360863,-0.819220708736,0.));
#2990 = PLANE('',#2991);
#2991 = AXIS2_PLACEMENT_3D('',#2992,#2993,#2994);
#2992 = CARTESIAN_POINT('',(111.908326,-90.086261,0.));
#2993 = DIRECTION('',(-0.819220708736,-0.573478360863,-0.));
#2994 = DIRECTION('',(0.573478360863,-0.819220708736,0.));
#2995 = ADVANCED_FACE('',(#2996),#3021,.F.);
#2996 = FACE_BOUND('',#2997,.F.);
#2997 = EDGE_LOOP('',(#2998,#2999,#3007,#3015));
#2998 = ORIENTED_EDGE('',*,*,#2977,.T.);
#2999 = ORIENTED_EDGE('',*,*,#3000,.T.);
#3000 = EDGE_CURVE('',#2970,#3001,#3003,.T.);
#3001 = VERTEX_POINT('',#3002);
#3002 = CARTESIAN_POINT('',(113.438745,-92.282924,-3.5E-02));
#3003 = LINE('',#3004,#3005);
#3004 = CARTESIAN_POINT('',(113.400611,-92.218008,-3.5E-02));
#3005 = VECTOR('',#3006,1.);
#3006 = DIRECTION('',(0.50650807019,-0.86223522013,0.));
#3007 = ORIENTED_EDGE('',*,*,#3008,.F.);
#3008 = EDGE_CURVE('',#3009,#3001,#3011,.T.);
#3009 = VERTEX_POINT('',#3010);
#3010 = CARTESIAN_POINT('',(113.438745,-92.282924,0.));
#3011 = LINE('',#3012,#3013);
#3012 = CARTESIAN_POINT('',(113.438745,-92.282924,0.));
#3013 = VECTOR('',#3014,1.);
#3014 = DIRECTION('',(0.,0.,-1.));
#3015 = ORIENTED_EDGE('',*,*,#3016,.F.);
#3016 = EDGE_CURVE('',#2978,#3009,#3017,.T.);
#3017 = LINE('',#3018,#3019);
#3018 = CARTESIAN_POINT('',(113.400611,-92.218008,0.));
#3019 = VECTOR('',#3020,1.);
#3020 = DIRECTION('',(0.50650807019,-0.86223522013,0.));
#3021 = PLANE('',#3022);
#3022 = AXIS2_PLACEMENT_3D('',#3023,#3024,#3025);
#3023 = CARTESIAN_POINT('',(113.400611,-92.218008,0.));
#3024 = DIRECTION('',(-0.86223522013,-0.50650807019,-0.));
#3025 = DIRECTION('',(0.50650807019,-0.86223522013,0.));
#3026 = ADVANCED_FACE('',(#3027),#3052,.F.);
#3027 = FACE_BOUND('',#3028,.F.);
#3028 = EDGE_LOOP('',(#3029,#3030,#3038,#3046));
#3029 = ORIENTED_EDGE('',*,*,#3008,.T.);
#3030 = ORIENTED_EDGE('',*,*,#3031,.T.);
#3031 = EDGE_CURVE('',#3001,#3032,#3034,.T.);
#3032 = VERTEX_POINT('',#3033);
#3033 = CARTESIAN_POINT('',(114.544634,-94.655769,-3.5E-02));
#3034 = LINE('',#3035,#3036);
#3035 = CARTESIAN_POINT('',(113.438745,-92.282924,-3.5E-02));
#3036 = VECTOR('',#3037,1.);
#3037 = DIRECTION('',(0.422434139627,-0.906393621821,0.));
#3038 = ORIENTED_EDGE('',*,*,#3039,.F.);
#3039 = EDGE_CURVE('',#3040,#3032,#3042,.T.);
#3040 = VERTEX_POINT('',#3041);
#3041 = CARTESIAN_POINT('',(114.544634,-94.655769,0.));
#3042 = LINE('',#3043,#3044);
#3043 = CARTESIAN_POINT('',(114.544634,-94.655769,0.));
#3044 = VECTOR('',#3045,1.);
#3045 = DIRECTION('',(0.,0.,-1.));
#3046 = ORIENTED_EDGE('',*,*,#3047,.F.);
#3047 = EDGE_CURVE('',#3009,#3040,#3048,.T.);
#3048 = LINE('',#3049,#3050);
#3049 = CARTESIAN_POINT('',(113.438745,-92.282924,0.));
#3050 = VECTOR('',#3051,1.);
#3051 = DIRECTION('',(0.422434139627,-0.906393621821,0.));
#3052 = PLANE('',#3053);
#3053 = AXIS2_PLACEMENT_3D('',#3054,#3055,#3056);
#3054 = CARTESIAN_POINT('',(113.438745,-92.282924,0.));
#3055 = DIRECTION('',(-0.906393621821,-0.422434139627,-0.));
#3056 = DIRECTION('',(0.422434139627,-0.906393621821,0.));
#3057 = ADVANCED_FACE('',(#3058),#3083,.F.);
#3058 = FACE_BOUND('',#3059,.F.);
#3059 = EDGE_LOOP('',(#3060,#3061,#3069,#3077));
#3060 = ORIENTED_EDGE('',*,*,#3039,.T.);
#3061 = ORIENTED_EDGE('',*,*,#3062,.T.);
#3062 = EDGE_CURVE('',#3032,#3063,#3065,.T.);
#3063 = VERTEX_POINT('',#3064);
#3064 = CARTESIAN_POINT('',(114.582184,-94.761946,-3.5E-02));
#3065 = LINE('',#3066,#3067);
#3066 = CARTESIAN_POINT('',(114.544634,-94.655769,-3.5E-02));
#3067 = VECTOR('',#3068,1.);
#3068 = DIRECTION('',(0.333418270693,-0.942779007386,0.));
#3069 = ORIENTED_EDGE('',*,*,#3070,.F.);
#3070 = EDGE_CURVE('',#3071,#3063,#3073,.T.);
#3071 = VERTEX_POINT('',#3072);
#3072 = CARTESIAN_POINT('',(114.582184,-94.761946,0.));
#3073 = LINE('',#3074,#3075);
#3074 = CARTESIAN_POINT('',(114.582184,-94.761946,0.));
#3075 = VECTOR('',#3076,1.);
#3076 = DIRECTION('',(0.,0.,-1.));
#3077 = ORIENTED_EDGE('',*,*,#3078,.F.);
#3078 = EDGE_CURVE('',#3040,#3071,#3079,.T.);
#3079 = LINE('',#3080,#3081);
#3080 = CARTESIAN_POINT('',(114.544634,-94.655769,0.));
#3081 = VECTOR('',#3082,1.);
#3082 = DIRECTION('',(0.333418270693,-0.942779007386,0.));
#3083 = PLANE('',#3084);
#3084 = AXIS2_PLACEMENT_3D('',#3085,#3086,#3087);
#3085 = CARTESIAN_POINT('',(114.544634,-94.655769,0.));
#3086 = DIRECTION('',(-0.942779007386,-0.333418270693,-0.));
#3087 = DIRECTION('',(0.333418270693,-0.942779007386,0.));
#3088 = ADVANCED_FACE('',(#3089),#3114,.F.);
#3089 = FACE_BOUND('',#3090,.F.);
#3090 = EDGE_LOOP('',(#3091,#3092,#3100,#3108));
#3091 = ORIENTED_EDGE('',*,*,#3070,.T.);
#3092 = ORIENTED_EDGE('',*,*,#3093,.T.);
#3093 = EDGE_CURVE('',#3063,#3094,#3096,.T.);
#3094 = VERTEX_POINT('',#3095);
#3095 = CARTESIAN_POINT('',(115.264383,-97.315352,-3.5E-02));
#3096 = LINE('',#3097,#3098);
#3097 = CARTESIAN_POINT('',(114.582184,-94.761946,-3.5E-02));
#3098 = VECTOR('',#3099,1.);
#3099 = DIRECTION('',(0.258118564466,-0.966113247336,0.));
#3100 = ORIENTED_EDGE('',*,*,#3101,.F.);
#3101 = EDGE_CURVE('',#3102,#3094,#3104,.T.);
#3102 = VERTEX_POINT('',#3103);
#3103 = CARTESIAN_POINT('',(115.264383,-97.315352,0.));
#3104 = LINE('',#3105,#3106);
#3105 = CARTESIAN_POINT('',(115.264383,-97.315352,0.));
#3106 = VECTOR('',#3107,1.);
#3107 = DIRECTION('',(0.,0.,-1.));
#3108 = ORIENTED_EDGE('',*,*,#3109,.F.);
#3109 = EDGE_CURVE('',#3071,#3102,#3110,.T.);
#3110 = LINE('',#3111,#3112);
#3111 = CARTESIAN_POINT('',(114.582184,-94.761946,0.));
#3112 = VECTOR('',#3113,1.);
#3113 = DIRECTION('',(0.258118564466,-0.966113247336,0.));
#3114 = PLANE('',#3115);
#3115 = AXIS2_PLACEMENT_3D('',#3116,#3117,#3118);
#3116 = CARTESIAN_POINT('',(114.582184,-94.761946,0.));
#3117 = DIRECTION('',(-0.966113247336,-0.258118564466,-0.));
#3118 = DIRECTION('',(0.258118564466,-0.966113247336,0.));
#3119 = ADVANCED_FACE('',(#3120),#3145,.F.);
#3120 = FACE_BOUND('',#3121,.F.);
#3121 = EDGE_LOOP('',(#3122,#3123,#3131,#3139));
#3122 = ORIENTED_EDGE('',*,*,#3101,.T.);
#3123 = ORIENTED_EDGE('',*,*,#3124,.T.);
#3124 = EDGE_CURVE('',#3094,#3125,#3127,.T.);
#3125 = VERTEX_POINT('',#3126);
#3126 = CARTESIAN_POINT('',(115.494832,-99.946341,-3.5E-02));
#3127 = LINE('',#3128,#3129);
#3128 = CARTESIAN_POINT('',(115.264383,-97.315352,-3.5E-02));
#3129 = VECTOR('',#3130,1.);
#3130 = DIRECTION('',(8.72561785137E-02,-0.996185905999,0.));
#3131 = ORIENTED_EDGE('',*,*,#3132,.F.);
#3132 = EDGE_CURVE('',#3133,#3125,#3135,.T.);
#3133 = VERTEX_POINT('',#3134);
#3134 = CARTESIAN_POINT('',(115.494832,-99.946341,0.));
#3135 = LINE('',#3136,#3137);
#3136 = CARTESIAN_POINT('',(115.494832,-99.946341,0.));
#3137 = VECTOR('',#3138,1.);
#3138 = DIRECTION('',(0.,0.,-1.));
#3139 = ORIENTED_EDGE('',*,*,#3140,.F.);
#3140 = EDGE_CURVE('',#3102,#3133,#3141,.T.);
#3141 = LINE('',#3142,#3143);
#3142 = CARTESIAN_POINT('',(115.264383,-97.315352,0.));
#3143 = VECTOR('',#3144,1.);
#3144 = DIRECTION('',(8.72561785137E-02,-0.996185905999,0.));
#3145 = PLANE('',#3146);
#3146 = AXIS2_PLACEMENT_3D('',#3147,#3148,#3149);
#3147 = CARTESIAN_POINT('',(115.264383,-97.315352,0.));
#3148 = DIRECTION('',(-0.996185905999,-8.72561785137E-02,-0.));
#3149 = DIRECTION('',(8.72561785137E-02,-0.996185905999,0.));
#3150 = ADVANCED_FACE('',(#3151),#3176,.F.);
#3151 = FACE_BOUND('',#3152,.F.);
#3152 = EDGE_LOOP('',(#3153,#3154,#3162,#3170));
#3153 = ORIENTED_EDGE('',*,*,#3132,.T.);
#3154 = ORIENTED_EDGE('',*,*,#3155,.T.);
#3155 = EDGE_CURVE('',#3125,#3156,#3158,.T.);
#3156 = VERTEX_POINT('',#3157);
#3157 = CARTESIAN_POINT('',(115.49436,-100.064464,-3.5E-02));
#3158 = LINE('',#3159,#3160);
#3159 = CARTESIAN_POINT('',(115.494832,-99.946341,-3.5E-02));
#3160 = VECTOR('',#3161,1.);
#3161 = DIRECTION('',(-3.995802950373E-03,-0.999992016748,0.));
#3162 = ORIENTED_EDGE('',*,*,#3163,.F.);
#3163 = EDGE_CURVE('',#3164,#3156,#3166,.T.);
#3164 = VERTEX_POINT('',#3165);
#3165 = CARTESIAN_POINT('',(115.49436,-100.064464,0.));
#3166 = LINE('',#3167,#3168);
#3167 = CARTESIAN_POINT('',(115.49436,-100.064464,0.));
#3168 = VECTOR('',#3169,1.);
#3169 = DIRECTION('',(0.,0.,-1.));
#3170 = ORIENTED_EDGE('',*,*,#3171,.F.);
#3171 = EDGE_CURVE('',#3133,#3164,#3172,.T.);
#3172 = LINE('',#3173,#3174);
#3173 = CARTESIAN_POINT('',(115.494832,-99.946341,0.));
#3174 = VECTOR('',#3175,1.);
#3175 = DIRECTION('',(-3.995802950373E-03,-0.999992016748,0.));
#3176 = PLANE('',#3177);
#3177 = AXIS2_PLACEMENT_3D('',#3178,#3179,#3180);
#3178 = CARTESIAN_POINT('',(115.494832,-99.946341,0.));
#3179 = DIRECTION('',(-0.999992016748,3.995802950373E-03,0.));
#3180 = DIRECTION('',(-3.995802950373E-03,-0.999992016748,0.));
#3181 = ADVANCED_FACE('',(#3182),#3207,.F.);
#3182 = FACE_BOUND('',#3183,.F.);
#3183 = EDGE_LOOP('',(#3184,#3185,#3193,#3201));
#3184 = ORIENTED_EDGE('',*,*,#3163,.T.);
#3185 = ORIENTED_EDGE('',*,*,#3186,.T.);
#3186 = EDGE_CURVE('',#3156,#3187,#3189,.T.);
#3187 = VERTEX_POINT('',#3188);
#3188 = CARTESIAN_POINT('',(115.264382,-102.684654,-3.5E-02));
#3189 = LINE('',#3190,#3191);
#3190 = CARTESIAN_POINT('',(115.49436,-100.064464,-3.5E-02));
#3191 = VECTOR('',#3192,1.);
#3192 = DIRECTION('',(-8.743534986328E-02,-0.996170196098,0.));
#3193 = ORIENTED_EDGE('',*,*,#3194,.F.);
#3194 = EDGE_CURVE('',#3195,#3187,#3197,.T.);
#3195 = VERTEX_POINT('',#3196);
#3196 = CARTESIAN_POINT('',(115.264382,-102.684654,0.));
#3197 = LINE('',#3198,#3199);
#3198 = CARTESIAN_POINT('',(115.264382,-102.684654,0.));
#3199 = VECTOR('',#3200,1.);
#3200 = DIRECTION('',(0.,0.,-1.));
#3201 = ORIENTED_EDGE('',*,*,#3202,.F.);
#3202 = EDGE_CURVE('',#3164,#3195,#3203,.T.);
#3203 = LINE('',#3204,#3205);
#3204 = CARTESIAN_POINT('',(115.49436,-100.064464,0.));
#3205 = VECTOR('',#3206,1.);
#3206 = DIRECTION('',(-8.743534986328E-02,-0.996170196098,0.));
#3207 = PLANE('',#3208);
#3208 = AXIS2_PLACEMENT_3D('',#3209,#3210,#3211);
#3209 = CARTESIAN_POINT('',(115.49436,-100.064464,0.));
#3210 = DIRECTION('',(-0.996170196098,8.743534986328E-02,0.));
#3211 = DIRECTION('',(-8.743534986328E-02,-0.996170196098,0.));
#3212 = ADVANCED_FACE('',(#3213),#3238,.F.);
#3213 = FACE_BOUND('',#3214,.F.);
#3214 = EDGE_LOOP('',(#3215,#3216,#3224,#3232));
#3215 = ORIENTED_EDGE('',*,*,#3194,.T.);
#3216 = ORIENTED_EDGE('',*,*,#3217,.T.);
#3217 = EDGE_CURVE('',#3187,#3218,#3220,.T.);
#3218 = VERTEX_POINT('',#3219);
#3219 = CARTESIAN_POINT('',(114.57916,-105.247735,-3.5E-02));
#3220 = LINE('',#3221,#3222);
#3221 = CARTESIAN_POINT('',(115.264382,-102.684654,-3.5E-02));
#3222 = VECTOR('',#3223,1.);
#3223 = DIRECTION('',(-0.258272690683,-0.966072055929,0.));
#3224 = ORIENTED_EDGE('',*,*,#3225,.F.);
#3225 = EDGE_CURVE('',#3226,#3218,#3228,.T.);
#3226 = VERTEX_POINT('',#3227);
#3227 = CARTESIAN_POINT('',(114.57916,-105.247735,0.));
#3228 = LINE('',#3229,#3230);
#3229 = CARTESIAN_POINT('',(114.57916,-105.247735,0.));
#3230 = VECTOR('',#3231,1.);
#3231 = DIRECTION('',(0.,0.,-1.));
#3232 = ORIENTED_EDGE('',*,*,#3233,.F.);
#3233 = EDGE_CURVE('',#3195,#3226,#3234,.T.);
#3234 = LINE('',#3235,#3236);
#3235 = CARTESIAN_POINT('',(115.264382,-102.684654,0.));
#3236 = VECTOR('',#3237,1.);
#3237 = DIRECTION('',(-0.258272690683,-0.966072055929,0.));
#3238 = PLANE('',#3239);
#3239 = AXIS2_PLACEMENT_3D('',#3240,#3241,#3242);
#3240 = CARTESIAN_POINT('',(115.264382,-102.684654,0.));
#3241 = DIRECTION('',(-0.966072055929,0.258272690683,0.));
#3242 = DIRECTION('',(-0.258272690683,-0.966072055929,0.));
#3243 = ADVANCED_FACE('',(#3244),#3269,.F.);
#3244 = FACE_BOUND('',#3245,.F.);
#3245 = EDGE_LOOP('',(#3246,#3247,#3255,#3263));
#3246 = ORIENTED_EDGE('',*,*,#3225,.T.);
#3247 = ORIENTED_EDGE('',*,*,#3248,.T.);
#3248 = EDGE_CURVE('',#3218,#3249,#3251,.T.);
#3249 = VERTEX_POINT('',#3250);
#3250 = CARTESIAN_POINT('',(114.540266,-105.354855,-3.5E-02));
#3251 = LINE('',#3252,#3253);
#3252 = CARTESIAN_POINT('',(114.57916,-105.247735,-3.5E-02));
#3253 = VECTOR('',#3254,1.);
#3254 = DIRECTION('',(-0.341287885218,-0.93995881793,0.));
#3255 = ORIENTED_EDGE('',*,*,#3256,.F.);
#3256 = EDGE_CURVE('',#3257,#3249,#3259,.T.);
#3257 = VERTEX_POINT('',#3258);
#3258 = CARTESIAN_POINT('',(114.540266,-105.354855,0.));
#3259 = LINE('',#3260,#3261);
#3260 = CARTESIAN_POINT('',(114.540266,-105.354855,0.));
#3261 = VECTOR('',#3262,1.);
#3262 = DIRECTION('',(0.,0.,-1.));
#3263 = ORIENTED_EDGE('',*,*,#3264,.F.);
#3264 = EDGE_CURVE('',#3226,#3257,#3265,.T.);
#3265 = LINE('',#3266,#3267);
#3266 = CARTESIAN_POINT('',(114.57916,-105.247735,0.));
#3267 = VECTOR('',#3268,1.);
#3268 = DIRECTION('',(-0.341287885218,-0.93995881793,0.));
#3269 = PLANE('',#3270);
#3270 = AXIS2_PLACEMENT_3D('',#3271,#3272,#3273);
#3271 = CARTESIAN_POINT('',(114.57916,-105.247735,0.));
#3272 = DIRECTION('',(-0.93995881793,0.341287885218,0.));
#3273 = DIRECTION('',(-0.341287885218,-0.93995881793,0.));
#3274 = ADVANCED_FACE('',(#3275),#3300,.F.);
#3275 = FACE_BOUND('',#3276,.F.);
#3276 = EDGE_LOOP('',(#3277,#3278,#3286,#3294));
#3277 = ORIENTED_EDGE('',*,*,#3256,.T.);
#3278 = ORIENTED_EDGE('',*,*,#3279,.T.);
#3279 = EDGE_CURVE('',#3249,#3280,#3282,.T.);
#3280 = VERTEX_POINT('',#3281);
#3281 = CARTESIAN_POINT('',(113.432721,-107.728418,-3.5E-02));
#3282 = LINE('',#3283,#3284);
#3283 = CARTESIAN_POINT('',(114.540266,-105.354855,-3.5E-02));
#3284 = VECTOR('',#3285,1.);
#3285 = DIRECTION('',(-0.422848554061,-0.906200364339,0.));
#3286 = ORIENTED_EDGE('',*,*,#3287,.F.);
#3287 = EDGE_CURVE('',#3288,#3280,#3290,.T.);
#3288 = VERTEX_POINT('',#3289);
#3289 = CARTESIAN_POINT('',(113.432721,-107.728418,0.));
#3290 = LINE('',#3291,#3292);
#3291 = CARTESIAN_POINT('',(113.432721,-107.728418,0.));
#3292 = VECTOR('',#3293,1.);
#3293 = DIRECTION('',(0.,0.,-1.));
#3294 = ORIENTED_EDGE('',*,*,#3295,.F.);
#3295 = EDGE_CURVE('',#3257,#3288,#3296,.T.);
#3296 = LINE('',#3297,#3298);
#3297 = CARTESIAN_POINT('',(114.540266,-105.354855,0.));
#3298 = VECTOR('',#3299,1.);
#3299 = DIRECTION('',(-0.422848554061,-0.906200364339,0.));
#3300 = PLANE('',#3301);
#3301 = AXIS2_PLACEMENT_3D('',#3302,#3303,#3304);
#3302 = CARTESIAN_POINT('',(114.540266,-105.354855,0.));
#3303 = DIRECTION('',(-0.906200364339,0.422848554061,0.));
#3304 = DIRECTION('',(-0.422848554061,-0.906200364339,0.));
#3305 = ADVANCED_FACE('',(#3306),#3331,.F.);
#3306 = FACE_BOUND('',#3307,.F.);
#3307 = EDGE_LOOP('',(#3308,#3309,#3317,#3325));
#3308 = ORIENTED_EDGE('',*,*,#3287,.T.);
#3309 = ORIENTED_EDGE('',*,*,#3310,.T.);
#3310 = EDGE_CURVE('',#3280,#3311,#3313,.T.);
#3311 = VERTEX_POINT('',#3312);
#3312 = CARTESIAN_POINT('',(113.395828,-107.789365,-3.5E-02));
#3313 = LINE('',#3314,#3315);
#3314 = CARTESIAN_POINT('',(113.432721,-107.728418,-3.5E-02));
#3315 = VECTOR('',#3316,1.);
#3316 = DIRECTION('',(-0.517844040936,-0.855475043042,0.));
#3317 = ORIENTED_EDGE('',*,*,#3318,.F.);
#3318 = EDGE_CURVE('',#3319,#3311,#3321,.T.);
#3319 = VERTEX_POINT('',#3320);
#3320 = CARTESIAN_POINT('',(113.395828,-107.789365,0.));
#3321 = LINE('',#3322,#3323);
#3322 = CARTESIAN_POINT('',(113.395828,-107.789365,0.));
#3323 = VECTOR('',#3324,1.);
#3324 = DIRECTION('',(0.,0.,-1.));
#3325 = ORIENTED_EDGE('',*,*,#3326,.F.);
#3326 = EDGE_CURVE('',#3288,#3319,#3327,.T.);
#3327 = LINE('',#3328,#3329);
#3328 = CARTESIAN_POINT('',(113.432721,-107.728418,0.));
#3329 = VECTOR('',#3330,1.);
#3330 = DIRECTION('',(-0.517844040936,-0.855475043042,0.));
#3331 = PLANE('',#3332);
#3332 = AXIS2_PLACEMENT_3D('',#3333,#3334,#3335);
#3333 = CARTESIAN_POINT('',(113.432721,-107.728418,0.));
#3334 = DIRECTION('',(-0.855475043042,0.517844040936,0.));
#3335 = DIRECTION('',(-0.517844040936,-0.855475043042,0.));
#3336 = ADVANCED_FACE('',(#3337),#3362,.F.);
#3337 = FACE_BOUND('',#3338,.F.);
#3338 = EDGE_LOOP('',(#3339,#3340,#3348,#3356));
#3339 = ORIENTED_EDGE('',*,*,#3318,.T.);
#3340 = ORIENTED_EDGE('',*,*,#3341,.T.);
#3341 = EDGE_CURVE('',#3311,#3342,#3344,.T.);
#3342 = VERTEX_POINT('',#3343);
#3343 = CARTESIAN_POINT('',(111.9026,-109.921284,-3.5E-02));
#3344 = LINE('',#3345,#3346);
#3345 = CARTESIAN_POINT('',(113.395828,-107.789365,-3.5E-02));
#3346 = VECTOR('',#3347,1.);
#3347 = DIRECTION('',(-0.57369044102,-0.819072205536,0.));
#3348 = ORIENTED_EDGE('',*,*,#3349,.F.);
#3349 = EDGE_CURVE('',#3350,#3342,#3352,.T.);
#3350 = VERTEX_POINT('',#3351);
#3351 = CARTESIAN_POINT('',(111.9026,-109.921284,0.));
#3352 = LINE('',#3353,#3354);
#3353 = CARTESIAN_POINT('',(111.9026,-109.921284,0.));
#3354 = VECTOR('',#3355,1.);
#3355 = DIRECTION('',(0.,0.,-1.));
#3356 = ORIENTED_EDGE('',*,*,#3357,.F.);
#3357 = EDGE_CURVE('',#3319,#3350,#3358,.T.);
#3358 = LINE('',#3359,#3360);
#3359 = CARTESIAN_POINT('',(113.395828,-107.789365,0.));
#3360 = VECTOR('',#3361,1.);
#3361 = DIRECTION('',(-0.57369044102,-0.819072205536,0.));
#3362 = PLANE('',#3363);
#3363 = AXIS2_PLACEMENT_3D('',#3364,#3365,#3366);
#3364 = CARTESIAN_POINT('',(113.395828,-107.789365,0.));
#3365 = DIRECTION('',(-0.819072205536,0.57369044102,0.));
#3366 = DIRECTION('',(-0.57369044102,-0.819072205536,0.));
#3367 = ADVANCED_FACE('',(#3368),#3393,.F.);
#3368 = FACE_BOUND('',#3369,.F.);
#3369 = EDGE_LOOP('',(#3370,#3371,#3379,#3387));
#3370 = ORIENTED_EDGE('',*,*,#3349,.T.);
#3371 = ORIENTED_EDGE('',*,*,#3372,.T.);
#3372 = EDGE_CURVE('',#3342,#3373,#3375,.T.);
#3373 = VERTEX_POINT('',#3374);
#3374 = CARTESIAN_POINT('',(111.838755,-109.998138,-3.5E-02));
#3375 = LINE('',#3376,#3377);
#3376 = CARTESIAN_POINT('',(111.9026,-109.921284,-3.5E-02));
#3377 = VECTOR('',#3378,1.);
#3378 = DIRECTION('',(-0.639002293812,-0.769204828705,0.));
#3379 = ORIENTED_EDGE('',*,*,#3380,.F.);
#3380 = EDGE_CURVE('',#3381,#3373,#3383,.T.);
#3381 = VERTEX_POINT('',#3382);
#3382 = CARTESIAN_POINT('',(111.838755,-109.998138,0.));
#3383 = LINE('',#3384,#3385);
#3384 = CARTESIAN_POINT('',(111.838755,-109.998138,0.));
#3385 = VECTOR('',#3386,1.);
#3386 = DIRECTION('',(0.,0.,-1.));
#3387 = ORIENTED_EDGE('',*,*,#3388,.F.);
#3388 = EDGE_CURVE('',#3350,#3381,#3389,.T.);
#3389 = LINE('',#3390,#3391);
#3390 = CARTESIAN_POINT('',(111.9026,-109.921284,0.));
#3391 = VECTOR('',#3392,1.);
#3392 = DIRECTION('',(-0.639002293812,-0.769204828705,0.));
#3393 = PLANE('',#3394);
#3394 = AXIS2_PLACEMENT_3D('',#3395,#3396,#3397);
#3395 = CARTESIAN_POINT('',(111.9026,-109.921284,0.));
#3396 = DIRECTION('',(-0.769204828705,0.639002293812,0.));
#3397 = DIRECTION('',(-0.639002293812,-0.769204828705,0.));
#3398 = ADVANCED_FACE('',(#3399),#3424,.F.);
#3399 = FACE_BOUND('',#3400,.F.);
#3400 = EDGE_LOOP('',(#3401,#3402,#3410,#3418));
#3401 = ORIENTED_EDGE('',*,*,#3380,.T.);
#3402 = ORIENTED_EDGE('',*,*,#3403,.T.);
#3403 = EDGE_CURVE('',#3373,#3404,#3406,.T.);
#3404 = VERTEX_POINT('',#3405);
#3405 = CARTESIAN_POINT('',(109.989121,-111.846928,-3.5E-02));
#3406 = LINE('',#3407,#3408);
#3407 = CARTESIAN_POINT('',(111.838755,-109.998138,-3.5E-02));
#3408 = VECTOR('',#3409,1.);
#3409 = DIRECTION('',(-0.707268128293,-0.706945397255,0.));
#3410 = ORIENTED_EDGE('',*,*,#3411,.F.);
#3411 = EDGE_CURVE('',#3412,#3404,#3414,.T.);
#3412 = VERTEX_POINT('',#3413);
#3413 = CARTESIAN_POINT('',(109.989121,-111.846928,0.));
#3414 = LINE('',#3415,#3416);
#3415 = CARTESIAN_POINT('',(109.989121,-111.846928,0.));
#3416 = VECTOR('',#3417,1.);
#3417 = DIRECTION('',(0.,0.,-1.));
#3418 = ORIENTED_EDGE('',*,*,#3419,.F.);
#3419 = EDGE_CURVE('',#3381,#3412,#3420,.T.);
#3420 = LINE('',#3421,#3422);
#3421 = CARTESIAN_POINT('',(111.838755,-109.998138,0.));
#3422 = VECTOR('',#3423,1.);
#3423 = DIRECTION('',(-0.707268128293,-0.706945397255,0.));
#3424 = PLANE('',#3425);
#3425 = AXIS2_PLACEMENT_3D('',#3426,#3427,#3428);
#3426 = CARTESIAN_POINT('',(111.838755,-109.998138,0.));
#3427 = DIRECTION('',(-0.706945397255,0.707268128293,0.));
#3428 = DIRECTION('',(-0.707268128293,-0.706945397255,0.));
#3429 = ADVANCED_FACE('',(#3430),#3455,.F.);
#3430 = FACE_BOUND('',#3431,.F.);
#3431 = EDGE_LOOP('',(#3432,#3433,#3441,#3449));
#3432 = ORIENTED_EDGE('',*,*,#3411,.T.);
#3433 = ORIENTED_EDGE('',*,*,#3434,.T.);
#3434 = EDGE_CURVE('',#3404,#3435,#3437,.T.);
#3435 = VERTEX_POINT('',#3436);
#3436 = CARTESIAN_POINT('',(109.913744,-111.908321,-3.5E-02));
#3437 = LINE('',#3438,#3439);
#3438 = CARTESIAN_POINT('',(109.989121,-111.846928,-3.5E-02));
#3439 = VECTOR('',#3440,1.);
#3440 = DIRECTION('',(-0.775362392933,-0.631516555306,0.));
#3441 = ORIENTED_EDGE('',*,*,#3442,.F.);
#3442 = EDGE_CURVE('',#3443,#3435,#3445,.T.);
#3443 = VERTEX_POINT('',#3444);
#3444 = CARTESIAN_POINT('',(109.913744,-111.908321,0.));
#3445 = LINE('',#3446,#3447);
#3446 = CARTESIAN_POINT('',(109.913744,-111.908321,0.));
#3447 = VECTOR('',#3448,1.);
#3448 = DIRECTION('',(0.,0.,-1.));
#3449 = ORIENTED_EDGE('',*,*,#3450,.F.);
#3450 = EDGE_CURVE('',#3412,#3443,#3451,.T.);
#3451 = LINE('',#3452,#3453);
#3452 = CARTESIAN_POINT('',(109.989121,-111.846928,0.));
#3453 = VECTOR('',#3454,1.);
#3454 = DIRECTION('',(-0.775362392933,-0.631516555306,0.));
#3455 = PLANE('',#3456);
#3456 = AXIS2_PLACEMENT_3D('',#3457,#3458,#3459);
#3457 = CARTESIAN_POINT('',(109.989121,-111.846928,0.));
#3458 = DIRECTION('',(-0.631516555306,0.775362392933,0.));
#3459 = DIRECTION('',(-0.775362392933,-0.631516555306,0.));
#3460 = ADVANCED_FACE('',(#3461),#3486,.F.);
#3461 = FACE_BOUND('',#3462,.F.);
#3462 = EDGE_LOOP('',(#3463,#3464,#3472,#3480));
#3463 = ORIENTED_EDGE('',*,*,#3442,.T.);
#3464 = ORIENTED_EDGE('',*,*,#3465,.T.);
#3465 = EDGE_CURVE('',#3435,#3466,#3468,.T.);
#3466 = VERTEX_POINT('',#3467);
#3467 = CARTESIAN_POINT('',(107.78199,-113.400611,-3.5E-02));
#3468 = LINE('',#3469,#3470);
#3469 = CARTESIAN_POINT('',(109.913744,-111.908321,-3.5E-02));
#3470 = VECTOR('',#3471,1.);
#3471 = DIRECTION('',(-0.819220690718,-0.573478386602,0.));
#3472 = ORIENTED_EDGE('',*,*,#3473,.F.);
#3473 = EDGE_CURVE('',#3474,#3466,#3476,.T.);
#3474 = VERTEX_POINT('',#3475);
#3475 = CARTESIAN_POINT('',(107.78199,-113.400611,0.));
#3476 = LINE('',#3477,#3478);
#3477 = CARTESIAN_POINT('',(107.78199,-113.400611,0.));
#3478 = VECTOR('',#3479,1.);
#3479 = DIRECTION('',(0.,0.,-1.));
#3480 = ORIENTED_EDGE('',*,*,#3481,.F.);
#3481 = EDGE_CURVE('',#3443,#3474,#3482,.T.);
#3482 = LINE('',#3483,#3484);
#3483 = CARTESIAN_POINT('',(109.913744,-111.908321,0.));
#3484 = VECTOR('',#3485,1.);
#3485 = DIRECTION('',(-0.819220690718,-0.573478386602,0.));
#3486 = PLANE('',#3487);
#3487 = AXIS2_PLACEMENT_3D('',#3488,#3489,#3490);
#3488 = CARTESIAN_POINT('',(109.913744,-111.908321,0.));
#3489 = DIRECTION('',(-0.573478386602,0.819220690718,0.));
#3490 = DIRECTION('',(-0.819220690718,-0.573478386602,0.));
#3491 = ADVANCED_FACE('',(#3492),#3517,.F.);
#3492 = FACE_BOUND('',#3493,.F.);
#3493 = EDGE_LOOP('',(#3494,#3495,#3503,#3511));
#3494 = ORIENTED_EDGE('',*,*,#3473,.T.);
#3495 = ORIENTED_EDGE('',*,*,#3496,.T.);
#3496 = EDGE_CURVE('',#3466,#3497,#3499,.T.);
#3497 = VERTEX_POINT('',#3498);
#3498 = CARTESIAN_POINT('',(107.717074,-113.438745,-3.5E-02));
#3499 = LINE('',#3500,#3501);
#3500 = CARTESIAN_POINT('',(107.78199,-113.400611,-3.5E-02));
#3501 = VECTOR('',#3502,1.);
#3502 = DIRECTION('',(-0.86223522013,-0.50650807019,0.));
#3503 = ORIENTED_EDGE('',*,*,#3504,.F.);
#3504 = EDGE_CURVE('',#3505,#3497,#3507,.T.);
#3505 = VERTEX_POINT('',#3506);
#3506 = CARTESIAN_POINT('',(107.717074,-113.438745,0.));
#3507 = LINE('',#3508,#3509);
#3508 = CARTESIAN_POINT('',(107.717074,-113.438745,0.));
#3509 = VECTOR('',#3510,1.);
#3510 = DIRECTION('',(0.,0.,-1.));
#3511 = ORIENTED_EDGE('',*,*,#3512,.F.);
#3512 = EDGE_CURVE('',#3474,#3505,#3513,.T.);
#3513 = LINE('',#3514,#3515);
#3514 = CARTESIAN_POINT('',(107.78199,-113.400611,0.));
#3515 = VECTOR('',#3516,1.);
#3516 = DIRECTION('',(-0.86223522013,-0.50650807019,0.));
#3517 = PLANE('',#3518);
#3518 = AXIS2_PLACEMENT_3D('',#3519,#3520,#3521);
#3519 = CARTESIAN_POINT('',(107.78199,-113.400611,0.));
#3520 = DIRECTION('',(-0.50650807019,0.86223522013,0.));
#3521 = DIRECTION('',(-0.86223522013,-0.50650807019,0.));
#3522 = ADVANCED_FACE('',(#3523),#3548,.F.);
#3523 = FACE_BOUND('',#3524,.F.);
#3524 = EDGE_LOOP('',(#3525,#3526,#3534,#3542));
#3525 = ORIENTED_EDGE('',*,*,#3504,.T.);
#3526 = ORIENTED_EDGE('',*,*,#3527,.T.);
#3527 = EDGE_CURVE('',#3497,#3528,#3530,.T.);
#3528 = VERTEX_POINT('',#3529);
#3529 = CARTESIAN_POINT('',(105.344224,-114.544636,-3.5E-02));
#3530 = LINE('',#3531,#3532);
#3531 = CARTESIAN_POINT('',(107.717074,-113.438745,-3.5E-02));
#3532 = VECTOR('',#3533,1.);
#3533 = DIRECTION('',(-0.906393670131,-0.422434035971,0.));
#3534 = ORIENTED_EDGE('',*,*,#3535,.F.);
#3535 = EDGE_CURVE('',#3536,#3528,#3538,.T.);
#3536 = VERTEX_POINT('',#3537);
#3537 = CARTESIAN_POINT('',(105.344224,-114.544636,0.));
#3538 = LINE('',#3539,#3540);
#3539 = CARTESIAN_POINT('',(105.344224,-114.544636,0.));
#3540 = VECTOR('',#3541,1.);
#3541 = DIRECTION('',(0.,0.,-1.));
#3542 = ORIENTED_EDGE('',*,*,#3543,.F.);
#3543 = EDGE_CURVE('',#3505,#3536,#3544,.T.);
#3544 = LINE('',#3545,#3546);
#3545 = CARTESIAN_POINT('',(107.717074,-113.438745,0.));
#3546 = VECTOR('',#3547,1.);
#3547 = DIRECTION('',(-0.906393670131,-0.422434035971,0.));
#3548 = PLANE('',#3549);
#3549 = AXIS2_PLACEMENT_3D('',#3550,#3551,#3552);
#3550 = CARTESIAN_POINT('',(107.717074,-113.438745,0.));
#3551 = DIRECTION('',(-0.422434035971,0.906393670131,0.));
#3552 = DIRECTION('',(-0.906393670131,-0.422434035971,0.));
#3553 = ADVANCED_FACE('',(#3554),#3579,.F.);
#3554 = FACE_BOUND('',#3555,.F.);
#3555 = EDGE_LOOP('',(#3556,#3557,#3565,#3573));
#3556 = ORIENTED_EDGE('',*,*,#3535,.T.);
#3557 = ORIENTED_EDGE('',*,*,#3558,.T.);
#3558 = EDGE_CURVE('',#3528,#3559,#3561,.T.);
#3559 = VERTEX_POINT('',#3560);
#3560 = CARTESIAN_POINT('',(105.238055,-114.582183,-3.5E-02));
#3561 = LINE('',#3562,#3563);
#3562 = CARTESIAN_POINT('',(105.344224,-114.544636,-3.5E-02));
#3563 = VECTOR('',#3564,1.);
#3564 = DIRECTION('',(-0.942779484039,-0.333416922899,0.));
#3565 = ORIENTED_EDGE('',*,*,#3566,.F.);
#3566 = EDGE_CURVE('',#3567,#3559,#3569,.T.);
#3567 = VERTEX_POINT('',#3568);
#3568 = CARTESIAN_POINT('',(105.238055,-114.582183,0.));
#3569 = LINE('',#3570,#3571);
#3570 = CARTESIAN_POINT('',(105.238055,-114.582183,0.));
#3571 = VECTOR('',#3572,1.);
#3572 = DIRECTION('',(0.,0.,-1.));
#3573 = ORIENTED_EDGE('',*,*,#3574,.F.);
#3574 = EDGE_CURVE('',#3536,#3567,#3575,.T.);
#3575 = LINE('',#3576,#3577);
#3576 = CARTESIAN_POINT('',(105.344224,-114.544636,0.));
#3577 = VECTOR('',#3578,1.);
#3578 = DIRECTION('',(-0.942779484039,-0.333416922899,0.));
#3579 = PLANE('',#3580);
#3580 = AXIS2_PLACEMENT_3D('',#3581,#3582,#3583);
#3581 = CARTESIAN_POINT('',(105.344224,-114.544636,0.));
#3582 = DIRECTION('',(-0.333416922899,0.942779484039,0.));
#3583 = DIRECTION('',(-0.942779484039,-0.333416922899,0.));
#3584 = ADVANCED_FACE('',(#3585),#3610,.F.);
#3585 = FACE_BOUND('',#3586,.F.);
#3586 = EDGE_LOOP('',(#3587,#3588,#3596,#3604));
#3587 = ORIENTED_EDGE('',*,*,#3566,.T.);
#3588 = ORIENTED_EDGE('',*,*,#3589,.T.);
#3589 = EDGE_CURVE('',#3559,#3590,#3592,.T.);
#3590 = VERTEX_POINT('',#3591);
#3591 = CARTESIAN_POINT('',(102.684654,-115.264382,-3.5E-02));
#3592 = LINE('',#3593,#3594);
#3593 = CARTESIAN_POINT('',(105.238055,-114.582183,-3.5E-02));
#3594 = VECTOR('',#3595,1.);
#3595 = DIRECTION('',(-0.966113121293,-0.258119036232,0.));
#3596 = ORIENTED_EDGE('',*,*,#3597,.F.);
#3597 = EDGE_CURVE('',#3598,#3590,#3600,.T.);
#3598 = VERTEX_POINT('',#3599);
#3599 = CARTESIAN_POINT('',(102.684654,-115.264382,0.));
#3600 = LINE('',#3601,#3602);
#3601 = CARTESIAN_POINT('',(102.684654,-115.264382,0.));
#3602 = VECTOR('',#3603,1.);
#3603 = DIRECTION('',(0.,0.,-1.));
#3604 = ORIENTED_EDGE('',*,*,#3605,.F.);
#3605 = EDGE_CURVE('',#3567,#3598,#3606,.T.);
#3606 = LINE('',#3607,#3608);
#3607 = CARTESIAN_POINT('',(105.238055,-114.582183,0.));
#3608 = VECTOR('',#3609,1.);
#3609 = DIRECTION('',(-0.966113121293,-0.258119036232,0.));
#3610 = PLANE('',#3611);
#3611 = AXIS2_PLACEMENT_3D('',#3612,#3613,#3614);
#3612 = CARTESIAN_POINT('',(105.238055,-114.582183,0.));
#3613 = DIRECTION('',(-0.258119036232,0.966113121293,0.));
#3614 = DIRECTION('',(-0.966113121293,-0.258119036232,0.));
#3615 = ADVANCED_FACE('',(#3616),#3641,.F.);
#3616 = FACE_BOUND('',#3617,.F.);
#3617 = EDGE_LOOP('',(#3618,#3619,#3627,#3635));
#3618 = ORIENTED_EDGE('',*,*,#3597,.T.);
#3619 = ORIENTED_EDGE('',*,*,#3620,.T.);
#3620 = EDGE_CURVE('',#3590,#3621,#3623,.T.);
#3621 = VERTEX_POINT('',#3622);
#3622 = CARTESIAN_POINT('',(100.053658,-115.494832,-3.5E-02));
#3623 = LINE('',#3624,#3625);
#3624 = CARTESIAN_POINT('',(102.684654,-115.264382,-3.5E-02));
#3625 = VECTOR('',#3626,1.);
#3626 = DIRECTION('',(-0.996185893266,-8.72563238801E-02,0.));
#3627 = ORIENTED_EDGE('',*,*,#3628,.F.);
#3628 = EDGE_CURVE('',#3629,#3621,#3631,.T.);
#3629 = VERTEX_POINT('',#3630);
#3630 = CARTESIAN_POINT('',(100.053658,-115.494832,0.));
#3631 = LINE('',#3632,#3633);
#3632 = CARTESIAN_POINT('',(100.053658,-115.494832,0.));
#3633 = VECTOR('',#3634,1.);
#3634 = DIRECTION('',(0.,0.,-1.));
#3635 = ORIENTED_EDGE('',*,*,#3636,.F.);
#3636 = EDGE_CURVE('',#3598,#3629,#3637,.T.);
#3637 = LINE('',#3638,#3639);
#3638 = CARTESIAN_POINT('',(102.684654,-115.264382,0.));
#3639 = VECTOR('',#3640,1.);
#3640 = DIRECTION('',(-0.996185893266,-8.72563238801E-02,0.));
#3641 = PLANE('',#3642);
#3642 = AXIS2_PLACEMENT_3D('',#3643,#3644,#3645);
#3643 = CARTESIAN_POINT('',(102.684654,-115.264382,0.));
#3644 = DIRECTION('',(-8.72563238801E-02,0.996185893266,0.));
#3645 = DIRECTION('',(-0.996185893266,-8.72563238801E-02,0.));
#3646 = ADVANCED_FACE('',(#3647),#3672,.F.);
#3647 = FACE_BOUND('',#3648,.F.);
#3648 = EDGE_LOOP('',(#3649,#3650,#3658,#3666));
#3649 = ORIENTED_EDGE('',*,*,#3628,.T.);
#3650 = ORIENTED_EDGE('',*,*,#3651,.T.);
#3651 = EDGE_CURVE('',#3621,#3652,#3654,.T.);
#3652 = VERTEX_POINT('',#3653);
#3653 = CARTESIAN_POINT('',(99.935535,-115.49436,-3.5E-02));
#3654 = LINE('',#3655,#3656);
#3655 = CARTESIAN_POINT('',(100.053658,-115.494832,-3.5E-02));
#3656 = VECTOR('',#3657,1.);
#3657 = DIRECTION('',(-0.999992016748,3.995802950373E-03,0.));
#3658 = ORIENTED_EDGE('',*,*,#3659,.F.);
#3659 = EDGE_CURVE('',#3660,#3652,#3662,.T.);
#3660 = VERTEX_POINT('',#3661);
#3661 = CARTESIAN_POINT('',(99.935535,-115.49436,0.));
#3662 = LINE('',#3663,#3664);
#3663 = CARTESIAN_POINT('',(99.935535,-115.49436,0.));
#3664 = VECTOR('',#3665,1.);
#3665 = DIRECTION('',(0.,0.,-1.));
#3666 = ORIENTED_EDGE('',*,*,#3667,.F.);
#3667 = EDGE_CURVE('',#3629,#3660,#3668,.T.);
#3668 = LINE('',#3669,#3670);
#3669 = CARTESIAN_POINT('',(100.053658,-115.494832,0.));
#3670 = VECTOR('',#3671,1.);
#3671 = DIRECTION('',(-0.999992016748,3.995802950373E-03,0.));
#3672 = PLANE('',#3673);
#3673 = AXIS2_PLACEMENT_3D('',#3674,#3675,#3676);
#3674 = CARTESIAN_POINT('',(100.053658,-115.494832,0.));
#3675 = DIRECTION('',(3.995802950373E-03,0.999992016748,0.));
#3676 = DIRECTION('',(-0.999992016748,3.995802950373E-03,0.));
#3677 = ADVANCED_FACE('',(#3678),#3703,.F.);
#3678 = FACE_BOUND('',#3679,.F.);
#3679 = EDGE_LOOP('',(#3680,#3681,#3689,#3697));
#3680 = ORIENTED_EDGE('',*,*,#3659,.T.);
#3681 = ORIENTED_EDGE('',*,*,#3682,.T.);
#3682 = EDGE_CURVE('',#3652,#3683,#3685,.T.);
#3683 = VERTEX_POINT('',#3684);
#3684 = CARTESIAN_POINT('',(97.315352,-115.264383,-3.5E-02));
#3685 = LINE('',#3686,#3687);
#3686 = CARTESIAN_POINT('',(99.935535,-115.49436,-3.5E-02));
#3687 = VECTOR('',#3688,1.);
#3688 = DIRECTION('',(-0.996170208867,8.743520438254E-02,0.));
#3689 = ORIENTED_EDGE('',*,*,#3690,.F.);
#3690 = EDGE_CURVE('',#3691,#3683,#3693,.T.);
#3691 = VERTEX_POINT('',#3692);
#3692 = CARTESIAN_POINT('',(97.315352,-115.264383,0.));
#3693 = LINE('',#3694,#3695);
#3694 = CARTESIAN_POINT('',(97.315352,-115.264383,0.));
#3695 = VECTOR('',#3696,1.);
#3696 = DIRECTION('',(0.,0.,-1.));
#3697 = ORIENTED_EDGE('',*,*,#3698,.F.);
#3698 = EDGE_CURVE('',#3660,#3691,#3699,.T.);
#3699 = LINE('',#3700,#3701);
#3700 = CARTESIAN_POINT('',(99.935535,-115.49436,0.));
#3701 = VECTOR('',#3702,1.);
#3702 = DIRECTION('',(-0.996170208867,8.743520438254E-02,0.));
#3703 = PLANE('',#3704);
#3704 = AXIS2_PLACEMENT_3D('',#3705,#3706,#3707);
#3705 = CARTESIAN_POINT('',(99.935535,-115.49436,0.));
#3706 = DIRECTION('',(8.743520438254E-02,0.996170208867,0.));
#3707 = DIRECTION('',(-0.996170208867,8.743520438254E-02,0.));
#3708 = ADVANCED_FACE('',(#3709),#3734,.F.);
#3709 = FACE_BOUND('',#3710,.F.);
#3710 = EDGE_LOOP('',(#3711,#3712,#3720,#3728));
#3711 = ORIENTED_EDGE('',*,*,#3690,.T.);
#3712 = ORIENTED_EDGE('',*,*,#3713,.T.);
#3713 = EDGE_CURVE('',#3683,#3714,#3716,.T.);
#3714 = VERTEX_POINT('',#3715);
#3715 = CARTESIAN_POINT('',(94.752266,-114.579161,-3.5E-02));
#3716 = LINE('',#3717,#3718);
#3717 = CARTESIAN_POINT('',(97.315352,-115.264383,-3.5E-02));
#3718 = VECTOR('',#3719,1.);
#3719 = DIRECTION('',(-0.96607218164,0.258272220459,0.));
#3720 = ORIENTED_EDGE('',*,*,#3721,.F.);
#3721 = EDGE_CURVE('',#3722,#3714,#3724,.T.);
#3722 = VERTEX_POINT('',#3723);
#3723 = CARTESIAN_POINT('',(94.752266,-114.579161,0.));
#3724 = LINE('',#3725,#3726);
#3725 = CARTESIAN_POINT('',(94.752266,-114.579161,0.));
#3726 = VECTOR('',#3727,1.);
#3727 = DIRECTION('',(0.,0.,-1.));
#3728 = ORIENTED_EDGE('',*,*,#3729,.F.);
#3729 = EDGE_CURVE('',#3691,#3722,#3730,.T.);
#3730 = LINE('',#3731,#3732);
#3731 = CARTESIAN_POINT('',(97.315352,-115.264383,0.));
#3732 = VECTOR('',#3733,1.);
#3733 = DIRECTION('',(-0.96607218164,0.258272220459,0.));
#3734 = PLANE('',#3735);
#3735 = AXIS2_PLACEMENT_3D('',#3736,#3737,#3738);
#3736 = CARTESIAN_POINT('',(97.315352,-115.264383,0.));
#3737 = DIRECTION('',(0.258272220459,0.96607218164,0.));
#3738 = DIRECTION('',(-0.96607218164,0.258272220459,0.));
#3739 = ADVANCED_FACE('',(#3740),#3765,.F.);
#3740 = FACE_BOUND('',#3741,.F.);
#3741 = EDGE_LOOP('',(#3742,#3743,#3751,#3759));
#3742 = ORIENTED_EDGE('',*,*,#3721,.T.);
#3743 = ORIENTED_EDGE('',*,*,#3744,.T.);
#3744 = EDGE_CURVE('',#3714,#3745,#3747,.T.);
#3745 = VERTEX_POINT('',#3746);
#3746 = CARTESIAN_POINT('',(94.645138,-114.540264,-3.5E-02));
#3747 = LINE('',#3748,#3749);
#3748 = CARTESIAN_POINT('',(94.752266,-114.579161,-3.5E-02));
#3749 = VECTOR('',#3750,1.);
#3750 = DIRECTION('',(-0.9399585497,0.341288623961,0.));
#3751 = ORIENTED_EDGE('',*,*,#3752,.F.);
#3752 = EDGE_CURVE('',#3753,#3745,#3755,.T.);
#3753 = VERTEX_POINT('',#3754);
#3754 = CARTESIAN_POINT('',(94.645138,-114.540264,0.));
#3755 = LINE('',#3756,#3757);
#3756 = CARTESIAN_POINT('',(94.645138,-114.540264,0.));
#3757 = VECTOR('',#3758,1.);
#3758 = DIRECTION('',(0.,0.,-1.));
#3759 = ORIENTED_EDGE('',*,*,#3760,.F.);
#3760 = EDGE_CURVE('',#3722,#3753,#3761,.T.);
#3761 = LINE('',#3762,#3763);
#3762 = CARTESIAN_POINT('',(94.752266,-114.579161,0.));
#3763 = VECTOR('',#3764,1.);
#3764 = DIRECTION('',(-0.9399585497,0.341288623961,0.));
#3765 = PLANE('',#3766);
#3766 = AXIS2_PLACEMENT_3D('',#3767,#3768,#3769);
#3767 = CARTESIAN_POINT('',(94.752266,-114.579161,0.));
#3768 = DIRECTION('',(0.341288623961,0.9399585497,0.));
#3769 = DIRECTION('',(-0.9399585497,0.341288623961,0.));
#3770 = ADVANCED_FACE('',(#3771),#3796,.F.);
#3771 = FACE_BOUND('',#3772,.F.);
#3772 = EDGE_LOOP('',(#3773,#3774,#3782,#3790));
#3773 = ORIENTED_EDGE('',*,*,#3752,.T.);
#3774 = ORIENTED_EDGE('',*,*,#3775,.T.);
#3775 = EDGE_CURVE('',#3745,#3776,#3778,.T.);
#3776 = VERTEX_POINT('',#3777);
#3777 = CARTESIAN_POINT('',(92.27158,-113.432721,-3.5E-02));
#3778 = LINE('',#3779,#3780);
#3779 = CARTESIAN_POINT('',(94.645138,-114.540264,-3.5E-02));
#3780 = VECTOR('',#3781,1.);
#3781 = DIRECTION('',(-0.90620031561,0.422848658492,0.));
#3782 = ORIENTED_EDGE('',*,*,#3783,.F.);
#3783 = EDGE_CURVE('',#3784,#3776,#3786,.T.);
#3784 = VERTEX_POINT('',#3785);
#3785 = CARTESIAN_POINT('',(92.27158,-113.432721,0.));
#3786 = LINE('',#3787,#3788);
#3787 = CARTESIAN_POINT('',(92.27158,-113.432721,0.));
#3788 = VECTOR('',#3789,1.);
#3789 = DIRECTION('',(0.,0.,-1.));
#3790 = ORIENTED_EDGE('',*,*,#3791,.F.);
#3791 = EDGE_CURVE('',#3753,#3784,#3792,.T.);
#3792 = LINE('',#3793,#3794);
#3793 = CARTESIAN_POINT('',(94.645138,-114.540264,0.));
#3794 = VECTOR('',#3795,1.);
#3795 = DIRECTION('',(-0.90620031561,0.422848658492,0.));
#3796 = PLANE('',#3797);
#3797 = AXIS2_PLACEMENT_3D('',#3798,#3799,#3800);
#3798 = CARTESIAN_POINT('',(94.645138,-114.540264,0.));
#3799 = DIRECTION('',(0.422848658492,0.90620031561,0.));
#3800 = DIRECTION('',(-0.90620031561,0.422848658492,0.));
#3801 = ADVANCED_FACE('',(#3802),#3827,.F.);
#3802 = FACE_BOUND('',#3803,.F.);
#3803 = EDGE_LOOP('',(#3804,#3805,#3813,#3821));
#3804 = ORIENTED_EDGE('',*,*,#3783,.T.);
#3805 = ORIENTED_EDGE('',*,*,#3806,.T.);
#3806 = EDGE_CURVE('',#3776,#3807,#3809,.T.);
#3807 = VERTEX_POINT('',#3808);
#3808 = CARTESIAN_POINT('',(92.210634,-113.395828,-3.5E-02));
#3809 = LINE('',#3810,#3811);
#3810 = CARTESIAN_POINT('',(92.27158,-113.432721,-3.5E-02));
#3811 = VECTOR('',#3812,1.);
#3812 = DIRECTION('',(-0.855471278945,0.517850259149,0.));
#3813 = ORIENTED_EDGE('',*,*,#3814,.F.);
#3814 = EDGE_CURVE('',#3815,#3807,#3817,.T.);
#3815 = VERTEX_POINT('',#3816);
#3816 = CARTESIAN_POINT('',(92.210634,-113.395828,0.));
#3817 = LINE('',#3818,#3819);
#3818 = CARTESIAN_POINT('',(92.210634,-113.395828,0.));
#3819 = VECTOR('',#3820,1.);
#3820 = DIRECTION('',(0.,0.,-1.));
#3821 = ORIENTED_EDGE('',*,*,#3822,.F.);
#3822 = EDGE_CURVE('',#3784,#3815,#3823,.T.);
#3823 = LINE('',#3824,#3825);
#3824 = CARTESIAN_POINT('',(92.27158,-113.432721,0.));
#3825 = VECTOR('',#3826,1.);
#3826 = DIRECTION('',(-0.855471278945,0.517850259149,0.));
#3827 = PLANE('',#3828);
#3828 = AXIS2_PLACEMENT_3D('',#3829,#3830,#3831);
#3829 = CARTESIAN_POINT('',(92.27158,-113.432721,0.));
#3830 = DIRECTION('',(0.517850259149,0.855471278945,0.));
#3831 = DIRECTION('',(-0.855471278945,0.517850259149,0.));
#3832 = ADVANCED_FACE('',(#3833),#3858,.F.);
#3833 = FACE_BOUND('',#3834,.F.);
#3834 = EDGE_LOOP('',(#3835,#3836,#3844,#3852));
#3835 = ORIENTED_EDGE('',*,*,#3814,.T.);
#3836 = ORIENTED_EDGE('',*,*,#3837,.T.);
#3837 = EDGE_CURVE('',#3807,#3838,#3840,.T.);
#3838 = VERTEX_POINT('',#3839);
#3839 = CARTESIAN_POINT('',(90.07872,-111.902605,-3.5E-02));
#3840 = LINE('',#3841,#3842);
#3841 = CARTESIAN_POINT('',(92.210634,-113.395828,-3.5E-02));
#3842 = VECTOR('',#3843,1.);
#3843 = DIRECTION('',(-0.819072475959,0.573690054931,0.));
#3844 = ORIENTED_EDGE('',*,*,#3845,.F.);
#3845 = EDGE_CURVE('',#3846,#3838,#3848,.T.);
#3846 = VERTEX_POINT('',#3847);
#3847 = CARTESIAN_POINT('',(90.07872,-111.902605,0.));
#3848 = LINE('',#3849,#3850);
#3849 = CARTESIAN_POINT('',(90.07872,-111.902605,0.));
#3850 = VECTOR('',#3851,1.);
#3851 = DIRECTION('',(0.,0.,-1.));
#3852 = ORIENTED_EDGE('',*,*,#3853,.F.);
#3853 = EDGE_CURVE('',#3815,#3846,#3854,.T.);
#3854 = LINE('',#3855,#3856);
#3855 = CARTESIAN_POINT('',(92.210634,-113.395828,0.));
#3856 = VECTOR('',#3857,1.);
#3857 = DIRECTION('',(-0.819072475959,0.573690054931,0.));
#3858 = PLANE('',#3859);
#3859 = AXIS2_PLACEMENT_3D('',#3860,#3861,#3862);
#3860 = CARTESIAN_POINT('',(92.210634,-113.395828,0.));
#3861 = DIRECTION('',(0.573690054931,0.819072475959,0.));
#3862 = DIRECTION('',(-0.819072475959,0.573690054931,0.));
#3863 = ADVANCED_FACE('',(#3864),#3889,.F.);
#3864 = FACE_BOUND('',#3865,.F.);
#3865 = EDGE_LOOP('',(#3866,#3867,#3875,#3883));
#3866 = ORIENTED_EDGE('',*,*,#3845,.T.);
#3867 = ORIENTED_EDGE('',*,*,#3868,.T.);
#3868 = EDGE_CURVE('',#3838,#3869,#3871,.T.);
#3869 = VERTEX_POINT('',#3870);
#3870 = CARTESIAN_POINT('',(90.001855,-111.838751,-3.5E-02));
#3871 = LINE('',#3872,#3873);
#3872 = CARTESIAN_POINT('',(90.07872,-111.902605,-3.5E-02));
#3873 = VECTOR('',#3874,1.);
#3874 = DIRECTION('',(-0.769205507699,0.639001476466,0.));
#3875 = ORIENTED_EDGE('',*,*,#3876,.F.);
#3876 = EDGE_CURVE('',#3877,#3869,#3879,.T.);
#3877 = VERTEX_POINT('',#3878);
#3878 = CARTESIAN_POINT('',(90.001855,-111.838751,0.));
#3879 = LINE('',#3880,#3881);
#3880 = CARTESIAN_POINT('',(90.001855,-111.838751,0.));
#3881 = VECTOR('',#3882,1.);
#3882 = DIRECTION('',(0.,0.,-1.));
#3883 = ORIENTED_EDGE('',*,*,#3884,.F.);
#3884 = EDGE_CURVE('',#3846,#3877,#3885,.T.);
#3885 = LINE('',#3886,#3887);
#3886 = CARTESIAN_POINT('',(90.07872,-111.902605,0.));
#3887 = VECTOR('',#3888,1.);
#3888 = DIRECTION('',(-0.769205507699,0.639001476466,0.));
#3889 = PLANE('',#3890);
#3890 = AXIS2_PLACEMENT_3D('',#3891,#3892,#3893);
#3891 = CARTESIAN_POINT('',(90.07872,-111.902605,0.));
#3892 = DIRECTION('',(0.639001476466,0.769205507699,0.));
#3893 = DIRECTION('',(-0.769205507699,0.639001476466,0.));
#3894 = ADVANCED_FACE('',(#3895),#3920,.F.);
#3895 = FACE_BOUND('',#3896,.F.);
#3896 = EDGE_LOOP('',(#3897,#3898,#3906,#3914));
#3897 = ORIENTED_EDGE('',*,*,#3876,.T.);
#3898 = ORIENTED_EDGE('',*,*,#3899,.T.);
#3899 = EDGE_CURVE('',#3869,#3900,#3902,.T.);
#3900 = VERTEX_POINT('',#3901);
#3901 = CARTESIAN_POINT('',(88.15307,-109.989121,-3.5E-02));
#3902 = LINE('',#3903,#3904);
#3903 = CARTESIAN_POINT('',(90.001855,-111.838751,-3.5E-02));
#3904 = VECTOR('',#3905,1.);
#3905 = DIRECTION('',(-0.706945205627,0.707268319834,0.));
#3906 = ORIENTED_EDGE('',*,*,#3907,.F.);
#3907 = EDGE_CURVE('',#3908,#3900,#3910,.T.);
#3908 = VERTEX_POINT('',#3909);
#3909 = CARTESIAN_POINT('',(88.15307,-109.989121,0.));
#3910 = LINE('',#3911,#3912);
#3911 = CARTESIAN_POINT('',(88.15307,-109.989121,0.));
#3912 = VECTOR('',#3913,1.);
#3913 = DIRECTION('',(0.,0.,-1.));
#3914 = ORIENTED_EDGE('',*,*,#3915,.F.);
#3915 = EDGE_CURVE('',#3877,#3908,#3916,.T.);
#3916 = LINE('',#3917,#3918);
#3917 = CARTESIAN_POINT('',(90.001855,-111.838751,0.));
#3918 = VECTOR('',#3919,1.);
#3919 = DIRECTION('',(-0.706945205627,0.707268319834,0.));
#3920 = PLANE('',#3921);
#3921 = AXIS2_PLACEMENT_3D('',#3922,#3923,#3924);
#3922 = CARTESIAN_POINT('',(90.001855,-111.838751,0.));
#3923 = DIRECTION('',(0.707268319834,0.706945205627,0.));
#3924 = DIRECTION('',(-0.706945205627,0.707268319834,0.));
#3925 = ADVANCED_FACE('',(#3926),#3951,.F.);
#3926 = FACE_BOUND('',#3927,.F.);
#3927 = EDGE_LOOP('',(#3928,#3929,#3937,#3945));
#3928 = ORIENTED_EDGE('',*,*,#3907,.T.);
#3929 = ORIENTED_EDGE('',*,*,#3930,.T.);
#3930 = EDGE_CURVE('',#3900,#3931,#3933,.T.);
#3931 = VERTEX_POINT('',#3932);
#3932 = CARTESIAN_POINT('',(88.09167,-109.913735,-3.5E-02));
#3933 = LINE('',#3934,#3935);
#3934 = CARTESIAN_POINT('',(88.15307,-109.989121,-3.5E-02));
#3935 = VECTOR('',#3936,1.);
#3936 = DIRECTION('',(-0.631514512861,0.775364056458,0.));
#3937 = ORIENTED_EDGE('',*,*,#3938,.F.);
#3938 = EDGE_CURVE('',#3939,#3931,#3941,.T.);
#3939 = VERTEX_POINT('',#3940);
#3940 = CARTESIAN_POINT('',(88.09167,-109.913735,0.));
#3941 = LINE('',#3942,#3943);
#3942 = CARTESIAN_POINT('',(88.09167,-109.913735,0.));
#3943 = VECTOR('',#3944,1.);
#3944 = DIRECTION('',(0.,0.,-1.));
#3945 = ORIENTED_EDGE('',*,*,#3946,.F.);
#3946 = EDGE_CURVE('',#3908,#3939,#3947,.T.);
#3947 = LINE('',#3948,#3949);
#3948 = CARTESIAN_POINT('',(88.15307,-109.989121,0.));
#3949 = VECTOR('',#3950,1.);
#3950 = DIRECTION('',(-0.631514512861,0.775364056458,0.));
#3951 = PLANE('',#3952);
#3952 = AXIS2_PLACEMENT_3D('',#3953,#3954,#3955);
#3953 = CARTESIAN_POINT('',(88.15307,-109.989121,0.));
#3954 = DIRECTION('',(0.775364056458,0.631514512861,0.));
#3955 = DIRECTION('',(-0.631514512861,0.775364056458,0.));
#3956 = ADVANCED_FACE('',(#3957),#3982,.F.);
#3957 = FACE_BOUND('',#3958,.F.);
#3958 = EDGE_LOOP('',(#3959,#3960,#3968,#3976));
#3959 = ORIENTED_EDGE('',*,*,#3938,.T.);
#3960 = ORIENTED_EDGE('',*,*,#3961,.T.);
#3961 = EDGE_CURVE('',#3931,#3962,#3964,.T.);
#3962 = VERTEX_POINT('',#3963);
#3963 = CARTESIAN_POINT('',(87.413441,-108.945123,-3.5E-02));
#3964 = LINE('',#3965,#3966);
#3965 = CARTESIAN_POINT('',(88.09167,-109.913735,-3.5E-02));
#3966 = VECTOR('',#3967,1.);
#3967 = DIRECTION('',(-0.573576195743,0.819152212764,0.));
#3968 = ORIENTED_EDGE('',*,*,#3969,.F.);
#3969 = EDGE_CURVE('',#3970,#3962,#3972,.T.);
#3970 = VERTEX_POINT('',#3971);
#3971 = CARTESIAN_POINT('',(87.413441,-108.945123,0.));
#3972 = LINE('',#3973,#3974);
#3973 = CARTESIAN_POINT('',(87.413441,-108.945123,0.));
#3974 = VECTOR('',#3975,1.);
#3975 = DIRECTION('',(0.,0.,-1.));
#3976 = ORIENTED_EDGE('',*,*,#3977,.F.);
#3977 = EDGE_CURVE('',#3939,#3970,#3978,.T.);
#3978 = LINE('',#3979,#3980);
#3979 = CARTESIAN_POINT('',(88.09167,-109.913735,0.));
#3980 = VECTOR('',#3981,1.);
#3981 = DIRECTION('',(-0.573576195743,0.819152212764,0.));
#3982 = PLANE('',#3983);
#3983 = AXIS2_PLACEMENT_3D('',#3984,#3985,#3986);
#3984 = CARTESIAN_POINT('',(88.09167,-109.913735,0.));
#3985 = DIRECTION('',(0.819152212764,0.573576195743,0.));
#3986 = DIRECTION('',(-0.573576195743,0.819152212764,0.));
#3987 = ADVANCED_FACE('',(#3988),#4015,.T.);
#3988 = FACE_BOUND('',#3989,.F.);
#3989 = EDGE_LOOP('',(#3990,#3991,#4000,#4008));
#3990 = ORIENTED_EDGE('',*,*,#3969,.T.);
#3991 = ORIENTED_EDGE('',*,*,#3992,.T.);
#3992 = EDGE_CURVE('',#3962,#3993,#3995,.T.);
#3993 = VERTEX_POINT('',#3994);
#3994 = CARTESIAN_POINT('',(87.515016,-108.75,-3.5E-02));
#3995 = CIRCLE('',#3996,0.123999783573);
#3996 = AXIS2_PLACEMENT_3D('',#3997,#3998,#3999);
#3997 = CARTESIAN_POINT('',(87.515015772513,-108.8739997835,-3.5E-02));
#3998 = DIRECTION('',(0.,0.,-1.));
#3999 = DIRECTION('',(-0.819152820968,-0.573575327137,-0.));
#4000 = ORIENTED_EDGE('',*,*,#4001,.F.);
#4001 = EDGE_CURVE('',#4002,#3993,#4004,.T.);
#4002 = VERTEX_POINT('',#4003);
#4003 = CARTESIAN_POINT('',(87.515016,-108.75,0.));
#4004 = LINE('',#4005,#4006);
#4005 = CARTESIAN_POINT('',(87.515016,-108.75,0.));
#4006 = VECTOR('',#4007,1.);
#4007 = DIRECTION('',(0.,0.,-1.));
#4008 = ORIENTED_EDGE('',*,*,#4009,.F.);
#4009 = EDGE_CURVE('',#3970,#4002,#4010,.T.);
#4010 = CIRCLE('',#4011,0.123999783573);
#4011 = AXIS2_PLACEMENT_3D('',#4012,#4013,#4014);
#4012 = CARTESIAN_POINT('',(87.515015772513,-108.8739997835,0.));
#4013 = DIRECTION('',(0.,0.,-1.));
#4014 = DIRECTION('',(-0.819152820968,-0.573575327137,-0.));
#4015 = CYLINDRICAL_SURFACE('',#4016,0.123999783573);
#4016 = AXIS2_PLACEMENT_3D('',#4017,#4018,#4019);
#4017 = CARTESIAN_POINT('',(87.515015772513,-108.8739997835,0.));
#4018 = DIRECTION('',(-0.,-0.,1.));
#4019 = DIRECTION('',(-0.819152820968,-0.573575327137,-0.));
#4020 = ADVANCED_FACE('',(#4021),#4046,.F.);
#4021 = FACE_BOUND('',#4022,.F.);
#4022 = EDGE_LOOP('',(#4023,#4024,#4032,#4040));
#4023 = ORIENTED_EDGE('',*,*,#4001,.T.);
#4024 = ORIENTED_EDGE('',*,*,#4025,.T.);
#4025 = EDGE_CURVE('',#3993,#4026,#4028,.T.);
#4026 = VERTEX_POINT('',#4027);
#4027 = CARTESIAN_POINT('',(91.15,-108.75,-3.5E-02));
#4028 = LINE('',#4029,#4030);
#4029 = CARTESIAN_POINT('',(87.515016,-108.75,-3.5E-02));
#4030 = VECTOR('',#4031,1.);
#4031 = DIRECTION('',(1.,0.,0.));
#4032 = ORIENTED_EDGE('',*,*,#4033,.F.);
#4033 = EDGE_CURVE('',#4034,#4026,#4036,.T.);
#4034 = VERTEX_POINT('',#4035);
#4035 = CARTESIAN_POINT('',(91.15,-108.75,0.));
#4036 = LINE('',#4037,#4038);
#4037 = CARTESIAN_POINT('',(91.15,-108.75,0.));
#4038 = VECTOR('',#4039,1.);
#4039 = DIRECTION('',(0.,0.,-1.));
#4040 = ORIENTED_EDGE('',*,*,#4041,.F.);
#4041 = EDGE_CURVE('',#4002,#4034,#4042,.T.);
#4042 = LINE('',#4043,#4044);
#4043 = CARTESIAN_POINT('',(87.515016,-108.75,0.));
#4044 = VECTOR('',#4045,1.);
#4045 = DIRECTION('',(1.,0.,0.));
#4046 = PLANE('',#4047);
#4047 = AXIS2_PLACEMENT_3D('',#4048,#4049,#4050);
#4048 = CARTESIAN_POINT('',(87.515016,-108.75,0.));
#4049 = DIRECTION('',(0.,-1.,0.));
#4050 = DIRECTION('',(1.,0.,0.));
#4051 = ADVANCED_FACE('',(#4052),#4077,.F.);
#4052 = FACE_BOUND('',#4053,.F.);
#4053 = EDGE_LOOP('',(#4054,#4055,#4063,#4071));
#4054 = ORIENTED_EDGE('',*,*,#4033,.T.);
#4055 = ORIENTED_EDGE('',*,*,#4056,.T.);
#4056 = EDGE_CURVE('',#4026,#4057,#4059,.T.);
#4057 = VERTEX_POINT('',#4058);
#4058 = CARTESIAN_POINT('',(91.15,-91.25,-3.5E-02));
#4059 = LINE('',#4060,#4061);
#4060 = CARTESIAN_POINT('',(91.15,-108.75,-3.5E-02));
#4061 = VECTOR('',#4062,1.);
#4062 = DIRECTION('',(0.,1.,0.));
#4063 = ORIENTED_EDGE('',*,*,#4064,.F.);
#4064 = EDGE_CURVE('',#4065,#4057,#4067,.T.);
#4065 = VERTEX_POINT('',#4066);
#4066 = CARTESIAN_POINT('',(91.15,-91.25,0.));
#4067 = LINE('',#4068,#4069);
#4068 = CARTESIAN_POINT('',(91.15,-91.25,0.));
#4069 = VECTOR('',#4070,1.);
#4070 = DIRECTION('',(0.,0.,-1.));
#4071 = ORIENTED_EDGE('',*,*,#4072,.F.);
#4072 = EDGE_CURVE('',#4034,#4065,#4073,.T.);
#4073 = LINE('',#4074,#4075);
#4074 = CARTESIAN_POINT('',(91.15,-108.75,0.));
#4075 = VECTOR('',#4076,1.);
#4076 = DIRECTION('',(0.,1.,0.));
#4077 = PLANE('',#4078);
#4078 = AXIS2_PLACEMENT_3D('',#4079,#4080,#4081);
#4079 = CARTESIAN_POINT('',(91.15,-108.75,0.));
#4080 = DIRECTION('',(1.,-0.,0.));
#4081 = DIRECTION('',(0.,1.,0.));
#4082 = ADVANCED_FACE('',(#4083),#4108,.F.);
#4083 = FACE_BOUND('',#4084,.F.);
#4084 = EDGE_LOOP('',(#4085,#4086,#4094,#4102));
#4085 = ORIENTED_EDGE('',*,*,#4064,.T.);
#4086 = ORIENTED_EDGE('',*,*,#4087,.T.);
#4087 = EDGE_CURVE('',#4057,#4088,#4090,.T.);
#4088 = VERTEX_POINT('',#4089);
#4089 = CARTESIAN_POINT('',(87.515015,-91.25,-3.5E-02));
#4090 = LINE('',#4091,#4092);
#4091 = CARTESIAN_POINT('',(91.15,-91.25,-3.5E-02));
#4092 = VECTOR('',#4093,1.);
#4093 = DIRECTION('',(-1.,0.,0.));
#4094 = ORIENTED_EDGE('',*,*,#4095,.F.);
#4095 = EDGE_CURVE('',#4096,#4088,#4098,.T.);
#4096 = VERTEX_POINT('',#4097);
#4097 = CARTESIAN_POINT('',(87.515015,-91.25,0.));
#4098 = LINE('',#4099,#4100);
#4099 = CARTESIAN_POINT('',(87.515015,-91.25,0.));
#4100 = VECTOR('',#4101,1.);
#4101 = DIRECTION('',(0.,0.,-1.));
#4102 = ORIENTED_EDGE('',*,*,#4103,.F.);
#4103 = EDGE_CURVE('',#4065,#4096,#4104,.T.);
#4104 = LINE('',#4105,#4106);
#4105 = CARTESIAN_POINT('',(91.15,-91.25,0.));
#4106 = VECTOR('',#4107,1.);
#4107 = DIRECTION('',(-1.,0.,0.));
#4108 = PLANE('',#4109);
#4109 = AXIS2_PLACEMENT_3D('',#4110,#4111,#4112);
#4110 = CARTESIAN_POINT('',(91.15,-91.25,0.));
#4111 = DIRECTION('',(0.,1.,0.));
#4112 = DIRECTION('',(-1.,0.,0.));
#4113 = ADVANCED_FACE('',(#4114),#4141,.T.);
#4114 = FACE_BOUND('',#4115,.F.);
#4115 = EDGE_LOOP('',(#4116,#4117,#4126,#4134));
#4116 = ORIENTED_EDGE('',*,*,#4095,.T.);
#4117 = ORIENTED_EDGE('',*,*,#4118,.T.);
#4118 = EDGE_CURVE('',#4088,#4119,#4121,.T.);
#4119 = VERTEX_POINT('',#4120);
#4120 = CARTESIAN_POINT('',(87.41344,-91.054877,-3.5E-02));
#4121 = CIRCLE('',#4122,0.12400030507);
#4122 = AXIS2_PLACEMENT_3D('',#4123,#4124,#4125);
#4123 = CARTESIAN_POINT('',(87.515015774293,-91.12599969493,-3.5E-02));
#4124 = DIRECTION('',(0.,0.,-1.));
#4125 = DIRECTION('',(-6.244280728487E-06,-0.999999999981,-0.));
#4126 = ORIENTED_EDGE('',*,*,#4127,.F.);
#4127 = EDGE_CURVE('',#4128,#4119,#4130,.T.);
#4128 = VERTEX_POINT('',#4129);
#4129 = CARTESIAN_POINT('',(87.41344,-91.054877,0.));
#4130 = LINE('',#4131,#4132);
#4131 = CARTESIAN_POINT('',(87.41344,-91.054877,0.));
#4132 = VECTOR('',#4133,1.);
#4133 = DIRECTION('',(0.,0.,-1.));
#4134 = ORIENTED_EDGE('',*,*,#4135,.F.);
#4135 = EDGE_CURVE('',#4096,#4128,#4136,.T.);
#4136 = CIRCLE('',#4137,0.12400030507);
#4137 = AXIS2_PLACEMENT_3D('',#4138,#4139,#4140);
#4138 = CARTESIAN_POINT('',(87.515015774293,-91.12599969493,0.));
#4139 = DIRECTION('',(0.,0.,-1.));
#4140 = DIRECTION('',(-6.244280728487E-06,-0.999999999981,-0.));
#4141 = CYLINDRICAL_SURFACE('',#4142,0.12400030507);
#4142 = AXIS2_PLACEMENT_3D('',#4143,#4144,#4145);
#4143 = CARTESIAN_POINT('',(87.515015774293,-91.12599969493,0.));
#4144 = DIRECTION('',(-0.,-0.,1.));
#4145 = DIRECTION('',(-6.244280728487E-06,-0.999999999981,-0.));
#4146 = ADVANCED_FACE('',(#4147),#4172,.F.);
#4147 = FACE_BOUND('',#4148,.F.);
#4148 = EDGE_LOOP('',(#4149,#4150,#4158,#4166));
#4149 = ORIENTED_EDGE('',*,*,#4127,.T.);
#4150 = ORIENTED_EDGE('',*,*,#4151,.T.);
#4151 = EDGE_CURVE('',#4119,#4152,#4154,.T.);
#4152 = VERTEX_POINT('',#4153);
#4153 = CARTESIAN_POINT('',(88.097363,-90.078757,-3.5E-02));
#4154 = LINE('',#4155,#4156);
#4155 = CARTESIAN_POINT('',(87.41344,-91.054877,-3.5E-02));
#4156 = VECTOR('',#4157,1.);
#4157 = DIRECTION('',(0.573822108518,0.818979967872,0.));
#4158 = ORIENTED_EDGE('',*,*,#4159,.F.);
#4159 = EDGE_CURVE('',#4160,#4152,#4162,.T.);
#4160 = VERTEX_POINT('',#4161);
#4161 = CARTESIAN_POINT('',(88.097363,-90.078757,0.));
#4162 = LINE('',#4163,#4164);
#4163 = CARTESIAN_POINT('',(88.097363,-90.078757,0.));
#4164 = VECTOR('',#4165,1.);
#4165 = DIRECTION('',(0.,0.,-1.));
#4166 = ORIENTED_EDGE('',*,*,#4167,.F.);
#4167 = EDGE_CURVE('',#4128,#4160,#4168,.T.);
#4168 = LINE('',#4169,#4170);
#4169 = CARTESIAN_POINT('',(87.41344,-91.054877,0.));
#4170 = VECTOR('',#4171,1.);
#4171 = DIRECTION('',(0.573822108518,0.818979967872,0.));
#4172 = PLANE('',#4173);
#4173 = AXIS2_PLACEMENT_3D('',#4174,#4175,#4176);
#4174 = CARTESIAN_POINT('',(87.41344,-91.054877,0.));
#4175 = DIRECTION('',(0.818979967872,-0.573822108518,0.));
#4176 = DIRECTION('',(0.573822108518,0.818979967872,0.));
#4177 = ADVANCED_FACE('',(#4178),#4203,.F.);
#4178 = FACE_BOUND('',#4179,.F.);
#4179 = EDGE_LOOP('',(#4180,#4181,#4189,#4197));
#4180 = ORIENTED_EDGE('',*,*,#4159,.T.);
#4181 = ORIENTED_EDGE('',*,*,#4182,.T.);
#4182 = EDGE_CURVE('',#4152,#4183,#4185,.T.);
#4183 = VERTEX_POINT('',#4184);
#4184 = CARTESIAN_POINT('',(88.161232,-90.00187,-3.5E-02));
#4185 = LINE('',#4186,#4187);
#4186 = CARTESIAN_POINT('',(88.097363,-90.078757,-3.5E-02));
#4187 = VECTOR('',#4188,1.);
#4188 = DIRECTION('',(0.638982083806,0.769221617335,0.));
#4189 = ORIENTED_EDGE('',*,*,#4190,.F.);
#4190 = EDGE_CURVE('',#4191,#4183,#4193,.T.);
#4191 = VERTEX_POINT('',#4192);
#4192 = CARTESIAN_POINT('',(88.161232,-90.00187,0.));
#4193 = LINE('',#4194,#4195);
#4194 = CARTESIAN_POINT('',(88.161232,-90.00187,0.));
#4195 = VECTOR('',#4196,1.);
#4196 = DIRECTION('',(0.,0.,-1.));
#4197 = ORIENTED_EDGE('',*,*,#4198,.F.);
#4198 = EDGE_CURVE('',#4160,#4191,#4199,.T.);
#4199 = LINE('',#4200,#4201);
#4200 = CARTESIAN_POINT('',(88.097363,-90.078757,0.));
#4201 = VECTOR('',#4202,1.);
#4202 = DIRECTION('',(0.638982083806,0.769221617335,0.));
#4203 = PLANE('',#4204);
#4204 = AXIS2_PLACEMENT_3D('',#4205,#4206,#4207);
#4205 = CARTESIAN_POINT('',(88.097363,-90.078757,0.));
#4206 = DIRECTION('',(0.769221617335,-0.638982083806,0.));
#4207 = DIRECTION('',(0.638982083806,0.769221617335,0.));
#4208 = ADVANCED_FACE('',(#4209),#4234,.F.);
#4209 = FACE_BOUND('',#4210,.F.);
#4210 = EDGE_LOOP('',(#4211,#4212,#4220,#4228));
#4211 = ORIENTED_EDGE('',*,*,#4190,.T.);
#4212 = ORIENTED_EDGE('',*,*,#4213,.T.);
#4213 = EDGE_CURVE('',#4183,#4214,#4216,.T.);
#4214 = VERTEX_POINT('',#4215);
#4215 = CARTESIAN_POINT('',(90.010844,-88.153098,-3.5E-02));
#4216 = LINE('',#4217,#4218);
#4217 = CARTESIAN_POINT('',(88.161232,-90.00187,-3.5E-02));
#4218 = VECTOR('',#4219,1.);
#4219 = DIRECTION('',(0.707267365438,0.706946160458,0.));
#4220 = ORIENTED_EDGE('',*,*,#4221,.F.);
#4221 = EDGE_CURVE('',#4222,#4214,#4224,.T.);
#4222 = VERTEX_POINT('',#4223);
#4223 = CARTESIAN_POINT('',(90.010844,-88.153098,0.));
#4224 = LINE('',#4225,#4226);
#4225 = CARTESIAN_POINT('',(90.010844,-88.153098,0.));
#4226 = VECTOR('',#4227,1.);
#4227 = DIRECTION('',(0.,0.,-1.));
#4228 = ORIENTED_EDGE('',*,*,#4229,.F.);
#4229 = EDGE_CURVE('',#4191,#4222,#4230,.T.);
#4230 = LINE('',#4231,#4232);
#4231 = CARTESIAN_POINT('',(88.161232,-90.00187,0.));
#4232 = VECTOR('',#4233,1.);
#4233 = DIRECTION('',(0.707267365438,0.706946160458,0.));
#4234 = PLANE('',#4235);
#4235 = AXIS2_PLACEMENT_3D('',#4236,#4237,#4238);
#4236 = CARTESIAN_POINT('',(88.161232,-90.00187,0.));
#4237 = DIRECTION('',(0.706946160458,-0.707267365438,0.));
#4238 = DIRECTION('',(0.707267365438,0.706946160458,0.));
#4239 = ADVANCED_FACE('',(#4240),#4265,.F.);
#4240 = FACE_BOUND('',#4241,.F.);
#4241 = EDGE_LOOP('',(#4242,#4243,#4251,#4259));
#4242 = ORIENTED_EDGE('',*,*,#4221,.T.);
#4243 = ORIENTED_EDGE('',*,*,#4244,.T.);
#4244 = EDGE_CURVE('',#4214,#4245,#4247,.T.);
#4245 = VERTEX_POINT('',#4246);
#4246 = CARTESIAN_POINT('',(90.086237,-88.091688,-3.5E-02));
#4247 = LINE('',#4248,#4249);
#4248 = CARTESIAN_POINT('',(90.010844,-88.153098,-3.5E-02));
#4249 = VECTOR('',#4250,1.);
#4250 = DIRECTION('',(0.775342409574,0.63154108965,0.));
#4251 = ORIENTED_EDGE('',*,*,#4252,.F.);
#4252 = EDGE_CURVE('',#4253,#4245,#4255,.T.);
#4253 = VERTEX_POINT('',#4254);
#4254 = CARTESIAN_POINT('',(90.086237,-88.091688,0.));
#4255 = LINE('',#4256,#4257);
#4256 = CARTESIAN_POINT('',(90.086237,-88.091688,0.));
#4257 = VECTOR('',#4258,1.);
#4258 = DIRECTION('',(0.,0.,-1.));
#4259 = ORIENTED_EDGE('',*,*,#4260,.F.);
#4260 = EDGE_CURVE('',#4222,#4253,#4261,.T.);
#4261 = LINE('',#4262,#4263);
#4262 = CARTESIAN_POINT('',(90.010844,-88.153098,0.));
#4263 = VECTOR('',#4264,1.);
#4264 = DIRECTION('',(0.775342409574,0.63154108965,0.));
#4265 = PLANE('',#4266);
#4266 = AXIS2_PLACEMENT_3D('',#4267,#4268,#4269);
#4267 = CARTESIAN_POINT('',(90.010844,-88.153098,0.));
#4268 = DIRECTION('',(0.63154108965,-0.775342409574,0.));
#4269 = DIRECTION('',(0.775342409574,0.63154108965,0.));
#4270 = ADVANCED_FACE('',(#4271),#4296,.F.);
#4271 = FACE_BOUND('',#4272,.F.);
#4272 = EDGE_LOOP('',(#4273,#4274,#4282,#4290));
#4273 = ORIENTED_EDGE('',*,*,#4252,.T.);
#4274 = ORIENTED_EDGE('',*,*,#4275,.T.);
#4275 = EDGE_CURVE('',#4245,#4276,#4278,.T.);
#4276 = VERTEX_POINT('',#4277);
#4277 = CARTESIAN_POINT('',(92.217965,-86.599413,-3.5E-02));
#4278 = LINE('',#4279,#4280);
#4279 = CARTESIAN_POINT('',(90.086237,-88.091688,-3.5E-02));
#4280 = VECTOR('',#4281,1.);
#4281 = DIRECTION('',(0.819220112835,0.573479212114,0.));
#4282 = ORIENTED_EDGE('',*,*,#4283,.F.);
#4283 = EDGE_CURVE('',#4284,#4276,#4286,.T.);
#4284 = VERTEX_POINT('',#4285);
#4285 = CARTESIAN_POINT('',(92.217965,-86.599413,0.));
#4286 = LINE('',#4287,#4288);
#4287 = CARTESIAN_POINT('',(92.217965,-86.599413,0.));
#4288 = VECTOR('',#4289,1.);
#4289 = DIRECTION('',(0.,0.,-1.));
#4290 = ORIENTED_EDGE('',*,*,#4291,.F.);
#4291 = EDGE_CURVE('',#4253,#4284,#4292,.T.);
#4292 = LINE('',#4293,#4294);
#4293 = CARTESIAN_POINT('',(90.086237,-88.091688,0.));
#4294 = VECTOR('',#4295,1.);
#4295 = DIRECTION('',(0.819220112835,0.573479212114,0.));
#4296 = PLANE('',#4297);
#4297 = AXIS2_PLACEMENT_3D('',#4298,#4299,#4300);
#4298 = CARTESIAN_POINT('',(90.086237,-88.091688,0.));
#4299 = DIRECTION('',(0.573479212114,-0.819220112835,0.));
#4300 = DIRECTION('',(0.819220112835,0.573479212114,0.));
#4301 = ADVANCED_FACE('',(#4302),#4327,.F.);
#4302 = FACE_BOUND('',#4303,.F.);
#4303 = EDGE_LOOP('',(#4304,#4305,#4313,#4321));
#4304 = ORIENTED_EDGE('',*,*,#4283,.T.);
#4305 = ORIENTED_EDGE('',*,*,#4306,.T.);
#4306 = EDGE_CURVE('',#4276,#4307,#4309,.T.);
#4307 = VERTEX_POINT('',#4308);
#4308 = CARTESIAN_POINT('',(92.282914,-86.561257,-3.5E-02));
#4309 = LINE('',#4310,#4311);
#4310 = CARTESIAN_POINT('',(92.217965,-86.599413,-3.5E-02));
#4311 = VECTOR('',#4312,1.);
#4312 = DIRECTION('',(0.86222006095,0.506533874973,0.));
#4313 = ORIENTED_EDGE('',*,*,#4314,.F.);
#4314 = EDGE_CURVE('',#4315,#4307,#4317,.T.);
#4315 = VERTEX_POINT('',#4316);
#4316 = CARTESIAN_POINT('',(92.282914,-86.561257,0.));
#4317 = LINE('',#4318,#4319);
#4318 = CARTESIAN_POINT('',(92.282914,-86.561257,0.));
#4319 = VECTOR('',#4320,1.);
#4320 = DIRECTION('',(0.,0.,-1.));
#4321 = ORIENTED_EDGE('',*,*,#4322,.F.);
#4322 = EDGE_CURVE('',#4284,#4315,#4323,.T.);
#4323 = LINE('',#4324,#4325);
#4324 = CARTESIAN_POINT('',(92.217965,-86.599413,0.));
#4325 = VECTOR('',#4326,1.);
#4326 = DIRECTION('',(0.86222006095,0.506533874973,0.));
#4327 = PLANE('',#4328);
#4328 = AXIS2_PLACEMENT_3D('',#4329,#4330,#4331);
#4329 = CARTESIAN_POINT('',(92.217965,-86.599413,0.));
#4330 = DIRECTION('',(0.506533874973,-0.86222006095,0.));
#4331 = DIRECTION('',(0.86222006095,0.506533874973,0.));
#4332 = ADVANCED_FACE('',(#4333),#4358,.F.);
#4333 = FACE_BOUND('',#4334,.F.);
#4334 = EDGE_LOOP('',(#4335,#4336,#4344,#4352));
#4335 = ORIENTED_EDGE('',*,*,#4314,.T.);
#4336 = ORIENTED_EDGE('',*,*,#4337,.T.);
#4337 = EDGE_CURVE('',#4307,#4338,#4340,.T.);
#4338 = VERTEX_POINT('',#4339);
#4339 = CARTESIAN_POINT('',(94.655743,-85.455374,-3.5E-02));
#4340 = LINE('',#4341,#4342);
#4341 = CARTESIAN_POINT('',(92.282914,-86.561257,-3.5E-02));
#4342 = VECTOR('',#4343,1.);
#4343 = DIRECTION('',(0.906393408725,0.422434596855,0.));
#4344 = ORIENTED_EDGE('',*,*,#4345,.F.);
#4345 = EDGE_CURVE('',#4346,#4338,#4348,.T.);
#4346 = VERTEX_POINT('',#4347);
#4347 = CARTESIAN_POINT('',(94.655743,-85.455374,0.));
#4348 = LINE('',#4349,#4350);
#4349 = CARTESIAN_POINT('',(94.655743,-85.455374,0.));
#4350 = VECTOR('',#4351,1.);
#4351 = DIRECTION('',(0.,0.,-1.));
#4352 = ORIENTED_EDGE('',*,*,#4353,.F.);
#4353 = EDGE_CURVE('',#4315,#4346,#4354,.T.);
#4354 = LINE('',#4355,#4356);
#4355 = CARTESIAN_POINT('',(92.282914,-86.561257,0.));
#4356 = VECTOR('',#4357,1.);
#4357 = DIRECTION('',(0.906393408725,0.422434596855,0.));
#4358 = PLANE('',#4359);
#4359 = AXIS2_PLACEMENT_3D('',#4360,#4361,#4362);
#4360 = CARTESIAN_POINT('',(92.282914,-86.561257,0.));
#4361 = DIRECTION('',(0.422434596855,-0.906393408725,0.));
#4362 = DIRECTION('',(0.906393408725,0.422434596855,0.));
#4363 = ADVANCED_FACE('',(#4364),#4389,.F.);
#4364 = FACE_BOUND('',#4365,.F.);
#4365 = EDGE_LOOP('',(#4366,#4367,#4375,#4383));
#4366 = ORIENTED_EDGE('',*,*,#4345,.T.);
#4367 = ORIENTED_EDGE('',*,*,#4368,.T.);
#4368 = EDGE_CURVE('',#4338,#4369,#4371,.T.);
#4369 = VERTEX_POINT('',#4370);
#4370 = CARTESIAN_POINT('',(94.761925,-85.417819,-3.5E-02));
#4371 = LINE('',#4372,#4373);
#4372 = CARTESIAN_POINT('',(94.655743,-85.455374,-3.5E-02));
#4373 = VECTOR('',#4374,1.);
#4374 = DIRECTION('',(0.942769987411,0.333443774625,0.));
#4375 = ORIENTED_EDGE('',*,*,#4376,.F.);
#4376 = EDGE_CURVE('',#4377,#4369,#4379,.T.);
#4377 = VERTEX_POINT('',#4378);
#4378 = CARTESIAN_POINT('',(94.761925,-85.417819,0.));
#4379 = LINE('',#4380,#4381);
#4380 = CARTESIAN_POINT('',(94.761925,-85.417819,0.));
#4381 = VECTOR('',#4382,1.);
#4382 = DIRECTION('',(0.,0.,-1.));
#4383 = ORIENTED_EDGE('',*,*,#4384,.F.);
#4384 = EDGE_CURVE('',#4346,#4377,#4385,.T.);
#4385 = LINE('',#4386,#4387);
#4386 = CARTESIAN_POINT('',(94.655743,-85.455374,0.));
#4387 = VECTOR('',#4388,1.);
#4388 = DIRECTION('',(0.942769987411,0.333443774625,0.));
#4389 = PLANE('',#4390);
#4390 = AXIS2_PLACEMENT_3D('',#4391,#4392,#4393);
#4391 = CARTESIAN_POINT('',(94.655743,-85.455374,0.));
#4392 = DIRECTION('',(0.333443774625,-0.942769987411,0.));
#4393 = DIRECTION('',(0.942769987411,0.333443774625,0.));
#4394 = ADVANCED_FACE('',(#4395),#4420,.F.);
#4395 = FACE_BOUND('',#4396,.F.);
#4396 = EDGE_LOOP('',(#4397,#4398,#4406,#4414));
#4397 = ORIENTED_EDGE('',*,*,#4376,.T.);
#4398 = ORIENTED_EDGE('',*,*,#4399,.T.);
#4399 = EDGE_CURVE('',#4369,#4400,#4402,.T.);
#4400 = VERTEX_POINT('',#4401);
#4401 = CARTESIAN_POINT('',(95.343909,-85.261877,-3.5E-02));
#4402 = LINE('',#4403,#4404);
#4403 = CARTESIAN_POINT('',(94.761925,-85.417819,-3.5E-02));
#4404 = VECTOR('',#4405,1.);
#4405 = DIRECTION('',(0.965925885544,0.25881882396,0.));
#4406 = ORIENTED_EDGE('',*,*,#4407,.F.);
#4407 = EDGE_CURVE('',#4408,#4400,#4410,.T.);
#4408 = VERTEX_POINT('',#4409);
#4409 = CARTESIAN_POINT('',(95.343909,-85.261877,0.));
#4410 = LINE('',#4411,#4412);
#4411 = CARTESIAN_POINT('',(95.343909,-85.261877,0.));
#4412 = VECTOR('',#4413,1.);
#4413 = DIRECTION('',(0.,0.,-1.));
#4414 = ORIENTED_EDGE('',*,*,#4415,.F.);
#4415 = EDGE_CURVE('',#4377,#4408,#4416,.T.);
#4416 = LINE('',#4417,#4418);
#4417 = CARTESIAN_POINT('',(94.761925,-85.417819,0.));
#4418 = VECTOR('',#4419,1.);
#4419 = DIRECTION('',(0.965925885544,0.25881882396,0.));
#4420 = PLANE('',#4421);
#4421 = AXIS2_PLACEMENT_3D('',#4422,#4423,#4424);
#4422 = CARTESIAN_POINT('',(94.761925,-85.417819,0.));
#4423 = DIRECTION('',(0.25881882396,-0.965925885544,0.));
#4424 = DIRECTION('',(0.965925885544,0.25881882396,0.));
#4425 = ADVANCED_FACE('',(#4426),#4453,.T.);
#4426 = FACE_BOUND('',#4427,.F.);
#4427 = EDGE_LOOP('',(#4428,#4429,#4438,#4446));
#4428 = ORIENTED_EDGE('',*,*,#4407,.T.);
#4429 = ORIENTED_EDGE('',*,*,#4430,.T.);
#4430 = EDGE_CURVE('',#4400,#4431,#4433,.T.);
#4431 = VERTEX_POINT('',#4432);
#4432 = CARTESIAN_POINT('',(95.499123,-85.366931,-3.5E-02));
#4433 = CIRCLE('',#4434,0.123999323155);
#4434 = AXIS2_PLACEMENT_3D('',#4435,#4436,#4437);
#4435 = CARTESIAN_POINT('',(95.376000561075,-85.38165163776,-3.5E-02));
#4436 = DIRECTION('',(0.,0.,-1.));
#4437 = DIRECTION('',(-0.258804324559,0.965929770527,0.));
#4438 = ORIENTED_EDGE('',*,*,#4439,.F.);
#4439 = EDGE_CURVE('',#4440,#4431,#4442,.T.);
#4440 = VERTEX_POINT('',#4441);
#4441 = CARTESIAN_POINT('',(95.499123,-85.366931,0.));
#4442 = LINE('',#4443,#4444);
#4443 = CARTESIAN_POINT('',(95.499123,-85.366931,0.));
#4444 = VECTOR('',#4445,1.);
#4445 = DIRECTION('',(0.,0.,-1.));
#4446 = ORIENTED_EDGE('',*,*,#4447,.F.);
#4447 = EDGE_CURVE('',#4408,#4440,#4448,.T.);
#4448 = CIRCLE('',#4449,0.123999323155);
#4449 = AXIS2_PLACEMENT_3D('',#4450,#4451,#4452);
#4450 = CARTESIAN_POINT('',(95.376000561075,-85.38165163776,0.));
#4451 = DIRECTION('',(0.,0.,-1.));
#4452 = DIRECTION('',(-0.258804324559,0.965929770527,0.));
#4453 = CYLINDRICAL_SURFACE('',#4454,0.123999323155);
#4454 = AXIS2_PLACEMENT_3D('',#4455,#4456,#4457);
#4455 = CARTESIAN_POINT('',(95.376000561075,-85.38165163776,0.));
#4456 = DIRECTION('',(-0.,-0.,1.));
#4457 = DIRECTION('',(-0.258804324559,0.965929770527,0.));
#4458 = ADVANCED_FACE('',(#4459),#4484,.F.);
#4459 = FACE_BOUND('',#4460,.F.);
#4460 = EDGE_LOOP('',(#4461,#4462,#4470,#4478));
#4461 = ORIENTED_EDGE('',*,*,#4439,.T.);
#4462 = ORIENTED_EDGE('',*,*,#4463,.T.);
#4463 = EDGE_CURVE('',#4431,#4464,#4466,.T.);
#4464 = VERTEX_POINT('',#4465);
#4465 = CARTESIAN_POINT('',(95.5,-88.85,-3.5E-02));
#4466 = LINE('',#4467,#4468);
#4467 = CARTESIAN_POINT('',(95.499123,-85.366931,-3.5E-02));
#4468 = VECTOR('',#4469,1.);
#4469 = DIRECTION('',(2.517894340315E-04,-0.999999968301,0.));
#4470 = ORIENTED_EDGE('',*,*,#4471,.F.);
#4471 = EDGE_CURVE('',#4472,#4464,#4474,.T.);
#4472 = VERTEX_POINT('',#4473);
#4473 = CARTESIAN_POINT('',(95.5,-88.85,0.));
#4474 = LINE('',#4475,#4476);
#4475 = CARTESIAN_POINT('',(95.5,-88.85,0.));
#4476 = VECTOR('',#4477,1.);
#4477 = DIRECTION('',(0.,0.,-1.));
#4478 = ORIENTED_EDGE('',*,*,#4479,.F.);
#4479 = EDGE_CURVE('',#4440,#4472,#4480,.T.);
#4480 = LINE('',#4481,#4482);
#4481 = CARTESIAN_POINT('',(95.499123,-85.366931,0.));
#4482 = VECTOR('',#4483,1.);
#4483 = DIRECTION('',(2.517894340315E-04,-0.999999968301,0.));
#4484 = PLANE('',#4485);
#4485 = AXIS2_PLACEMENT_3D('',#4486,#4487,#4488);
#4486 = CARTESIAN_POINT('',(95.499123,-85.366931,0.));
#4487 = DIRECTION('',(-0.999999968301,-2.517894340315E-04,-0.));
#4488 = DIRECTION('',(2.517894340315E-04,-0.999999968301,0.));
#4489 = ADVANCED_FACE('',(#4490),#4515,.F.);
#4490 = FACE_BOUND('',#4491,.F.);
#4491 = EDGE_LOOP('',(#4492,#4493,#4501,#4509));
#4492 = ORIENTED_EDGE('',*,*,#4471,.T.);
#4493 = ORIENTED_EDGE('',*,*,#4494,.T.);
#4494 = EDGE_CURVE('',#4464,#4495,#4497,.T.);
#4495 = VERTEX_POINT('',#4496);
#4496 = CARTESIAN_POINT('',(104.5,-88.85,-3.5E-02));
#4497 = LINE('',#4498,#4499);
#4498 = CARTESIAN_POINT('',(95.5,-88.85,-3.5E-02));
#4499 = VECTOR('',#4500,1.);
#4500 = DIRECTION('',(1.,0.,0.));
#4501 = ORIENTED_EDGE('',*,*,#4502,.F.);
#4502 = EDGE_CURVE('',#4503,#4495,#4505,.T.);
#4503 = VERTEX_POINT('',#4504);
#4504 = CARTESIAN_POINT('',(104.5,-88.85,0.));
#4505 = LINE('',#4506,#4507);
#4506 = CARTESIAN_POINT('',(104.5,-88.85,0.));
#4507 = VECTOR('',#4508,1.);
#4508 = DIRECTION('',(0.,0.,-1.));
#4509 = ORIENTED_EDGE('',*,*,#4510,.F.);
#4510 = EDGE_CURVE('',#4472,#4503,#4511,.T.);
#4511 = LINE('',#4512,#4513);
#4512 = CARTESIAN_POINT('',(95.5,-88.85,0.));
#4513 = VECTOR('',#4514,1.);
#4514 = DIRECTION('',(1.,0.,0.));
#4515 = PLANE('',#4516);
#4516 = AXIS2_PLACEMENT_3D('',#4517,#4518,#4519);
#4517 = CARTESIAN_POINT('',(95.5,-88.85,0.));
#4518 = DIRECTION('',(0.,-1.,0.));
#4519 = DIRECTION('',(1.,0.,0.));
#4520 = ADVANCED_FACE('',(#4521),#4546,.F.);
#4521 = FACE_BOUND('',#4522,.F.);
#4522 = EDGE_LOOP('',(#4523,#4524,#4532,#4540));
#4523 = ORIENTED_EDGE('',*,*,#4502,.T.);
#4524 = ORIENTED_EDGE('',*,*,#4525,.T.);
#4525 = EDGE_CURVE('',#4495,#4526,#4528,.T.);
#4526 = VERTEX_POINT('',#4527);
#4527 = CARTESIAN_POINT('',(104.5,-85.381653,-3.5E-02));
#4528 = LINE('',#4529,#4530);
#4529 = CARTESIAN_POINT('',(104.5,-88.85,-3.5E-02));
#4530 = VECTOR('',#4531,1.);
#4531 = DIRECTION('',(0.,1.,0.));
#4532 = ORIENTED_EDGE('',*,*,#4533,.F.);
#4533 = EDGE_CURVE('',#4534,#4526,#4536,.T.);
#4534 = VERTEX_POINT('',#4535);
#4535 = CARTESIAN_POINT('',(104.5,-85.381653,0.));
#4536 = LINE('',#4537,#4538);
#4537 = CARTESIAN_POINT('',(104.5,-85.381653,0.));
#4538 = VECTOR('',#4539,1.);
#4539 = DIRECTION('',(0.,0.,-1.));
#4540 = ORIENTED_EDGE('',*,*,#4541,.F.);
#4541 = EDGE_CURVE('',#4503,#4534,#4542,.T.);
#4542 = LINE('',#4543,#4544);
#4543 = CARTESIAN_POINT('',(104.5,-88.85,0.));
#4544 = VECTOR('',#4545,1.);
#4545 = DIRECTION('',(0.,1.,0.));
#4546 = PLANE('',#4547);
#4547 = AXIS2_PLACEMENT_3D('',#4548,#4549,#4550);
#4548 = CARTESIAN_POINT('',(104.5,-88.85,0.));
#4549 = DIRECTION('',(1.,-0.,0.));
#4550 = DIRECTION('',(0.,1.,0.));
#4551 = ADVANCED_FACE('',(#4552),#4568,.F.);
#4552 = FACE_BOUND('',#4553,.F.);
#4553 = EDGE_LOOP('',(#4554,#4555,#4561,#4562));
#4554 = ORIENTED_EDGE('',*,*,#4533,.T.);
#4555 = ORIENTED_EDGE('',*,*,#4556,.T.);
#4556 = EDGE_CURVE('',#4526,#2681,#4557,.T.);
#4557 = LINE('',#4558,#4559);
#4558 = CARTESIAN_POINT('',(104.5,-85.381653,-3.5E-02));
#4559 = VECTOR('',#4560,1.);
#4560 = DIRECTION('',(0.281740114025,0.959490754593,0.));
#4561 = ORIENTED_EDGE('',*,*,#2678,.F.);
#4562 = ORIENTED_EDGE('',*,*,#4563,.F.);
#4563 = EDGE_CURVE('',#4534,#2679,#4564,.T.);
#4564 = LINE('',#4565,#4566);
#4565 = CARTESIAN_POINT('',(104.5,-85.381653,0.));
#4566 = VECTOR('',#4567,1.);
#4567 = DIRECTION('',(0.281740114025,0.959490754593,0.));
#4568 = PLANE('',#4569);
#4569 = AXIS2_PLACEMENT_3D('',#4570,#4571,#4572);
#4570 = CARTESIAN_POINT('',(104.5,-85.381653,0.));
#4571 = DIRECTION('',(0.959490754593,-0.281740114025,0.));
#4572 = DIRECTION('',(0.281740114025,0.959490754593,0.));
#4573 = ADVANCED_FACE('',(#4574),#4601,.F.);
#4574 = FACE_BOUND('',#4575,.F.);
#4575 = EDGE_LOOP('',(#4576,#4586,#4593,#4594));
#4576 = ORIENTED_EDGE('',*,*,#4577,.T.);
#4577 = EDGE_CURVE('',#4578,#4580,#4582,.T.);
#4578 = VERTEX_POINT('',#4579);
#4579 = CARTESIAN_POINT('',(108.398567,-111.871904,0.));
#4580 = VERTEX_POINT('',#4581);
#4581 = CARTESIAN_POINT('',(108.398567,-111.871904,-3.5E-02));
#4582 = LINE('',#4583,#4584);
#4583 = CARTESIAN_POINT('',(108.398567,-111.871904,0.));
#4584 = VECTOR('',#4585,1.);
#4585 = DIRECTION('',(0.,0.,-1.));
#4586 = ORIENTED_EDGE('',*,*,#4587,.T.);
#4587 = EDGE_CURVE('',#4580,#4580,#4588,.T.);
#4588 = CIRCLE('',#4589,0.137255);
#4589 = AXIS2_PLACEMENT_3D('',#4590,#4591,#4592);
#4590 = CARTESIAN_POINT('',(108.261312,-111.871904,-3.5E-02));
#4591 = DIRECTION('',(0.,0.,1.));
#4592 = DIRECTION('',(1.,0.,-0.));
#4593 = ORIENTED_EDGE('',*,*,#4577,.F.);
#4594 = ORIENTED_EDGE('',*,*,#4595,.F.);
#4595 = EDGE_CURVE('',#4578,#4578,#4596,.T.);
#4596 = CIRCLE('',#4597,0.137255);
#4597 = AXIS2_PLACEMENT_3D('',#4598,#4599,#4600);
#4598 = CARTESIAN_POINT('',(108.261312,-111.871904,0.));
#4599 = DIRECTION('',(0.,0.,1.));
#4600 = DIRECTION('',(1.,0.,-0.));
#4601 = CYLINDRICAL_SURFACE('',#4602,0.137255);
#4602 = AXIS2_PLACEMENT_3D('',#4603,#4604,#4605);
#4603 = CARTESIAN_POINT('',(108.261312,-111.871904,0.));
#4604 = DIRECTION('',(0.,0.,1.));
#4605 = DIRECTION('',(1.,0.,-0.));
#4606 = ADVANCED_FACE('',(#4607),#4641,.F.);
#4607 = FACE_BOUND('',#4608,.F.);
#4608 = EDGE_LOOP('',(#4609,#4619,#4627,#4635));
#4609 = ORIENTED_EDGE('',*,*,#4610,.T.);
#4610 = EDGE_CURVE('',#4611,#4613,#4615,.T.);
#4611 = VERTEX_POINT('',#4612);
#4612 = CARTESIAN_POINT('',(107.240061,-107.242151,0.));
#4613 = VERTEX_POINT('',#4614);
#4614 = CARTESIAN_POINT('',(107.240061,-107.242151,-3.5E-02));
#4615 = LINE('',#4616,#4617);
#4616 = CARTESIAN_POINT('',(107.240061,-107.242151,0.));
#4617 = VECTOR('',#4618,1.);
#4618 = DIRECTION('',(0.,0.,-1.));
#4619 = ORIENTED_EDGE('',*,*,#4620,.T.);
#4620 = EDGE_CURVE('',#4613,#4621,#4623,.T.);
#4621 = VERTEX_POINT('',#4622);
#4622 = CARTESIAN_POINT('',(107.2495,-107.289604,-3.5E-02));
#4623 = LINE('',#4624,#4625);
#4624 = CARTESIAN_POINT('',(107.240061,-107.242151,-3.5E-02));
#4625 = VECTOR('',#4626,1.);
#4626 = DIRECTION('',(0.195090549281,-0.980785235197,0.));
#4627 = ORIENTED_EDGE('',*,*,#4628,.F.);
#4628 = EDGE_CURVE('',#4629,#4621,#4631,.T.);
#4629 = VERTEX_POINT('',#4630);
#4630 = CARTESIAN_POINT('',(107.2495,-107.289604,0.));
#4631 = LINE('',#4632,#4633);
#4632 = CARTESIAN_POINT('',(107.2495,-107.289604,0.));
#4633 = VECTOR('',#4634,1.);
#4634 = DIRECTION('',(0.,0.,-1.));
#4635 = ORIENTED_EDGE('',*,*,#4636,.F.);
#4636 = EDGE_CURVE('',#4611,#4629,#4637,.T.);
#4637 = LINE('',#4638,#4639);
#4638 = CARTESIAN_POINT('',(107.240061,-107.242151,0.));
#4639 = VECTOR('',#4640,1.);
#4640 = DIRECTION('',(0.195090549281,-0.980785235197,0.));
#4641 = PLANE('',#4642);
#4642 = AXIS2_PLACEMENT_3D('',#4643,#4644,#4645);
#4643 = CARTESIAN_POINT('',(107.240061,-107.242151,0.));
#4644 = DIRECTION('',(-0.980785235197,-0.195090549281,-0.));
#4645 = DIRECTION('',(0.195090549281,-0.980785235197,0.));
#4646 = ADVANCED_FACE('',(#4647),#4672,.F.);
#4647 = FACE_BOUND('',#4648,.F.);
#4648 = EDGE_LOOP('',(#4649,#4650,#4658,#4666));
#4649 = ORIENTED_EDGE('',*,*,#4628,.T.);
#4650 = ORIENTED_EDGE('',*,*,#4651,.T.);
#4651 = EDGE_CURVE('',#4621,#4652,#4654,.T.);
#4652 = VERTEX_POINT('',#4653);
#4653 = CARTESIAN_POINT('',(107.2495,-109.855396,-3.5E-02));
#4654 = LINE('',#4655,#4656);
#4655 = CARTESIAN_POINT('',(107.2495,-107.289604,-3.5E-02));
#4656 = VECTOR('',#4657,1.);
#4657 = DIRECTION('',(0.,-1.,0.));
#4658 = ORIENTED_EDGE('',*,*,#4659,.F.);
#4659 = EDGE_CURVE('',#4660,#4652,#4662,.T.);
#4660 = VERTEX_POINT('',#4661);
#4661 = CARTESIAN_POINT('',(107.2495,-109.855396,0.));
#4662 = LINE('',#4663,#4664);
#4663 = CARTESIAN_POINT('',(107.2495,-109.855396,0.));
#4664 = VECTOR('',#4665,1.);
#4665 = DIRECTION('',(0.,0.,-1.));
#4666 = ORIENTED_EDGE('',*,*,#4667,.F.);
#4667 = EDGE_CURVE('',#4629,#4660,#4668,.T.);
#4668 = LINE('',#4669,#4670);
#4669 = CARTESIAN_POINT('',(107.2495,-107.289604,0.));
#4670 = VECTOR('',#4671,1.);
#4671 = DIRECTION('',(0.,-1.,0.));
#4672 = PLANE('',#4673);
#4673 = AXIS2_PLACEMENT_3D('',#4674,#4675,#4676);
#4674 = CARTESIAN_POINT('',(107.2495,-107.289604,0.));
#4675 = DIRECTION('',(-1.,-0.,-0.));
#4676 = DIRECTION('',(0.,-1.,0.));
#4677 = ADVANCED_FACE('',(#4678),#4703,.F.);
#4678 = FACE_BOUND('',#4679,.F.);
#4679 = EDGE_LOOP('',(#4680,#4681,#4689,#4697));
#4680 = ORIENTED_EDGE('',*,*,#4659,.T.);
#4681 = ORIENTED_EDGE('',*,*,#4682,.T.);
#4682 = EDGE_CURVE('',#4652,#4683,#4685,.T.);
#4683 = VERTEX_POINT('',#4684);
#4684 = CARTESIAN_POINT('',(107.240062,-109.902844,-3.5E-02));
#4685 = LINE('',#4686,#4687);
#4686 = CARTESIAN_POINT('',(107.2495,-109.855396,-3.5E-02));
#4687 = VECTOR('',#4688,1.);
#4688 = DIRECTION('',(-0.195090441172,-0.980785256702,0.));
#4689 = ORIENTED_EDGE('',*,*,#4690,.F.);
#4690 = EDGE_CURVE('',#4691,#4683,#4693,.T.);
#4691 = VERTEX_POINT('',#4692);
#4692 = CARTESIAN_POINT('',(107.240062,-109.902844,0.));
#4693 = LINE('',#4694,#4695);
#4694 = CARTESIAN_POINT('',(107.240062,-109.902844,0.));
#4695 = VECTOR('',#4696,1.);
#4696 = DIRECTION('',(0.,0.,-1.));
#4697 = ORIENTED_EDGE('',*,*,#4698,.F.);
#4698 = EDGE_CURVE('',#4660,#4691,#4699,.T.);
#4699 = LINE('',#4700,#4701);
#4700 = CARTESIAN_POINT('',(107.2495,-109.855396,0.));
#4701 = VECTOR('',#4702,1.);
#4702 = DIRECTION('',(-0.195090441172,-0.980785256702,0.));
#4703 = PLANE('',#4704);
#4704 = AXIS2_PLACEMENT_3D('',#4705,#4706,#4707);
#4705 = CARTESIAN_POINT('',(107.2495,-109.855396,0.));
#4706 = DIRECTION('',(-0.980785256702,0.195090441172,0.));
#4707 = DIRECTION('',(-0.195090441172,-0.980785256702,0.));
#4708 = ADVANCED_FACE('',(#4709),#4734,.F.);
#4709 = FACE_BOUND('',#4710,.F.);
#4710 = EDGE_LOOP('',(#4711,#4712,#4720,#4728));
#4711 = ORIENTED_EDGE('',*,*,#4690,.T.);
#4712 = ORIENTED_EDGE('',*,*,#4713,.T.);
#4713 = EDGE_CURVE('',#4683,#4714,#4716,.T.);
#4714 = VERTEX_POINT('',#4715);
#4715 = CARTESIAN_POINT('',(107.23026,-109.926511,-3.5E-02));
#4716 = LINE('',#4717,#4718);
#4717 = CARTESIAN_POINT('',(107.240062,-109.902844,-3.5E-02));
#4718 = VECTOR('',#4719,1.);
#4719 = DIRECTION('',(-0.382643701377,-0.923895988625,0.));
#4720 = ORIENTED_EDGE('',*,*,#4721,.F.);
#4721 = EDGE_CURVE('',#4722,#4714,#4724,.T.);
#4722 = VERTEX_POINT('',#4723);
#4723 = CARTESIAN_POINT('',(107.23026,-109.926511,0.));
#4724 = LINE('',#4725,#4726);
#4725 = CARTESIAN_POINT('',(107.23026,-109.926511,0.));
#4726 = VECTOR('',#4727,1.);
#4727 = DIRECTION('',(0.,0.,-1.));
#4728 = ORIENTED_EDGE('',*,*,#4729,.F.);
#4729 = EDGE_CURVE('',#4691,#4722,#4730,.T.);
#4730 = LINE('',#4731,#4732);
#4731 = CARTESIAN_POINT('',(107.240062,-109.902844,0.));
#4732 = VECTOR('',#4733,1.);
#4733 = DIRECTION('',(-0.382643701377,-0.923895988625,0.));
#4734 = PLANE('',#4735);
#4735 = AXIS2_PLACEMENT_3D('',#4736,#4737,#4738);
#4736 = CARTESIAN_POINT('',(107.240062,-109.902844,0.));
#4737 = DIRECTION('',(-0.923895988625,0.382643701377,0.));
#4738 = DIRECTION('',(-0.382643701377,-0.923895988625,0.));
#4739 = ADVANCED_FACE('',(#4740),#4767,.F.);
#4740 = FACE_BOUND('',#4741,.F.);
#4741 = EDGE_LOOP('',(#4742,#4743,#4752,#4760));
#4742 = ORIENTED_EDGE('',*,*,#4721,.T.);
#4743 = ORIENTED_EDGE('',*,*,#4744,.T.);
#4744 = EDGE_CURVE('',#4714,#4745,#4747,.T.);
#4745 = VERTEX_POINT('',#4746);
#4746 = CARTESIAN_POINT('',(108.769737,-109.926503,-3.5E-02));
#4747 = CIRCLE('',#4748,0.804373248442);
#4748 = AXIS2_PLACEMENT_3D('',#4749,#4750,#4751);
#4749 = CARTESIAN_POINT('',(107.99999971336,-110.1599999643,-3.5E-02));
#4750 = DIRECTION('',(0.,0.,1.));
#4751 = DIRECTION('',(-0.956943452375,0.290274402862,-0.));
#4752 = ORIENTED_EDGE('',*,*,#4753,.F.);
#4753 = EDGE_CURVE('',#4754,#4745,#4756,.T.);
#4754 = VERTEX_POINT('',#4755);
#4755 = CARTESIAN_POINT('',(108.769737,-109.926503,0.));
#4756 = LINE('',#4757,#4758);
#4757 = CARTESIAN_POINT('',(108.769737,-109.926503,0.));
#4758 = VECTOR('',#4759,1.);
#4759 = DIRECTION('',(0.,0.,-1.));
#4760 = ORIENTED_EDGE('',*,*,#4761,.F.);
#4761 = EDGE_CURVE('',#4722,#4754,#4762,.T.);
#4762 = CIRCLE('',#4763,0.804373248442);
#4763 = AXIS2_PLACEMENT_3D('',#4764,#4765,#4766);
#4764 = CARTESIAN_POINT('',(107.99999971336,-110.1599999643,0.));
#4765 = DIRECTION('',(0.,0.,1.));
#4766 = DIRECTION('',(-0.956943452375,0.290274402862,-0.));
#4767 = CYLINDRICAL_SURFACE('',#4768,0.804373248442);
#4768 = AXIS2_PLACEMENT_3D('',#4769,#4770,#4771);
#4769 = CARTESIAN_POINT('',(107.99999971336,-110.1599999643,0.));
#4770 = DIRECTION('',(0.,0.,1.));
#4771 = DIRECTION('',(-0.956943452375,0.290274402862,-0.));
#4772 = ADVANCED_FACE('',(#4773),#4798,.F.);
#4773 = FACE_BOUND('',#4774,.F.);
#4774 = EDGE_LOOP('',(#4775,#4776,#4784,#4792));
#4775 = ORIENTED_EDGE('',*,*,#4753,.T.);
#4776 = ORIENTED_EDGE('',*,*,#4777,.T.);
#4777 = EDGE_CURVE('',#4745,#4778,#4780,.T.);
#4778 = VERTEX_POINT('',#4779);
#4779 = CARTESIAN_POINT('',(108.759937,-109.902844,-3.5E-02));
#4780 = LINE('',#4781,#4782);
#4781 = CARTESIAN_POINT('',(108.769737,-109.926503,-3.5E-02));
#4782 = VECTOR('',#4783,1.);
#4783 = DIRECTION('',(-0.382687476344,0.92387785743,0.));
#4784 = ORIENTED_EDGE('',*,*,#4785,.F.);
#4785 = EDGE_CURVE('',#4786,#4778,#4788,.T.);
#4786 = VERTEX_POINT('',#4787);
#4787 = CARTESIAN_POINT('',(108.759937,-109.902844,0.));
#4788 = LINE('',#4789,#4790);
#4789 = CARTESIAN_POINT('',(108.759937,-109.902844,0.));
#4790 = VECTOR('',#4791,1.);
#4791 = DIRECTION('',(0.,0.,-1.));
#4792 = ORIENTED_EDGE('',*,*,#4793,.F.);
#4793 = EDGE_CURVE('',#4754,#4786,#4794,.T.);
#4794 = LINE('',#4795,#4796);
#4795 = CARTESIAN_POINT('',(108.769737,-109.926503,0.));
#4796 = VECTOR('',#4797,1.);
#4797 = DIRECTION('',(-0.382687476344,0.92387785743,0.));
#4798 = PLANE('',#4799);
#4799 = AXIS2_PLACEMENT_3D('',#4800,#4801,#4802);
#4800 = CARTESIAN_POINT('',(108.769737,-109.926503,0.));
#4801 = DIRECTION('',(0.92387785743,0.382687476344,0.));
#4802 = DIRECTION('',(-0.382687476344,0.92387785743,0.));
#4803 = ADVANCED_FACE('',(#4804),#4829,.F.);
#4804 = FACE_BOUND('',#4805,.F.);
#4805 = EDGE_LOOP('',(#4806,#4807,#4815,#4823));
#4806 = ORIENTED_EDGE('',*,*,#4785,.T.);
#4807 = ORIENTED_EDGE('',*,*,#4808,.T.);
#4808 = EDGE_CURVE('',#4778,#4809,#4811,.T.);
#4809 = VERTEX_POINT('',#4810);
#4810 = CARTESIAN_POINT('',(108.7505,-109.855396,-3.5E-02));
#4811 = LINE('',#4812,#4813);
#4812 = CARTESIAN_POINT('',(108.759937,-109.902844,-3.5E-02));
#4813 = VECTOR('',#4814,1.);
#4814 = DIRECTION('',(-0.195070557046,0.980789211693,0.));
#4815 = ORIENTED_EDGE('',*,*,#4816,.F.);
#4816 = EDGE_CURVE('',#4817,#4809,#4819,.T.);
#4817 = VERTEX_POINT('',#4818);
#4818 = CARTESIAN_POINT('',(108.7505,-109.855396,0.));
#4819 = LINE('',#4820,#4821);
#4820 = CARTESIAN_POINT('',(108.7505,-109.855396,0.));
#4821 = VECTOR('',#4822,1.);
#4822 = DIRECTION('',(0.,0.,-1.));
#4823 = ORIENTED_EDGE('',*,*,#4824,.F.);
#4824 = EDGE_CURVE('',#4786,#4817,#4825,.T.);
#4825 = LINE('',#4826,#4827);
#4826 = CARTESIAN_POINT('',(108.759937,-109.902844,0.));
#4827 = VECTOR('',#4828,1.);
#4828 = DIRECTION('',(-0.195070557046,0.980789211693,0.));
#4829 = PLANE('',#4830);
#4830 = AXIS2_PLACEMENT_3D('',#4831,#4832,#4833);
#4831 = CARTESIAN_POINT('',(108.759937,-109.902844,0.));
#4832 = DIRECTION('',(0.980789211693,0.195070557046,0.));
#4833 = DIRECTION('',(-0.195070557046,0.980789211693,0.));
#4834 = ADVANCED_FACE('',(#4835),#4860,.F.);
#4835 = FACE_BOUND('',#4836,.F.);
#4836 = EDGE_LOOP('',(#4837,#4838,#4846,#4854));
#4837 = ORIENTED_EDGE('',*,*,#4816,.T.);
#4838 = ORIENTED_EDGE('',*,*,#4839,.T.);
#4839 = EDGE_CURVE('',#4809,#4840,#4842,.T.);
#4840 = VERTEX_POINT('',#4841);
#4841 = CARTESIAN_POINT('',(108.7505,-107.289604,-3.5E-02));
#4842 = LINE('',#4843,#4844);
#4843 = CARTESIAN_POINT('',(108.7505,-109.855396,-3.5E-02));
#4844 = VECTOR('',#4845,1.);
#4845 = DIRECTION('',(0.,1.,0.));
#4846 = ORIENTED_EDGE('',*,*,#4847,.F.);
#4847 = EDGE_CURVE('',#4848,#4840,#4850,.T.);
#4848 = VERTEX_POINT('',#4849);
#4849 = CARTESIAN_POINT('',(108.7505,-107.289604,0.));
#4850 = LINE('',#4851,#4852);
#4851 = CARTESIAN_POINT('',(108.7505,-107.289604,0.));
#4852 = VECTOR('',#4853,1.);
#4853 = DIRECTION('',(0.,0.,-1.));
#4854 = ORIENTED_EDGE('',*,*,#4855,.F.);
#4855 = EDGE_CURVE('',#4817,#4848,#4856,.T.);
#4856 = LINE('',#4857,#4858);
#4857 = CARTESIAN_POINT('',(108.7505,-109.855396,0.));
#4858 = VECTOR('',#4859,1.);
#4859 = DIRECTION('',(0.,1.,0.));
#4860 = PLANE('',#4861);
#4861 = AXIS2_PLACEMENT_3D('',#4862,#4863,#4864);
#4862 = CARTESIAN_POINT('',(108.7505,-109.855396,0.));
#4863 = DIRECTION('',(1.,-0.,0.));
#4864 = DIRECTION('',(0.,1.,0.));
#4865 = ADVANCED_FACE('',(#4866),#4891,.F.);
#4866 = FACE_BOUND('',#4867,.F.);
#4867 = EDGE_LOOP('',(#4868,#4869,#4877,#4885));
#4868 = ORIENTED_EDGE('',*,*,#4847,.T.);
#4869 = ORIENTED_EDGE('',*,*,#4870,.T.);
#4870 = EDGE_CURVE('',#4840,#4871,#4873,.T.);
#4871 = VERTEX_POINT('',#4872);
#4872 = CARTESIAN_POINT('',(108.759939,-107.242151,-3.5E-02));
#4873 = LINE('',#4874,#4875);
#4874 = CARTESIAN_POINT('',(108.7505,-107.289604,-3.5E-02));
#4875 = VECTOR('',#4876,1.);
#4876 = DIRECTION('',(0.195090549281,0.980785235197,0.));
#4877 = ORIENTED_EDGE('',*,*,#4878,.F.);
#4878 = EDGE_CURVE('',#4879,#4871,#4881,.T.);
#4879 = VERTEX_POINT('',#4880);
#4880 = CARTESIAN_POINT('',(108.759939,-107.242151,0.));
#4881 = LINE('',#4882,#4883);
#4882 = CARTESIAN_POINT('',(108.759939,-107.242151,0.));
#4883 = VECTOR('',#4884,1.);
#4884 = DIRECTION('',(0.,0.,-1.));
#4885 = ORIENTED_EDGE('',*,*,#4886,.F.);
#4886 = EDGE_CURVE('',#4848,#4879,#4887,.T.);
#4887 = LINE('',#4888,#4889);
#4888 = CARTESIAN_POINT('',(108.7505,-107.289604,0.));
#4889 = VECTOR('',#4890,1.);
#4890 = DIRECTION('',(0.195090549281,0.980785235197,0.));
#4891 = PLANE('',#4892);
#4892 = AXIS2_PLACEMENT_3D('',#4893,#4894,#4895);
#4893 = CARTESIAN_POINT('',(108.7505,-107.289604,0.));
#4894 = DIRECTION('',(0.980785235197,-0.195090549281,0.));
#4895 = DIRECTION('',(0.195090549281,0.980785235197,0.));
#4896 = ADVANCED_FACE('',(#4897),#4922,.F.);
#4897 = FACE_BOUND('',#4898,.F.);
#4898 = EDGE_LOOP('',(#4899,#4900,#4908,#4916));
#4899 = ORIENTED_EDGE('',*,*,#4878,.T.);
#4900 = ORIENTED_EDGE('',*,*,#4901,.T.);
#4901 = EDGE_CURVE('',#4871,#4902,#4904,.T.);
#4902 = VERTEX_POINT('',#4903);
#4903 = CARTESIAN_POINT('',(108.769737,-107.218497,-3.5E-02));
#4904 = LINE('',#4905,#4906);
#4905 = CARTESIAN_POINT('',(108.759939,-107.242151,-3.5E-02));
#4906 = VECTOR('',#4907,1.);
#4907 = DIRECTION('',(0.382689846451,0.923876875684,0.));
#4908 = ORIENTED_EDGE('',*,*,#4909,.F.);
#4909 = EDGE_CURVE('',#4910,#4902,#4912,.T.);
#4910 = VERTEX_POINT('',#4911);
#4911 = CARTESIAN_POINT('',(108.769737,-107.218497,0.));
#4912 = LINE('',#4913,#4914);
#4913 = CARTESIAN_POINT('',(108.769737,-107.218497,0.));
#4914 = VECTOR('',#4915,1.);
#4915 = DIRECTION('',(0.,0.,-1.));
#4916 = ORIENTED_EDGE('',*,*,#4917,.F.);
#4917 = EDGE_CURVE('',#4879,#4910,#4918,.T.);
#4918 = LINE('',#4919,#4920);
#4919 = CARTESIAN_POINT('',(108.759939,-107.242151,0.));
#4920 = VECTOR('',#4921,1.);
#4921 = DIRECTION('',(0.382689846451,0.923876875684,0.));
#4922 = PLANE('',#4923);
#4923 = AXIS2_PLACEMENT_3D('',#4924,#4925,#4926);
#4924 = CARTESIAN_POINT('',(108.759939,-107.242151,0.));
#4925 = DIRECTION('',(0.923876875684,-0.382689846451,0.));
#4926 = DIRECTION('',(0.382689846451,0.923876875684,0.));
#4927 = ADVANCED_FACE('',(#4928),#4955,.F.);
#4928 = FACE_BOUND('',#4929,.F.);
#4929 = EDGE_LOOP('',(#4930,#4931,#4940,#4948));
#4930 = ORIENTED_EDGE('',*,*,#4909,.T.);
#4931 = ORIENTED_EDGE('',*,*,#4932,.T.);
#4932 = EDGE_CURVE('',#4902,#4933,#4935,.T.);
#4933 = VERTEX_POINT('',#4934);
#4934 = CARTESIAN_POINT('',(107.230263,-107.218497,-3.5E-02));
#4935 = CIRCLE('',#4936,0.804373054734);
#4936 = AXIS2_PLACEMENT_3D('',#4937,#4938,#4939);
#4937 = CARTESIAN_POINT('',(108.,-106.984999758,-3.5E-02));
#4938 = DIRECTION('',(0.,0.,1.));
#4939 = DIRECTION('',(0.956940309561,-0.29028476353,0.));
#4940 = ORIENTED_EDGE('',*,*,#4941,.F.);
#4941 = EDGE_CURVE('',#4942,#4933,#4944,.T.);
#4942 = VERTEX_POINT('',#4943);
#4943 = CARTESIAN_POINT('',(107.230263,-107.218497,0.));
#4944 = LINE('',#4945,#4946);
#4945 = CARTESIAN_POINT('',(107.230263,-107.218497,0.));
#4946 = VECTOR('',#4947,1.);
#4947 = DIRECTION('',(0.,0.,-1.));
#4948 = ORIENTED_EDGE('',*,*,#4949,.F.);
#4949 = EDGE_CURVE('',#4910,#4942,#4950,.T.);
#4950 = CIRCLE('',#4951,0.804373054734);
#4951 = AXIS2_PLACEMENT_3D('',#4952,#4953,#4954);
#4952 = CARTESIAN_POINT('',(108.,-106.984999758,0.));
#4953 = DIRECTION('',(0.,0.,1.));
#4954 = DIRECTION('',(0.956940309561,-0.29028476353,0.));
#4955 = CYLINDRICAL_SURFACE('',#4956,0.804373054734);
#4956 = AXIS2_PLACEMENT_3D('',#4957,#4958,#4959);
#4957 = CARTESIAN_POINT('',(108.,-106.984999758,0.));
#4958 = DIRECTION('',(0.,0.,1.));
#4959 = DIRECTION('',(0.956940309561,-0.29028476353,0.));
#4960 = ADVANCED_FACE('',(#4961),#4977,.F.);
#4961 = FACE_BOUND('',#4962,.F.);
#4962 = EDGE_LOOP('',(#4963,#4964,#4970,#4971));
#4963 = ORIENTED_EDGE('',*,*,#4941,.T.);
#4964 = ORIENTED_EDGE('',*,*,#4965,.T.);
#4965 = EDGE_CURVE('',#4933,#4613,#4966,.T.);
#4966 = LINE('',#4967,#4968);
#4967 = CARTESIAN_POINT('',(107.230263,-107.218497,-3.5E-02));
#4968 = VECTOR('',#4969,1.);
#4969 = DIRECTION('',(0.382689846451,-0.923876875684,0.));
#4970 = ORIENTED_EDGE('',*,*,#4610,.F.);
#4971 = ORIENTED_EDGE('',*,*,#4972,.F.);
#4972 = EDGE_CURVE('',#4942,#4611,#4973,.T.);
#4973 = LINE('',#4974,#4975);
#4974 = CARTESIAN_POINT('',(107.230263,-107.218497,0.));
#4975 = VECTOR('',#4976,1.);
#4976 = DIRECTION('',(0.382689846451,-0.923876875684,0.));
#4977 = PLANE('',#4978);
#4978 = AXIS2_PLACEMENT_3D('',#4979,#4980,#4981);
#4979 = CARTESIAN_POINT('',(107.230263,-107.218497,0.));
#4980 = DIRECTION('',(-0.923876875684,-0.382689846451,-0.));
#4981 = DIRECTION('',(0.382689846451,-0.923876875684,0.));
#4982 = ADVANCED_FACE('',(#4983),#5010,.F.);
#4983 = FACE_BOUND('',#4984,.F.);
#4984 = EDGE_LOOP('',(#4985,#4995,#5002,#5003));
#4985 = ORIENTED_EDGE('',*,*,#4986,.T.);
#4986 = EDGE_CURVE('',#4987,#4989,#4991,.T.);
#4987 = VERTEX_POINT('',#4988);
#4988 = CARTESIAN_POINT('',(109.927409,-110.195099,0.));
#4989 = VERTEX_POINT('',#4990);
#4990 = CARTESIAN_POINT('',(109.927409,-110.195099,-3.5E-02));
#4991 = LINE('',#4992,#4993);
#4992 = CARTESIAN_POINT('',(109.927409,-110.195099,0.));
#4993 = VECTOR('',#4994,1.);
#4994 = DIRECTION('',(0.,0.,-1.));
#4995 = ORIENTED_EDGE('',*,*,#4996,.T.);
#4996 = EDGE_CURVE('',#4989,#4989,#4997,.T.);
#4997 = CIRCLE('',#4998,0.137255);
#4998 = AXIS2_PLACEMENT_3D('',#4999,#5000,#5001);
#4999 = CARTESIAN_POINT('',(109.790154,-110.195099,-3.5E-02));
#5000 = DIRECTION('',(0.,0.,1.));
#5001 = DIRECTION('',(1.,0.,-0.));
#5002 = ORIENTED_EDGE('',*,*,#4986,.F.);
#5003 = ORIENTED_EDGE('',*,*,#5004,.F.);
#5004 = EDGE_CURVE('',#4987,#4987,#5005,.T.);
#5005 = CIRCLE('',#5006,0.137255);
#5006 = AXIS2_PLACEMENT_3D('',#5007,#5008,#5009);
#5007 = CARTESIAN_POINT('',(109.790154,-110.195099,0.));
#5008 = DIRECTION('',(0.,0.,1.));
#5009 = DIRECTION('',(1.,0.,-0.));
#5010 = CYLINDRICAL_SURFACE('',#5011,0.137255);
#5011 = AXIS2_PLACEMENT_3D('',#5012,#5013,#5014);
#5012 = CARTESIAN_POINT('',(109.790154,-110.195099,0.));
#5013 = DIRECTION('',(0.,0.,1.));
#5014 = DIRECTION('',(1.,0.,-0.));
#5015 = ADVANCED_FACE('',(#5016),#5043,.F.);
#5016 = FACE_BOUND('',#5017,.F.);
#5017 = EDGE_LOOP('',(#5018,#5028,#5035,#5036));
#5018 = ORIENTED_EDGE('',*,*,#5019,.T.);
#5019 = EDGE_CURVE('',#5020,#5022,#5024,.T.);
#5020 = VERTEX_POINT('',#5021);
#5021 = CARTESIAN_POINT('',(92.946529,-108.150109,0.));
#5022 = VERTEX_POINT('',#5023);
#5023 = CARTESIAN_POINT('',(92.946529,-108.150109,-3.5E-02));
#5024 = LINE('',#5025,#5026);
#5025 = CARTESIAN_POINT('',(92.946529,-108.150109,0.));
#5026 = VECTOR('',#5027,1.);
#5027 = DIRECTION('',(0.,0.,-1.));
#5028 = ORIENTED_EDGE('',*,*,#5029,.T.);
#5029 = EDGE_CURVE('',#5022,#5022,#5030,.T.);
#5030 = CIRCLE('',#5031,0.137255);
#5031 = AXIS2_PLACEMENT_3D('',#5032,#5033,#5034);
#5032 = CARTESIAN_POINT('',(92.809274,-108.150109,-3.5E-02));
#5033 = DIRECTION('',(0.,0.,1.));
#5034 = DIRECTION('',(1.,0.,-0.));
#5035 = ORIENTED_EDGE('',*,*,#5019,.F.);
#5036 = ORIENTED_EDGE('',*,*,#5037,.F.);
#5037 = EDGE_CURVE('',#5020,#5020,#5038,.T.);
#5038 = CIRCLE('',#5039,0.137255);
#5039 = AXIS2_PLACEMENT_3D('',#5040,#5041,#5042);
#5040 = CARTESIAN_POINT('',(92.809274,-108.150109,0.));
#5041 = DIRECTION('',(0.,0.,1.));
#5042 = DIRECTION('',(1.,0.,-0.));
#5043 = CYLINDRICAL_SURFACE('',#5044,0.137255);
#5044 = AXIS2_PLACEMENT_3D('',#5045,#5046,#5047);
#5045 = CARTESIAN_POINT('',(92.809274,-108.150109,0.));
#5046 = DIRECTION('',(0.,0.,1.));
#5047 = DIRECTION('',(1.,0.,-0.));
#5048 = ADVANCED_FACE('',(#5049),#5076,.F.);
#5049 = FACE_BOUND('',#5050,.F.);
#5050 = EDGE_LOOP('',(#5051,#5061,#5068,#5069));
#5051 = ORIENTED_EDGE('',*,*,#5052,.T.);
#5052 = EDGE_CURVE('',#5053,#5055,#5057,.T.);
#5053 = VERTEX_POINT('',#5054);
#5054 = CARTESIAN_POINT('',(94.161939,-108.106047,0.));
#5055 = VERTEX_POINT('',#5056);
#5056 = CARTESIAN_POINT('',(94.161939,-108.106047,-3.5E-02));
#5057 = LINE('',#5058,#5059);
#5058 = CARTESIAN_POINT('',(94.161939,-108.106047,0.));
#5059 = VECTOR('',#5060,1.);
#5060 = DIRECTION('',(0.,0.,-1.));
#5061 = ORIENTED_EDGE('',*,*,#5062,.T.);
#5062 = EDGE_CURVE('',#5055,#5055,#5063,.T.);
#5063 = CIRCLE('',#5064,0.137255);
#5064 = AXIS2_PLACEMENT_3D('',#5065,#5066,#5067);
#5065 = CARTESIAN_POINT('',(94.024684,-108.106047,-3.5E-02));
#5066 = DIRECTION('',(0.,0.,1.));
#5067 = DIRECTION('',(1.,0.,-0.));
#5068 = ORIENTED_EDGE('',*,*,#5052,.F.);
#5069 = ORIENTED_EDGE('',*,*,#5070,.F.);
#5070 = EDGE_CURVE('',#5053,#5053,#5071,.T.);
#5071 = CIRCLE('',#5072,0.137255);
#5072 = AXIS2_PLACEMENT_3D('',#5073,#5074,#5075);
#5073 = CARTESIAN_POINT('',(94.024684,-108.106047,0.));
#5074 = DIRECTION('',(0.,0.,1.));
#5075 = DIRECTION('',(1.,0.,-0.));
#5076 = CYLINDRICAL_SURFACE('',#5077,0.137255);
#5077 = AXIS2_PLACEMENT_3D('',#5078,#5079,#5080);
#5078 = CARTESIAN_POINT('',(94.024684,-108.106047,0.));
#5079 = DIRECTION('',(0.,0.,1.));
#5080 = DIRECTION('',(1.,0.,-0.));
#5081 = ADVANCED_FACE('',(#5082),#5109,.F.);
#5082 = FACE_BOUND('',#5083,.F.);
#5083 = EDGE_LOOP('',(#5084,#5094,#5101,#5102));
#5084 = ORIENTED_EDGE('',*,*,#5085,.T.);
#5085 = EDGE_CURVE('',#5086,#5088,#5090,.T.);
#5086 = VERTEX_POINT('',#5087);
#5087 = CARTESIAN_POINT('',(96.553636,-108.019606,0.));
#5088 = VERTEX_POINT('',#5089);
#5089 = CARTESIAN_POINT('',(96.553636,-108.019606,-3.5E-02));
#5090 = LINE('',#5091,#5092);
#5091 = CARTESIAN_POINT('',(96.553636,-108.019606,0.));
#5092 = VECTOR('',#5093,1.);
#5093 = DIRECTION('',(0.,0.,-1.));
#5094 = ORIENTED_EDGE('',*,*,#5095,.T.);
#5095 = EDGE_CURVE('',#5088,#5088,#5096,.T.);
#5096 = CIRCLE('',#5097,0.137255);
#5097 = AXIS2_PLACEMENT_3D('',#5098,#5099,#5100);
#5098 = CARTESIAN_POINT('',(96.416381,-108.019606,-3.5E-02));
#5099 = DIRECTION('',(0.,0.,1.));
#5100 = DIRECTION('',(1.,0.,-0.));
#5101 = ORIENTED_EDGE('',*,*,#5085,.F.);
#5102 = ORIENTED_EDGE('',*,*,#5103,.F.);
#5103 = EDGE_CURVE('',#5086,#5086,#5104,.T.);
#5104 = CIRCLE('',#5105,0.137255);
#5105 = AXIS2_PLACEMENT_3D('',#5106,#5107,#5108);
#5106 = CARTESIAN_POINT('',(96.416381,-108.019606,0.));
#5107 = DIRECTION('',(0.,0.,1.));
#5108 = DIRECTION('',(1.,0.,-0.));
#5109 = CYLINDRICAL_SURFACE('',#5110,0.137255);
#5110 = AXIS2_PLACEMENT_3D('',#5111,#5112,#5113);
#5111 = CARTESIAN_POINT('',(96.416381,-108.019606,0.));
#5112 = DIRECTION('',(0.,0.,1.));
#5113 = DIRECTION('',(1.,0.,-0.));
#5114 = ADVANCED_FACE('',(#5115),#5142,.F.);
#5115 = FACE_BOUND('',#5116,.F.);
#5116 = EDGE_LOOP('',(#5117,#5127,#5134,#5135));
#5117 = ORIENTED_EDGE('',*,*,#5118,.T.);
#5118 = EDGE_CURVE('',#5119,#5121,#5123,.T.);
#5119 = VERTEX_POINT('',#5120);
#5120 = CARTESIAN_POINT('',(112.595282,-107.962698,0.));
#5121 = VERTEX_POINT('',#5122);
#5122 = CARTESIAN_POINT('',(112.595282,-107.962698,-3.5E-02));
#5123 = LINE('',#5124,#5125);
#5124 = CARTESIAN_POINT('',(112.595282,-107.962698,0.));
#5125 = VECTOR('',#5126,1.);
#5126 = DIRECTION('',(0.,0.,-1.));
#5127 = ORIENTED_EDGE('',*,*,#5128,.T.);
#5128 = EDGE_CURVE('',#5121,#5121,#5129,.T.);
#5129 = CIRCLE('',#5130,0.137255);
#5130 = AXIS2_PLACEMENT_3D('',#5131,#5132,#5133);
#5131 = CARTESIAN_POINT('',(112.458027,-107.962698,-3.5E-02));
#5132 = DIRECTION('',(0.,0.,1.));
#5133 = DIRECTION('',(1.,0.,-0.));
#5134 = ORIENTED_EDGE('',*,*,#5118,.F.);
#5135 = ORIENTED_EDGE('',*,*,#5136,.F.);
#5136 = EDGE_CURVE('',#5119,#5119,#5137,.T.);
#5137 = CIRCLE('',#5138,0.137255);
#5138 = AXIS2_PLACEMENT_3D('',#5139,#5140,#5141);
#5139 = CARTESIAN_POINT('',(112.458027,-107.962698,0.));
#5140 = DIRECTION('',(0.,0.,1.));
#5141 = DIRECTION('',(1.,0.,-0.));
#5142 = CYLINDRICAL_SURFACE('',#5143,0.137255);
#5143 = AXIS2_PLACEMENT_3D('',#5144,#5145,#5146);
#5144 = CARTESIAN_POINT('',(112.458027,-107.962698,0.));
#5145 = DIRECTION('',(0.,0.,1.));
#5146 = DIRECTION('',(1.,0.,-0.));
#5147 = ADVANCED_FACE('',(#5148),#5184,.T.);
#5148 = FACE_BOUND('',#5149,.F.);
#5149 = EDGE_LOOP('',(#5150,#5160,#5169,#5177));
#5150 = ORIENTED_EDGE('',*,*,#5151,.T.);
#5151 = EDGE_CURVE('',#5152,#5154,#5156,.T.);
#5152 = VERTEX_POINT('',#5153);
#5153 = CARTESIAN_POINT('',(99.314805,-100.277164,0.));
#5154 = VERTEX_POINT('',#5155);
#5155 = CARTESIAN_POINT('',(99.314805,-100.277164,-3.5E-02));
#5156 = LINE('',#5157,#5158);
#5157 = CARTESIAN_POINT('',(99.314805,-100.277164,0.));
#5158 = VECTOR('',#5159,1.);
#5159 = DIRECTION('',(0.,0.,-1.));
#5160 = ORIENTED_EDGE('',*,*,#5161,.T.);
#5161 = EDGE_CURVE('',#5154,#5162,#5164,.T.);
#5162 = VERTEX_POINT('',#5163);
#5163 = CARTESIAN_POINT('',(99.085195,-100.277164,-3.5E-02));
#5164 = CIRCLE('',#5165,0.300007695317);
#5165 = AXIS2_PLACEMENT_3D('',#5166,#5167,#5168);
#5166 = CARTESIAN_POINT('',(99.2,-99.9999917986,-3.5E-02));
#5167 = DIRECTION('',(-0.,0.,-1.));
#5168 = DIRECTION('',(0.382673517354,-0.923883639381,-0.));
#5169 = ORIENTED_EDGE('',*,*,#5170,.F.);
#5170 = EDGE_CURVE('',#5171,#5162,#5173,.T.);
#5171 = VERTEX_POINT('',#5172);
#5172 = CARTESIAN_POINT('',(99.085195,-100.277164,0.));
#5173 = LINE('',#5174,#5175);
#5174 = CARTESIAN_POINT('',(99.085195,-100.277164,0.));
#5175 = VECTOR('',#5176,1.);
#5176 = DIRECTION('',(0.,0.,-1.));
#5177 = ORIENTED_EDGE('',*,*,#5178,.F.);
#5178 = EDGE_CURVE('',#5152,#5171,#5179,.T.);
#5179 = CIRCLE('',#5180,0.300007695317);
#5180 = AXIS2_PLACEMENT_3D('',#5181,#5182,#5183);
#5181 = CARTESIAN_POINT('',(99.2,-99.9999917986,0.));
#5182 = DIRECTION('',(-0.,0.,-1.));
#5183 = DIRECTION('',(0.382673517354,-0.923883639381,-0.));
#5184 = CYLINDRICAL_SURFACE('',#5185,0.300007695317);
#5185 = AXIS2_PLACEMENT_3D('',#5186,#5187,#5188);
#5186 = CARTESIAN_POINT('',(99.2,-99.9999917986,0.));
#5187 = DIRECTION('',(0.,-0.,1.));
#5188 = DIRECTION('',(0.382673517354,-0.923883639381,-0.));
#5189 = ADVANCED_FACE('',(#5190),#5215,.F.);
#5190 = FACE_BOUND('',#5191,.F.);
#5191 = EDGE_LOOP('',(#5192,#5193,#5201,#5209));
#5192 = ORIENTED_EDGE('',*,*,#5170,.T.);
#5193 = ORIENTED_EDGE('',*,*,#5194,.T.);
#5194 = EDGE_CURVE('',#5162,#5195,#5197,.T.);
#5195 = VERTEX_POINT('',#5196);
#5196 = CARTESIAN_POINT('',(99.038146,-100.25,-3.5E-02));
#5197 = LINE('',#5198,#5199);
#5198 = CARTESIAN_POINT('',(99.085195,-100.277164,-3.5E-02));
#5199 = VECTOR('',#5200,1.);
#5200 = DIRECTION('',(-0.866023433616,0.500003412416,0.));
#5201 = ORIENTED_EDGE('',*,*,#5202,.F.);
#5202 = EDGE_CURVE('',#5203,#5195,#5205,.T.);
#5203 = VERTEX_POINT('',#5204);
#5204 = CARTESIAN_POINT('',(99.038146,-100.25,0.));
#5205 = LINE('',#5206,#5207);
#5206 = CARTESIAN_POINT('',(99.038146,-100.25,0.));
#5207 = VECTOR('',#5208,1.);
#5208 = DIRECTION('',(0.,0.,-1.));
#5209 = ORIENTED_EDGE('',*,*,#5210,.F.);
#5210 = EDGE_CURVE('',#5171,#5203,#5211,.T.);
#5211 = LINE('',#5212,#5213);
#5212 = CARTESIAN_POINT('',(99.085195,-100.277164,0.));
#5213 = VECTOR('',#5214,1.);
#5214 = DIRECTION('',(-0.866023433616,0.500003412416,0.));
#5215 = PLANE('',#5216);
#5216 = AXIS2_PLACEMENT_3D('',#5217,#5218,#5219);
#5217 = CARTESIAN_POINT('',(99.085195,-100.277164,0.));
#5218 = DIRECTION('',(0.500003412416,0.866023433616,0.));
#5219 = DIRECTION('',(-0.866023433616,0.500003412416,0.));
#5220 = ADVANCED_FACE('',(#5221),#5246,.F.);
#5221 = FACE_BOUND('',#5222,.F.);
#5222 = EDGE_LOOP('',(#5223,#5224,#5232,#5240));
#5223 = ORIENTED_EDGE('',*,*,#5202,.T.);
#5224 = ORIENTED_EDGE('',*,*,#5225,.T.);
#5225 = EDGE_CURVE('',#5195,#5226,#5228,.T.);
#5226 = VERTEX_POINT('',#5227);
#5227 = CARTESIAN_POINT('',(99.,-100.25,-3.5E-02));
#5228 = LINE('',#5229,#5230);
#5229 = CARTESIAN_POINT('',(99.038146,-100.25,-3.5E-02));
#5230 = VECTOR('',#5231,1.);
#5231 = DIRECTION('',(-1.,0.,0.));
#5232 = ORIENTED_EDGE('',*,*,#5233,.F.);
#5233 = EDGE_CURVE('',#5234,#5226,#5236,.T.);
#5234 = VERTEX_POINT('',#5235);
#5235 = CARTESIAN_POINT('',(99.,-100.25,0.));
#5236 = LINE('',#5237,#5238);
#5237 = CARTESIAN_POINT('',(99.,-100.25,0.));
#5238 = VECTOR('',#5239,1.);
#5239 = DIRECTION('',(0.,0.,-1.));
#5240 = ORIENTED_EDGE('',*,*,#5241,.F.);
#5241 = EDGE_CURVE('',#5203,#5234,#5242,.T.);
#5242 = LINE('',#5243,#5244);
#5243 = CARTESIAN_POINT('',(99.038146,-100.25,0.));
#5244 = VECTOR('',#5245,1.);
#5245 = DIRECTION('',(-1.,0.,0.));
#5246 = PLANE('',#5247);
#5247 = AXIS2_PLACEMENT_3D('',#5248,#5249,#5250);
#5248 = CARTESIAN_POINT('',(99.038146,-100.25,0.));
#5249 = DIRECTION('',(0.,1.,0.));
#5250 = DIRECTION('',(-1.,0.,0.));
#5251 = ADVANCED_FACE('',(#5252),#5277,.F.);
#5252 = FACE_BOUND('',#5253,.F.);
#5253 = EDGE_LOOP('',(#5254,#5255,#5263,#5271));
#5254 = ORIENTED_EDGE('',*,*,#5233,.T.);
#5255 = ORIENTED_EDGE('',*,*,#5256,.T.);
#5256 = EDGE_CURVE('',#5226,#5257,#5259,.T.);
#5257 = VERTEX_POINT('',#5258);
#5258 = CARTESIAN_POINT('',(99.,-100.547844,-3.5E-02));
#5259 = LINE('',#5260,#5261);
#5260 = CARTESIAN_POINT('',(99.,-100.25,-3.5E-02));
#5261 = VECTOR('',#5262,1.);
#5262 = DIRECTION('',(0.,-1.,0.));
#5263 = ORIENTED_EDGE('',*,*,#5264,.F.);
#5264 = EDGE_CURVE('',#5265,#5257,#5267,.T.);
#5265 = VERTEX_POINT('',#5266);
#5266 = CARTESIAN_POINT('',(99.,-100.547844,0.));
#5267 = LINE('',#5268,#5269);
#5268 = CARTESIAN_POINT('',(99.,-100.547844,0.));
#5269 = VECTOR('',#5270,1.);
#5270 = DIRECTION('',(0.,0.,-1.));
#5271 = ORIENTED_EDGE('',*,*,#5272,.F.);
#5272 = EDGE_CURVE('',#5234,#5265,#5273,.T.);
#5273 = LINE('',#5274,#5275);
#5274 = CARTESIAN_POINT('',(99.,-100.25,0.));
#5275 = VECTOR('',#5276,1.);
#5276 = DIRECTION('',(0.,-1.,0.));
#5277 = PLANE('',#5278);
#5278 = AXIS2_PLACEMENT_3D('',#5279,#5280,#5281);
#5279 = CARTESIAN_POINT('',(99.,-100.25,0.));
#5280 = DIRECTION('',(-1.,-0.,-0.));
#5281 = DIRECTION('',(0.,-1.,0.));
#5282 = ADVANCED_FACE('',(#5283),#5308,.F.);
#5283 = FACE_BOUND('',#5284,.F.);
#5284 = EDGE_LOOP('',(#5285,#5286,#5294,#5302));
#5285 = ORIENTED_EDGE('',*,*,#5264,.T.);
#5286 = ORIENTED_EDGE('',*,*,#5287,.T.);
#5287 = EDGE_CURVE('',#5257,#5288,#5290,.T.);
#5288 = VERTEX_POINT('',#5289);
#5289 = CARTESIAN_POINT('',(99.006401,-100.607372,-3.5E-02));
#5290 = LINE('',#5291,#5292);
#5291 = CARTESIAN_POINT('',(99.,-100.547844,-3.5E-02));
#5292 = VECTOR('',#5293,1.);
#5293 = DIRECTION('',(0.106912914193,-0.994268388705,0.));
#5294 = ORIENTED_EDGE('',*,*,#5295,.F.);
#5295 = EDGE_CURVE('',#5296,#5288,#5298,.T.);
#5296 = VERTEX_POINT('',#5297);
#5297 = CARTESIAN_POINT('',(99.006401,-100.607372,0.));
#5298 = LINE('',#5299,#5300);
#5299 = CARTESIAN_POINT('',(99.006401,-100.607372,0.));
#5300 = VECTOR('',#5301,1.);
#5301 = DIRECTION('',(0.,0.,-1.));
#5302 = ORIENTED_EDGE('',*,*,#5303,.F.);
#5303 = EDGE_CURVE('',#5265,#5296,#5304,.T.);
#5304 = LINE('',#5305,#5306);
#5305 = CARTESIAN_POINT('',(99.,-100.547844,0.));
#5306 = VECTOR('',#5307,1.);
#5307 = DIRECTION('',(0.106912914193,-0.994268388705,0.));
#5308 = PLANE('',#5309);
#5309 = AXIS2_PLACEMENT_3D('',#5310,#5311,#5312);
#5310 = CARTESIAN_POINT('',(99.,-100.547844,0.));
#5311 = DIRECTION('',(-0.994268388705,-0.106912914193,-0.));
#5312 = DIRECTION('',(0.106912914193,-0.994268388705,0.));
#5313 = ADVANCED_FACE('',(#5314),#5341,.F.);
#5314 = FACE_BOUND('',#5315,.F.);
#5315 = EDGE_LOOP('',(#5316,#5317,#5326,#5334));
#5316 = ORIENTED_EDGE('',*,*,#5295,.T.);
#5317 = ORIENTED_EDGE('',*,*,#5318,.T.);
#5318 = EDGE_CURVE('',#5288,#5319,#5321,.T.);
#5319 = VERTEX_POINT('',#5320);
#5320 = CARTESIAN_POINT('',(99.392627,-100.993598,-3.5E-02));
#5321 = CIRCLE('',#5322,0.505143832088);
#5322 = AXIS2_PLACEMENT_3D('',#5323,#5324,#5325);
#5323 = CARTESIAN_POINT('',(99.500001129141,-100.4999978708,-3.5E-02));
#5324 = DIRECTION('',(0.,0.,1.));
#5325 = DIRECTION('',(-0.977147690986,-0.212561496984,0.));
#5326 = ORIENTED_EDGE('',*,*,#5327,.F.);
#5327 = EDGE_CURVE('',#5328,#5319,#5330,.T.);
#5328 = VERTEX_POINT('',#5329);
#5329 = CARTESIAN_POINT('',(99.392627,-100.993598,0.));
#5330 = LINE('',#5331,#5332);
#5331 = CARTESIAN_POINT('',(99.392627,-100.993598,0.));
#5332 = VECTOR('',#5333,1.);
#5333 = DIRECTION('',(0.,0.,-1.));
#5334 = ORIENTED_EDGE('',*,*,#5335,.F.);
#5335 = EDGE_CURVE('',#5296,#5328,#5336,.T.);
#5336 = CIRCLE('',#5337,0.505143832088);
#5337 = AXIS2_PLACEMENT_3D('',#5338,#5339,#5340);
#5338 = CARTESIAN_POINT('',(99.500001129141,-100.4999978708,0.));
#5339 = DIRECTION('',(0.,0.,1.));
#5340 = DIRECTION('',(-0.977147690986,-0.212561496984,0.));
#5341 = CYLINDRICAL_SURFACE('',#5342,0.505143832088);
#5342 = AXIS2_PLACEMENT_3D('',#5343,#5344,#5345);
#5343 = CARTESIAN_POINT('',(99.500001129141,-100.4999978708,0.));
#5344 = DIRECTION('',(0.,0.,1.));
#5345 = DIRECTION('',(-0.977147690986,-0.212561496984,0.));
#5346 = ADVANCED_FACE('',(#5347),#5372,.F.);
#5347 = FACE_BOUND('',#5348,.F.);
#5348 = EDGE_LOOP('',(#5349,#5350,#5358,#5366));
#5349 = ORIENTED_EDGE('',*,*,#5327,.T.);
#5350 = ORIENTED_EDGE('',*,*,#5351,.T.);
#5351 = EDGE_CURVE('',#5319,#5352,#5354,.T.);
#5352 = VERTEX_POINT('',#5353);
#5353 = CARTESIAN_POINT('',(99.452172,-101.,-3.5E-02));
#5354 = LINE('',#5355,#5356);
#5355 = CARTESIAN_POINT('',(99.392627,-100.993598,-3.5E-02));
#5356 = VECTOR('',#5357,1.);
#5357 = DIRECTION('',(0.994269858287,-0.106899246498,0.));
#5358 = ORIENTED_EDGE('',*,*,#5359,.F.);
#5359 = EDGE_CURVE('',#5360,#5352,#5362,.T.);
#5360 = VERTEX_POINT('',#5361);
#5361 = CARTESIAN_POINT('',(99.452172,-101.,0.));
#5362 = LINE('',#5363,#5364);
#5363 = CARTESIAN_POINT('',(99.452172,-101.,0.));
#5364 = VECTOR('',#5365,1.);
#5365 = DIRECTION('',(0.,0.,-1.));
#5366 = ORIENTED_EDGE('',*,*,#5367,.F.);
#5367 = EDGE_CURVE('',#5328,#5360,#5368,.T.);
#5368 = LINE('',#5369,#5370);
#5369 = CARTESIAN_POINT('',(99.392627,-100.993598,0.));
#5370 = VECTOR('',#5371,1.);
#5371 = DIRECTION('',(0.994269858287,-0.106899246498,0.));
#5372 = PLANE('',#5373);
#5373 = AXIS2_PLACEMENT_3D('',#5374,#5375,#5376);
#5374 = CARTESIAN_POINT('',(99.392627,-100.993598,0.));
#5375 = DIRECTION('',(-0.106899246498,-0.994269858287,-0.));
#5376 = DIRECTION('',(0.994269858287,-0.106899246498,0.));
#5377 = ADVANCED_FACE('',(#5378),#5403,.F.);
#5378 = FACE_BOUND('',#5379,.F.);
#5379 = EDGE_LOOP('',(#5380,#5381,#5389,#5397));
#5380 = ORIENTED_EDGE('',*,*,#5359,.T.);
#5381 = ORIENTED_EDGE('',*,*,#5382,.T.);
#5382 = EDGE_CURVE('',#5352,#5383,#5385,.T.);
#5383 = VERTEX_POINT('',#5384);
#5384 = CARTESIAN_POINT('',(99.75,-101.,-3.5E-02));
#5385 = LINE('',#5386,#5387);
#5386 = CARTESIAN_POINT('',(99.452172,-101.,-3.5E-02));
#5387 = VECTOR('',#5388,1.);
#5388 = DIRECTION('',(1.,0.,0.));
#5389 = ORIENTED_EDGE('',*,*,#5390,.F.);
#5390 = EDGE_CURVE('',#5391,#5383,#5393,.T.);
#5391 = VERTEX_POINT('',#5392);
#5392 = CARTESIAN_POINT('',(99.75,-101.,0.));
#5393 = LINE('',#5394,#5395);
#5394 = CARTESIAN_POINT('',(99.75,-101.,0.));
#5395 = VECTOR('',#5396,1.);
#5396 = DIRECTION('',(0.,0.,-1.));
#5397 = ORIENTED_EDGE('',*,*,#5398,.F.);
#5398 = EDGE_CURVE('',#5360,#5391,#5399,.T.);
#5399 = LINE('',#5400,#5401);
#5400 = CARTESIAN_POINT('',(99.452172,-101.,0.));
#5401 = VECTOR('',#5402,1.);
#5402 = DIRECTION('',(1.,0.,0.));
#5403 = PLANE('',#5404);
#5404 = AXIS2_PLACEMENT_3D('',#5405,#5406,#5407);
#5405 = CARTESIAN_POINT('',(99.452172,-101.,0.));
#5406 = DIRECTION('',(0.,-1.,0.));
#5407 = DIRECTION('',(1.,0.,0.));
#5408 = ADVANCED_FACE('',(#5409),#5434,.F.);
#5409 = FACE_BOUND('',#5410,.F.);
#5410 = EDGE_LOOP('',(#5411,#5412,#5420,#5428));
#5411 = ORIENTED_EDGE('',*,*,#5390,.T.);
#5412 = ORIENTED_EDGE('',*,*,#5413,.T.);
#5413 = EDGE_CURVE('',#5383,#5414,#5416,.T.);
#5414 = VERTEX_POINT('',#5415);
#5415 = CARTESIAN_POINT('',(99.75,-100.25,-3.5E-02));
#5416 = LINE('',#5417,#5418);
#5417 = CARTESIAN_POINT('',(99.75,-101.,-3.5E-02));
#5418 = VECTOR('',#5419,1.);
#5419 = DIRECTION('',(0.,1.,0.));
#5420 = ORIENTED_EDGE('',*,*,#5421,.F.);
#5421 = EDGE_CURVE('',#5422,#5414,#5424,.T.);
#5422 = VERTEX_POINT('',#5423);
#5423 = CARTESIAN_POINT('',(99.75,-100.25,0.));
#5424 = LINE('',#5425,#5426);
#5425 = CARTESIAN_POINT('',(99.75,-100.25,0.));
#5426 = VECTOR('',#5427,1.);
#5427 = DIRECTION('',(0.,0.,-1.));
#5428 = ORIENTED_EDGE('',*,*,#5429,.F.);
#5429 = EDGE_CURVE('',#5391,#5422,#5430,.T.);
#5430 = LINE('',#5431,#5432);
#5431 = CARTESIAN_POINT('',(99.75,-101.,0.));
#5432 = VECTOR('',#5433,1.);
#5433 = DIRECTION('',(0.,1.,0.));
#5434 = PLANE('',#5435);
#5435 = AXIS2_PLACEMENT_3D('',#5436,#5437,#5438);
#5436 = CARTESIAN_POINT('',(99.75,-101.,0.));
#5437 = DIRECTION('',(1.,-0.,0.));
#5438 = DIRECTION('',(0.,1.,0.));
#5439 = ADVANCED_FACE('',(#5440),#5465,.F.);
#5440 = FACE_BOUND('',#5441,.F.);
#5441 = EDGE_LOOP('',(#5442,#5443,#5451,#5459));
#5442 = ORIENTED_EDGE('',*,*,#5421,.T.);
#5443 = ORIENTED_EDGE('',*,*,#5444,.T.);
#5444 = EDGE_CURVE('',#5414,#5445,#5447,.T.);
#5445 = VERTEX_POINT('',#5446);
#5446 = CARTESIAN_POINT('',(99.361854,-100.25,-3.5E-02));
#5447 = LINE('',#5448,#5449);
#5448 = CARTESIAN_POINT('',(99.75,-100.25,-3.5E-02));
#5449 = VECTOR('',#5450,1.);
#5450 = DIRECTION('',(-1.,0.,0.));
#5451 = ORIENTED_EDGE('',*,*,#5452,.F.);
#5452 = EDGE_CURVE('',#5453,#5445,#5455,.T.);
#5453 = VERTEX_POINT('',#5454);
#5454 = CARTESIAN_POINT('',(99.361854,-100.25,0.));
#5455 = LINE('',#5456,#5457);
#5456 = CARTESIAN_POINT('',(99.361854,-100.25,0.));
#5457 = VECTOR('',#5458,1.);
#5458 = DIRECTION('',(0.,0.,-1.));
#5459 = ORIENTED_EDGE('',*,*,#5460,.F.);
#5460 = EDGE_CURVE('',#5422,#5453,#5461,.T.);
#5461 = LINE('',#5462,#5463);
#5462 = CARTESIAN_POINT('',(99.75,-100.25,0.));
#5463 = VECTOR('',#5464,1.);
#5464 = DIRECTION('',(-1.,0.,0.));
#5465 = PLANE('',#5466);
#5466 = AXIS2_PLACEMENT_3D('',#5467,#5468,#5469);
#5467 = CARTESIAN_POINT('',(99.75,-100.25,0.));
#5468 = DIRECTION('',(0.,1.,0.));
#5469 = DIRECTION('',(-1.,0.,0.));
#5470 = ADVANCED_FACE('',(#5471),#5487,.F.);
#5471 = FACE_BOUND('',#5472,.F.);
#5472 = EDGE_LOOP('',(#5473,#5474,#5480,#5481));
#5473 = ORIENTED_EDGE('',*,*,#5452,.T.);
#5474 = ORIENTED_EDGE('',*,*,#5475,.T.);
#5475 = EDGE_CURVE('',#5445,#5154,#5476,.T.);
#5476 = LINE('',#5477,#5478);
#5477 = CARTESIAN_POINT('',(99.361854,-100.25,-3.5E-02));
#5478 = VECTOR('',#5479,1.);
#5479 = DIRECTION('',(-0.866023433616,-0.500003412416,0.));
#5480 = ORIENTED_EDGE('',*,*,#5151,.F.);
#5481 = ORIENTED_EDGE('',*,*,#5482,.F.);
#5482 = EDGE_CURVE('',#5453,#5152,#5483,.T.);
#5483 = LINE('',#5484,#5485);
#5484 = CARTESIAN_POINT('',(99.361854,-100.25,0.));
#5485 = VECTOR('',#5486,1.);
#5486 = DIRECTION('',(-0.866023433616,-0.500003412416,0.));
#5487 = PLANE('',#5488);
#5488 = AXIS2_PLACEMENT_3D('',#5489,#5490,#5491);
#5489 = CARTESIAN_POINT('',(99.361854,-100.25,0.));
#5490 = DIRECTION('',(-0.500003412416,0.866023433616,0.));
#5491 = DIRECTION('',(-0.866023433616,-0.500003412416,0.));
#5492 = ADVANCED_FACE('',(#5493),#5527,.F.);
#5493 = FACE_BOUND('',#5494,.F.);
#5494 = EDGE_LOOP('',(#5495,#5505,#5513,#5521));
#5495 = ORIENTED_EDGE('',*,*,#5496,.T.);
#5496 = EDGE_CURVE('',#5497,#5499,#5501,.T.);
#5497 = VERTEX_POINT('',#5498);
#5498 = CARTESIAN_POINT('',(101.,-100.547827,0.));
#5499 = VERTEX_POINT('',#5500);
#5500 = CARTESIAN_POINT('',(101.,-100.547827,-3.5E-02));
#5501 = LINE('',#5502,#5503);
#5502 = CARTESIAN_POINT('',(101.,-100.547827,0.));
#5503 = VECTOR('',#5504,1.);
#5504 = DIRECTION('',(0.,0.,-1.));
#5505 = ORIENTED_EDGE('',*,*,#5506,.T.);
#5506 = EDGE_CURVE('',#5499,#5507,#5509,.T.);
#5507 = VERTEX_POINT('',#5508);
#5508 = CARTESIAN_POINT('',(101.,-100.25,-3.5E-02));
#5509 = LINE('',#5510,#5511);
#5510 = CARTESIAN_POINT('',(101.,-100.547827,-3.5E-02));
#5511 = VECTOR('',#5512,1.);
#5512 = DIRECTION('',(0.,1.,0.));
#5513 = ORIENTED_EDGE('',*,*,#5514,.F.);
#5514 = EDGE_CURVE('',#5515,#5507,#5517,.T.);
#5515 = VERTEX_POINT('',#5516);
#5516 = CARTESIAN_POINT('',(101.,-100.25,0.));
#5517 = LINE('',#5518,#5519);
#5518 = CARTESIAN_POINT('',(101.,-100.25,0.));
#5519 = VECTOR('',#5520,1.);
#5520 = DIRECTION('',(0.,0.,-1.));
#5521 = ORIENTED_EDGE('',*,*,#5522,.F.);
#5522 = EDGE_CURVE('',#5497,#5515,#5523,.T.);
#5523 = LINE('',#5524,#5525);
#5524 = CARTESIAN_POINT('',(101.,-100.547827,0.));
#5525 = VECTOR('',#5526,1.);
#5526 = DIRECTION('',(0.,1.,0.));
#5527 = PLANE('',#5528);
#5528 = AXIS2_PLACEMENT_3D('',#5529,#5530,#5531);
#5529 = CARTESIAN_POINT('',(101.,-100.547827,0.));
#5530 = DIRECTION('',(1.,-0.,0.));
#5531 = DIRECTION('',(0.,1.,0.));
#5532 = ADVANCED_FACE('',(#5533),#5558,.F.);
#5533 = FACE_BOUND('',#5534,.F.);
#5534 = EDGE_LOOP('',(#5535,#5536,#5544,#5552));
#5535 = ORIENTED_EDGE('',*,*,#5514,.T.);
#5536 = ORIENTED_EDGE('',*,*,#5537,.T.);
#5537 = EDGE_CURVE('',#5507,#5538,#5540,.T.);
#5538 = VERTEX_POINT('',#5539);
#5539 = CARTESIAN_POINT('',(100.25,-100.25,-3.5E-02));
#5540 = LINE('',#5541,#5542);
#5541 = CARTESIAN_POINT('',(101.,-100.25,-3.5E-02));
#5542 = VECTOR('',#5543,1.);
#5543 = DIRECTION('',(-1.,0.,0.));
#5544 = ORIENTED_EDGE('',*,*,#5545,.F.);
#5545 = EDGE_CURVE('',#5546,#5538,#5548,.T.);
#5546 = VERTEX_POINT('',#5547);
#5547 = CARTESIAN_POINT('',(100.25,-100.25,0.));
#5548 = LINE('',#5549,#5550);
#5549 = CARTESIAN_POINT('',(100.25,-100.25,0.));
#5550 = VECTOR('',#5551,1.);
#5551 = DIRECTION('',(0.,0.,-1.));
#5552 = ORIENTED_EDGE('',*,*,#5553,.F.);
#5553 = EDGE_CURVE('',#5515,#5546,#5554,.T.);
#5554 = LINE('',#5555,#5556);
#5555 = CARTESIAN_POINT('',(101.,-100.25,0.));
#5556 = VECTOR('',#5557,1.);
#5557 = DIRECTION('',(-1.,0.,0.));
#5558 = PLANE('',#5559);
#5559 = AXIS2_PLACEMENT_3D('',#5560,#5561,#5562);
#5560 = CARTESIAN_POINT('',(101.,-100.25,0.));
#5561 = DIRECTION('',(0.,1.,0.));
#5562 = DIRECTION('',(-1.,0.,0.));
#5563 = ADVANCED_FACE('',(#5564),#5589,.F.);
#5564 = FACE_BOUND('',#5565,.F.);
#5565 = EDGE_LOOP('',(#5566,#5567,#5575,#5583));
#5566 = ORIENTED_EDGE('',*,*,#5545,.T.);
#5567 = ORIENTED_EDGE('',*,*,#5568,.T.);
#5568 = EDGE_CURVE('',#5538,#5569,#5571,.T.);
#5569 = VERTEX_POINT('',#5570);
#5570 = CARTESIAN_POINT('',(100.25,-101.,-3.5E-02));
#5571 = LINE('',#5572,#5573);
#5572 = CARTESIAN_POINT('',(100.25,-100.25,-3.5E-02));
#5573 = VECTOR('',#5574,1.);
#5574 = DIRECTION('',(0.,-1.,0.));
#5575 = ORIENTED_EDGE('',*,*,#5576,.F.);
#5576 = EDGE_CURVE('',#5577,#5569,#5579,.T.);
#5577 = VERTEX_POINT('',#5578);
#5578 = CARTESIAN_POINT('',(100.25,-101.,0.));
#5579 = LINE('',#5580,#5581);
#5580 = CARTESIAN_POINT('',(100.25,-101.,0.));
#5581 = VECTOR('',#5582,1.);
#5582 = DIRECTION('',(0.,0.,-1.));
#5583 = ORIENTED_EDGE('',*,*,#5584,.F.);
#5584 = EDGE_CURVE('',#5546,#5577,#5585,.T.);
#5585 = LINE('',#5586,#5587);
#5586 = CARTESIAN_POINT('',(100.25,-100.25,0.));
#5587 = VECTOR('',#5588,1.);
#5588 = DIRECTION('',(0.,-1.,0.));
#5589 = PLANE('',#5590);
#5590 = AXIS2_PLACEMENT_3D('',#5591,#5592,#5593);
#5591 = CARTESIAN_POINT('',(100.25,-100.25,0.));
#5592 = DIRECTION('',(-1.,-0.,-0.));
#5593 = DIRECTION('',(0.,-1.,0.));
#5594 = ADVANCED_FACE('',(#5595),#5620,.F.);
#5595 = FACE_BOUND('',#5596,.F.);
#5596 = EDGE_LOOP('',(#5597,#5598,#5606,#5614));
#5597 = ORIENTED_EDGE('',*,*,#5576,.T.);
#5598 = ORIENTED_EDGE('',*,*,#5599,.T.);
#5599 = EDGE_CURVE('',#5569,#5600,#5602,.T.);
#5600 = VERTEX_POINT('',#5601);
#5601 = CARTESIAN_POINT('',(100.547844,-100.999999,-3.5E-02));
#5602 = LINE('',#5603,#5604);
#5603 = CARTESIAN_POINT('',(100.25,-101.,-3.5E-02));
#5604 = VECTOR('',#5605,1.);
#5605 = DIRECTION('',(0.999999999994,3.357462287203E-06,0.));
#5606 = ORIENTED_EDGE('',*,*,#5607,.F.);
#5607 = EDGE_CURVE('',#5608,#5600,#5610,.T.);
#5608 = VERTEX_POINT('',#5609);
#5609 = CARTESIAN_POINT('',(100.547844,-100.999999,0.));
#5610 = LINE('',#5611,#5612);
#5611 = CARTESIAN_POINT('',(100.547844,-100.999999,0.));
#5612 = VECTOR('',#5613,1.);
#5613 = DIRECTION('',(0.,0.,-1.));
#5614 = ORIENTED_EDGE('',*,*,#5615,.F.);
#5615 = EDGE_CURVE('',#5577,#5608,#5616,.T.);
#5616 = LINE('',#5617,#5618);
#5617 = CARTESIAN_POINT('',(100.25,-101.,0.));
#5618 = VECTOR('',#5619,1.);
#5619 = DIRECTION('',(0.999999999994,3.357462287203E-06,0.));
#5620 = PLANE('',#5621);
#5621 = AXIS2_PLACEMENT_3D('',#5622,#5623,#5624);
#5622 = CARTESIAN_POINT('',(100.25,-101.,0.));
#5623 = DIRECTION('',(3.357462287203E-06,-0.999999999994,0.));
#5624 = DIRECTION('',(0.999999999994,3.357462287203E-06,0.));
#5625 = ADVANCED_FACE('',(#5626),#5651,.F.);
#5626 = FACE_BOUND('',#5627,.F.);
#5627 = EDGE_LOOP('',(#5628,#5629,#5637,#5645));
#5628 = ORIENTED_EDGE('',*,*,#5607,.T.);
#5629 = ORIENTED_EDGE('',*,*,#5630,.T.);
#5630 = EDGE_CURVE('',#5600,#5631,#5633,.T.);
#5631 = VERTEX_POINT('',#5632);
#5632 = CARTESIAN_POINT('',(100.607372,-100.993598,-3.5E-02));
#5633 = LINE('',#5634,#5635);
#5634 = CARTESIAN_POINT('',(100.547844,-100.999999,-3.5E-02));
#5635 = VECTOR('',#5636,1.);
#5636 = DIRECTION('',(0.994268388705,0.106912914193,0.));
#5637 = ORIENTED_EDGE('',*,*,#5638,.F.);
#5638 = EDGE_CURVE('',#5639,#5631,#5641,.T.);
#5639 = VERTEX_POINT('',#5640);
#5640 = CARTESIAN_POINT('',(100.607372,-100.993598,0.));
#5641 = LINE('',#5642,#5643);
#5642 = CARTESIAN_POINT('',(100.607372,-100.993598,0.));
#5643 = VECTOR('',#5644,1.);
#5644 = DIRECTION('',(0.,0.,-1.));
#5645 = ORIENTED_EDGE('',*,*,#5646,.F.);
#5646 = EDGE_CURVE('',#5608,#5639,#5647,.T.);
#5647 = LINE('',#5648,#5649);
#5648 = CARTESIAN_POINT('',(100.547844,-100.999999,0.));
#5649 = VECTOR('',#5650,1.);
#5650 = DIRECTION('',(0.994268388705,0.106912914193,0.));
#5651 = PLANE('',#5652);
#5652 = AXIS2_PLACEMENT_3D('',#5653,#5654,#5655);
#5653 = CARTESIAN_POINT('',(100.547844,-100.999999,0.));
#5654 = DIRECTION('',(0.106912914193,-0.994268388705,0.));
#5655 = DIRECTION('',(0.994268388705,0.106912914193,0.));
#5656 = ADVANCED_FACE('',(#5657),#5684,.F.);
#5657 = FACE_BOUND('',#5658,.F.);
#5658 = EDGE_LOOP('',(#5659,#5660,#5669,#5677));
#5659 = ORIENTED_EDGE('',*,*,#5638,.T.);
#5660 = ORIENTED_EDGE('',*,*,#5661,.T.);
#5661 = EDGE_CURVE('',#5631,#5662,#5664,.T.);
#5662 = VERTEX_POINT('',#5663);
#5663 = CARTESIAN_POINT('',(100.993598,-100.607372,-3.5E-02));
#5664 = CIRCLE('',#5665,0.505143832088);
#5665 = AXIS2_PLACEMENT_3D('',#5666,#5667,#5668);
#5666 = CARTESIAN_POINT('',(100.49999787085,-100.4999978708,-3.5E-02));
#5667 = DIRECTION('',(0.,0.,1.));
#5668 = DIRECTION('',(0.212561496984,-0.977147690986,0.));
#5669 = ORIENTED_EDGE('',*,*,#5670,.F.);
#5670 = EDGE_CURVE('',#5671,#5662,#5673,.T.);
#5671 = VERTEX_POINT('',#5672);
#5672 = CARTESIAN_POINT('',(100.993598,-100.607372,0.));
#5673 = LINE('',#5674,#5675);
#5674 = CARTESIAN_POINT('',(100.993598,-100.607372,0.));
#5675 = VECTOR('',#5676,1.);
#5676 = DIRECTION('',(0.,0.,-1.));
#5677 = ORIENTED_EDGE('',*,*,#5678,.F.);
#5678 = EDGE_CURVE('',#5639,#5671,#5679,.T.);
#5679 = CIRCLE('',#5680,0.505143832088);
#5680 = AXIS2_PLACEMENT_3D('',#5681,#5682,#5683);
#5681 = CARTESIAN_POINT('',(100.49999787085,-100.4999978708,0.));
#5682 = DIRECTION('',(0.,0.,1.));
#5683 = DIRECTION('',(0.212561496984,-0.977147690986,0.));
#5684 = CYLINDRICAL_SURFACE('',#5685,0.505143832088);
#5685 = AXIS2_PLACEMENT_3D('',#5686,#5687,#5688);
#5686 = CARTESIAN_POINT('',(100.49999787085,-100.4999978708,0.));
#5687 = DIRECTION('',(0.,0.,1.));
#5688 = DIRECTION('',(0.212561496984,-0.977147690986,0.));
#5689 = ADVANCED_FACE('',(#5690),#5706,.F.);
#5690 = FACE_BOUND('',#5691,.F.);
#5691 = EDGE_LOOP('',(#5692,#5693,#5699,#5700));
#5692 = ORIENTED_EDGE('',*,*,#5670,.T.);
#5693 = ORIENTED_EDGE('',*,*,#5694,.T.);
#5694 = EDGE_CURVE('',#5662,#5499,#5695,.T.);
#5695 = LINE('',#5696,#5697);
#5696 = CARTESIAN_POINT('',(100.993598,-100.607372,-3.5E-02));
#5697 = VECTOR('',#5698,1.);
#5698 = DIRECTION('',(0.106899246498,0.994269858287,0.));
#5699 = ORIENTED_EDGE('',*,*,#5496,.F.);
#5700 = ORIENTED_EDGE('',*,*,#5701,.F.);
#5701 = EDGE_CURVE('',#5671,#5497,#5702,.T.);
#5702 = LINE('',#5703,#5704);
#5703 = CARTESIAN_POINT('',(100.993598,-100.607372,0.));
#5704 = VECTOR('',#5705,1.);
#5705 = DIRECTION('',(0.106899246498,0.994269858287,0.));
#5706 = PLANE('',#5707);
#5707 = AXIS2_PLACEMENT_3D('',#5708,#5709,#5710);
#5708 = CARTESIAN_POINT('',(100.993598,-100.607372,0.));
#5709 = DIRECTION('',(0.994269858287,-0.106899246498,0.));
#5710 = DIRECTION('',(0.106899246498,0.994269858287,0.));
#5711 = ADVANCED_FACE('',(#5712),#5739,.F.);
#5712 = FACE_BOUND('',#5713,.F.);
#5713 = EDGE_LOOP('',(#5714,#5724,#5731,#5732));
#5714 = ORIENTED_EDGE('',*,*,#5715,.T.);
#5715 = EDGE_CURVE('',#5716,#5718,#5720,.T.);
#5716 = VERTEX_POINT('',#5717);
#5717 = CARTESIAN_POINT('',(99.337255,-100.,0.));
#5718 = VERTEX_POINT('',#5719);
#5719 = CARTESIAN_POINT('',(99.337255,-100.,-3.5E-02));
#5720 = LINE('',#5721,#5722);
#5721 = CARTESIAN_POINT('',(99.337255,-100.,0.));
#5722 = VECTOR('',#5723,1.);
#5723 = DIRECTION('',(0.,0.,-1.));
#5724 = ORIENTED_EDGE('',*,*,#5725,.T.);
#5725 = EDGE_CURVE('',#5718,#5718,#5726,.T.);
#5726 = CIRCLE('',#5727,0.137255);
#5727 = AXIS2_PLACEMENT_3D('',#5728,#5729,#5730);
#5728 = CARTESIAN_POINT('',(99.2,-100.,-3.5E-02));
#5729 = DIRECTION('',(0.,0.,1.));
#5730 = DIRECTION('',(1.,0.,-0.));
#5731 = ORIENTED_EDGE('',*,*,#5715,.F.);
#5732 = ORIENTED_EDGE('',*,*,#5733,.F.);
#5733 = EDGE_CURVE('',#5716,#5716,#5734,.T.);
#5734 = CIRCLE('',#5735,0.137255);
#5735 = AXIS2_PLACEMENT_3D('',#5736,#5737,#5738);
#5736 = CARTESIAN_POINT('',(99.2,-100.,0.));
#5737 = DIRECTION('',(0.,0.,1.));
#5738 = DIRECTION('',(1.,0.,-0.));
#5739 = CYLINDRICAL_SURFACE('',#5740,0.137255);
#5740 = AXIS2_PLACEMENT_3D('',#5741,#5742,#5743);
#5741 = CARTESIAN_POINT('',(99.2,-100.,0.));
#5742 = DIRECTION('',(0.,0.,1.));
#5743 = DIRECTION('',(1.,0.,-0.));
#5744 = ADVANCED_FACE('',(#5745),#5779,.F.);
#5745 = FACE_BOUND('',#5746,.F.);
#5746 = EDGE_LOOP('',(#5747,#5757,#5765,#5773));
#5747 = ORIENTED_EDGE('',*,*,#5748,.T.);
#5748 = EDGE_CURVE('',#5749,#5751,#5753,.T.);
#5749 = VERTEX_POINT('',#5750);
#5750 = CARTESIAN_POINT('',(99.75,-99.75,0.));
#5751 = VERTEX_POINT('',#5752);
#5752 = CARTESIAN_POINT('',(99.75,-99.75,-3.5E-02));
#5753 = LINE('',#5754,#5755);
#5754 = CARTESIAN_POINT('',(99.75,-99.75,0.));
#5755 = VECTOR('',#5756,1.);
#5756 = DIRECTION('',(0.,0.,-1.));
#5757 = ORIENTED_EDGE('',*,*,#5758,.T.);
#5758 = EDGE_CURVE('',#5751,#5759,#5761,.T.);
#5759 = VERTEX_POINT('',#5760);
#5760 = CARTESIAN_POINT('',(99.75,-99.,-3.5E-02));
#5761 = LINE('',#5762,#5763);
#5762 = CARTESIAN_POINT('',(99.75,-99.75,-3.5E-02));
#5763 = VECTOR('',#5764,1.);
#5764 = DIRECTION('',(0.,1.,0.));
#5765 = ORIENTED_EDGE('',*,*,#5766,.F.);
#5766 = EDGE_CURVE('',#5767,#5759,#5769,.T.);
#5767 = VERTEX_POINT('',#5768);
#5768 = CARTESIAN_POINT('',(99.75,-99.,0.));
#5769 = LINE('',#5770,#5771);
#5770 = CARTESIAN_POINT('',(99.75,-99.,0.));
#5771 = VECTOR('',#5772,1.);
#5772 = DIRECTION('',(0.,0.,-1.));
#5773 = ORIENTED_EDGE('',*,*,#5774,.F.);
#5774 = EDGE_CURVE('',#5749,#5767,#5775,.T.);
#5775 = LINE('',#5776,#5777);
#5776 = CARTESIAN_POINT('',(99.75,-99.75,0.));
#5777 = VECTOR('',#5778,1.);
#5778 = DIRECTION('',(0.,1.,0.));
#5779 = PLANE('',#5780);
#5780 = AXIS2_PLACEMENT_3D('',#5781,#5782,#5783);
#5781 = CARTESIAN_POINT('',(99.75,-99.75,0.));
#5782 = DIRECTION('',(1.,-0.,0.));
#5783 = DIRECTION('',(0.,1.,0.));
#5784 = ADVANCED_FACE('',(#5785),#5810,.F.);
#5785 = FACE_BOUND('',#5786,.F.);
#5786 = EDGE_LOOP('',(#5787,#5788,#5796,#5804));
#5787 = ORIENTED_EDGE('',*,*,#5766,.T.);
#5788 = ORIENTED_EDGE('',*,*,#5789,.T.);
#5789 = EDGE_CURVE('',#5759,#5790,#5792,.T.);
#5790 = VERTEX_POINT('',#5791);
#5791 = CARTESIAN_POINT('',(99.452155,-99.,-3.5E-02));
#5792 = LINE('',#5793,#5794);
#5793 = CARTESIAN_POINT('',(99.75,-99.,-3.5E-02));
#5794 = VECTOR('',#5795,1.);
#5795 = DIRECTION('',(-1.,0.,0.));
#5796 = ORIENTED_EDGE('',*,*,#5797,.F.);
#5797 = EDGE_CURVE('',#5798,#5790,#5800,.T.);
#5798 = VERTEX_POINT('',#5799);
#5799 = CARTESIAN_POINT('',(99.452155,-99.,0.));
#5800 = LINE('',#5801,#5802);
#5801 = CARTESIAN_POINT('',(99.452155,-99.,0.));
#5802 = VECTOR('',#5803,1.);
#5803 = DIRECTION('',(0.,0.,-1.));
#5804 = ORIENTED_EDGE('',*,*,#5805,.F.);
#5805 = EDGE_CURVE('',#5767,#5798,#5806,.T.);
#5806 = LINE('',#5807,#5808);
#5807 = CARTESIAN_POINT('',(99.75,-99.,0.));
#5808 = VECTOR('',#5809,1.);
#5809 = DIRECTION('',(-1.,0.,0.));
#5810 = PLANE('',#5811);
#5811 = AXIS2_PLACEMENT_3D('',#5812,#5813,#5814);
#5812 = CARTESIAN_POINT('',(99.75,-99.,0.));
#5813 = DIRECTION('',(0.,1.,0.));
#5814 = DIRECTION('',(-1.,0.,0.));
#5815 = ADVANCED_FACE('',(#5816),#5841,.F.);
#5816 = FACE_BOUND('',#5817,.F.);
#5817 = EDGE_LOOP('',(#5818,#5819,#5827,#5835));
#5818 = ORIENTED_EDGE('',*,*,#5797,.T.);
#5819 = ORIENTED_EDGE('',*,*,#5820,.T.);
#5820 = EDGE_CURVE('',#5790,#5821,#5823,.T.);
#5821 = VERTEX_POINT('',#5822);
#5822 = CARTESIAN_POINT('',(99.392627,-99.006401,-3.5E-02));
#5823 = LINE('',#5824,#5825);
#5824 = CARTESIAN_POINT('',(99.452155,-99.,-3.5E-02));
#5825 = VECTOR('',#5826,1.);
#5826 = DIRECTION('',(-0.994268388705,-0.106912914193,0.));
#5827 = ORIENTED_EDGE('',*,*,#5828,.F.);
#5828 = EDGE_CURVE('',#5829,#5821,#5831,.T.);
#5829 = VERTEX_POINT('',#5830);
#5830 = CARTESIAN_POINT('',(99.392627,-99.006401,0.));
#5831 = LINE('',#5832,#5833);
#5832 = CARTESIAN_POINT('',(99.392627,-99.006401,0.));
#5833 = VECTOR('',#5834,1.);
#5834 = DIRECTION('',(0.,0.,-1.));
#5835 = ORIENTED_EDGE('',*,*,#5836,.F.);
#5836 = EDGE_CURVE('',#5798,#5829,#5837,.T.);
#5837 = LINE('',#5838,#5839);
#5838 = CARTESIAN_POINT('',(99.452155,-99.,0.));
#5839 = VECTOR('',#5840,1.);
#5840 = DIRECTION('',(-0.994268388705,-0.106912914193,0.));
#5841 = PLANE('',#5842);
#5842 = AXIS2_PLACEMENT_3D('',#5843,#5844,#5845);
#5843 = CARTESIAN_POINT('',(99.452155,-99.,0.));
#5844 = DIRECTION('',(-0.106912914193,0.994268388705,0.));
#5845 = DIRECTION('',(-0.994268388705,-0.106912914193,0.));
#5846 = ADVANCED_FACE('',(#5847),#5874,.F.);
#5847 = FACE_BOUND('',#5848,.F.);
#5848 = EDGE_LOOP('',(#5849,#5850,#5859,#5867));
#5849 = ORIENTED_EDGE('',*,*,#5828,.T.);
#5850 = ORIENTED_EDGE('',*,*,#5851,.T.);
#5851 = EDGE_CURVE('',#5821,#5852,#5854,.T.);
#5852 = VERTEX_POINT('',#5853);
#5853 = CARTESIAN_POINT('',(99.006401,-99.392627,-3.5E-02));
#5854 = CIRCLE('',#5855,0.505143832088);
#5855 = AXIS2_PLACEMENT_3D('',#5856,#5857,#5858);
#5856 = CARTESIAN_POINT('',(99.500001129141,-99.50000112914,-3.5E-02));
#5857 = DIRECTION('',(0.,0.,1.));
#5858 = DIRECTION('',(-0.212561496984,0.977147690986,0.));
#5859 = ORIENTED_EDGE('',*,*,#5860,.F.);
#5860 = EDGE_CURVE('',#5861,#5852,#5863,.T.);
#5861 = VERTEX_POINT('',#5862);
#5862 = CARTESIAN_POINT('',(99.006401,-99.392627,0.));
#5863 = LINE('',#5864,#5865);
#5864 = CARTESIAN_POINT('',(99.006401,-99.392627,0.));
#5865 = VECTOR('',#5866,1.);
#5866 = DIRECTION('',(0.,0.,-1.));
#5867 = ORIENTED_EDGE('',*,*,#5868,.F.);
#5868 = EDGE_CURVE('',#5829,#5861,#5869,.T.);
#5869 = CIRCLE('',#5870,0.505143832088);
#5870 = AXIS2_PLACEMENT_3D('',#5871,#5872,#5873);
#5871 = CARTESIAN_POINT('',(99.500001129141,-99.50000112914,0.));
#5872 = DIRECTION('',(0.,0.,1.));
#5873 = DIRECTION('',(-0.212561496984,0.977147690986,0.));
#5874 = CYLINDRICAL_SURFACE('',#5875,0.505143832088);
#5875 = AXIS2_PLACEMENT_3D('',#5876,#5877,#5878);
#5876 = CARTESIAN_POINT('',(99.500001129141,-99.50000112914,0.));
#5877 = DIRECTION('',(0.,0.,1.));
#5878 = DIRECTION('',(-0.212561496984,0.977147690986,0.));
#5879 = ADVANCED_FACE('',(#5880),#5905,.F.);
#5880 = FACE_BOUND('',#5881,.F.);
#5881 = EDGE_LOOP('',(#5882,#5883,#5891,#5899));
#5882 = ORIENTED_EDGE('',*,*,#5860,.T.);
#5883 = ORIENTED_EDGE('',*,*,#5884,.T.);
#5884 = EDGE_CURVE('',#5852,#5885,#5887,.T.);
#5885 = VERTEX_POINT('',#5886);
#5886 = CARTESIAN_POINT('',(99.,-99.452155,-3.5E-02));
#5887 = LINE('',#5888,#5889);
#5888 = CARTESIAN_POINT('',(99.006401,-99.392627,-3.5E-02));
#5889 = VECTOR('',#5890,1.);
#5890 = DIRECTION('',(-0.106912914193,-0.994268388705,0.));
#5891 = ORIENTED_EDGE('',*,*,#5892,.F.);
#5892 = EDGE_CURVE('',#5893,#5885,#5895,.T.);
#5893 = VERTEX_POINT('',#5894);
#5894 = CARTESIAN_POINT('',(99.,-99.452155,0.));
#5895 = LINE('',#5896,#5897);
#5896 = CARTESIAN_POINT('',(99.,-99.452155,0.));
#5897 = VECTOR('',#5898,1.);
#5898 = DIRECTION('',(0.,0.,-1.));
#5899 = ORIENTED_EDGE('',*,*,#5900,.F.);
#5900 = EDGE_CURVE('',#5861,#5893,#5901,.T.);
#5901 = LINE('',#5902,#5903);
#5902 = CARTESIAN_POINT('',(99.006401,-99.392627,0.));
#5903 = VECTOR('',#5904,1.);
#5904 = DIRECTION('',(-0.106912914193,-0.994268388705,0.));
#5905 = PLANE('',#5906);
#5906 = AXIS2_PLACEMENT_3D('',#5907,#5908,#5909);
#5907 = CARTESIAN_POINT('',(99.006401,-99.392627,0.));
#5908 = DIRECTION('',(-0.994268388705,0.106912914193,0.));
#5909 = DIRECTION('',(-0.106912914193,-0.994268388705,0.));
#5910 = ADVANCED_FACE('',(#5911),#5936,.F.);
#5911 = FACE_BOUND('',#5912,.F.);
#5912 = EDGE_LOOP('',(#5913,#5914,#5922,#5930));
#5913 = ORIENTED_EDGE('',*,*,#5892,.T.);
#5914 = ORIENTED_EDGE('',*,*,#5915,.T.);
#5915 = EDGE_CURVE('',#5885,#5916,#5918,.T.);
#5916 = VERTEX_POINT('',#5917);
#5917 = CARTESIAN_POINT('',(99.,-99.75,-3.5E-02));
#5918 = LINE('',#5919,#5920);
#5919 = CARTESIAN_POINT('',(99.,-99.452155,-3.5E-02));
#5920 = VECTOR('',#5921,1.);
#5921 = DIRECTION('',(0.,-1.,0.));
#5922 = ORIENTED_EDGE('',*,*,#5923,.F.);
#5923 = EDGE_CURVE('',#5924,#5916,#5926,.T.);
#5924 = VERTEX_POINT('',#5925);
#5925 = CARTESIAN_POINT('',(99.,-99.75,0.));
#5926 = LINE('',#5927,#5928);
#5927 = CARTESIAN_POINT('',(99.,-99.75,0.));
#5928 = VECTOR('',#5929,1.);
#5929 = DIRECTION('',(0.,0.,-1.));
#5930 = ORIENTED_EDGE('',*,*,#5931,.F.);
#5931 = EDGE_CURVE('',#5893,#5924,#5932,.T.);
#5932 = LINE('',#5933,#5934);
#5933 = CARTESIAN_POINT('',(99.,-99.452155,0.));
#5934 = VECTOR('',#5935,1.);
#5935 = DIRECTION('',(0.,-1.,0.));
#5936 = PLANE('',#5937);
#5937 = AXIS2_PLACEMENT_3D('',#5938,#5939,#5940);
#5938 = CARTESIAN_POINT('',(99.,-99.452155,0.));
#5939 = DIRECTION('',(-1.,-0.,-0.));
#5940 = DIRECTION('',(0.,-1.,0.));
#5941 = ADVANCED_FACE('',(#5942),#5967,.F.);
#5942 = FACE_BOUND('',#5943,.F.);
#5943 = EDGE_LOOP('',(#5944,#5945,#5953,#5961));
#5944 = ORIENTED_EDGE('',*,*,#5923,.T.);
#5945 = ORIENTED_EDGE('',*,*,#5946,.T.);
#5946 = EDGE_CURVE('',#5916,#5947,#5949,.T.);
#5947 = VERTEX_POINT('',#5948);
#5948 = CARTESIAN_POINT('',(99.038146,-99.75,-3.5E-02));
#5949 = LINE('',#5950,#5951);
#5950 = CARTESIAN_POINT('',(99.,-99.75,-3.5E-02));
#5951 = VECTOR('',#5952,1.);
#5952 = DIRECTION('',(1.,0.,0.));
#5953 = ORIENTED_EDGE('',*,*,#5954,.F.);
#5954 = EDGE_CURVE('',#5955,#5947,#5957,.T.);
#5955 = VERTEX_POINT('',#5956);
#5956 = CARTESIAN_POINT('',(99.038146,-99.75,0.));
#5957 = LINE('',#5958,#5959);
#5958 = CARTESIAN_POINT('',(99.038146,-99.75,0.));
#5959 = VECTOR('',#5960,1.);
#5960 = DIRECTION('',(0.,0.,-1.));
#5961 = ORIENTED_EDGE('',*,*,#5962,.F.);
#5962 = EDGE_CURVE('',#5924,#5955,#5963,.T.);
#5963 = LINE('',#5964,#5965);
#5964 = CARTESIAN_POINT('',(99.,-99.75,0.));
#5965 = VECTOR('',#5966,1.);
#5966 = DIRECTION('',(1.,0.,0.));
#5967 = PLANE('',#5968);
#5968 = AXIS2_PLACEMENT_3D('',#5969,#5970,#5971);
#5969 = CARTESIAN_POINT('',(99.,-99.75,0.));
#5970 = DIRECTION('',(0.,-1.,0.));
#5971 = DIRECTION('',(1.,0.,0.));
#5972 = ADVANCED_FACE('',(#5973),#5998,.F.);
#5973 = FACE_BOUND('',#5974,.F.);
#5974 = EDGE_LOOP('',(#5975,#5976,#5984,#5992));
#5975 = ORIENTED_EDGE('',*,*,#5954,.T.);
#5976 = ORIENTED_EDGE('',*,*,#5977,.T.);
#5977 = EDGE_CURVE('',#5947,#5978,#5980,.T.);
#5978 = VERTEX_POINT('',#5979);
#5979 = CARTESIAN_POINT('',(99.085195,-99.722836,-3.5E-02));
#5980 = LINE('',#5981,#5982);
#5981 = CARTESIAN_POINT('',(99.038146,-99.75,-3.5E-02));
#5982 = VECTOR('',#5983,1.);
#5983 = DIRECTION('',(0.866023433616,0.500003412416,0.));
#5984 = ORIENTED_EDGE('',*,*,#5985,.F.);
#5985 = EDGE_CURVE('',#5986,#5978,#5988,.T.);
#5986 = VERTEX_POINT('',#5987);
#5987 = CARTESIAN_POINT('',(99.085195,-99.722836,0.));
#5988 = LINE('',#5989,#5990);
#5989 = CARTESIAN_POINT('',(99.085195,-99.722836,0.));
#5990 = VECTOR('',#5991,1.);
#5991 = DIRECTION('',(0.,0.,-1.));
#5992 = ORIENTED_EDGE('',*,*,#5993,.F.);
#5993 = EDGE_CURVE('',#5955,#5986,#5994,.T.);
#5994 = LINE('',#5995,#5996);
#5995 = CARTESIAN_POINT('',(99.038146,-99.75,0.));
#5996 = VECTOR('',#5997,1.);
#5997 = DIRECTION('',(0.866023433616,0.500003412416,0.));
#5998 = PLANE('',#5999);
#5999 = AXIS2_PLACEMENT_3D('',#6000,#6001,#6002);
#6000 = CARTESIAN_POINT('',(99.038146,-99.75,0.));
#6001 = DIRECTION('',(0.500003412416,-0.866023433616,0.));
#6002 = DIRECTION('',(0.866023433616,0.500003412416,0.));
#6003 = ADVANCED_FACE('',(#6004),#6031,.T.);
#6004 = FACE_BOUND('',#6005,.F.);
#6005 = EDGE_LOOP('',(#6006,#6007,#6016,#6024));
#6006 = ORIENTED_EDGE('',*,*,#5985,.T.);
#6007 = ORIENTED_EDGE('',*,*,#6008,.T.);
#6008 = EDGE_CURVE('',#5978,#6009,#6011,.T.);
#6009 = VERTEX_POINT('',#6010);
#6010 = CARTESIAN_POINT('',(99.314805,-99.722836,-3.5E-02));
#6011 = CIRCLE('',#6012,0.300007695317);
#6012 = AXIS2_PLACEMENT_3D('',#6013,#6014,#6015);
#6013 = CARTESIAN_POINT('',(99.2,-100.0000082013,-3.5E-02));
#6014 = DIRECTION('',(0.,0.,-1.));
#6015 = DIRECTION('',(-0.382673517354,0.923883639381,0.));
#6016 = ORIENTED_EDGE('',*,*,#6017,.F.);
#6017 = EDGE_CURVE('',#6018,#6009,#6020,.T.);
#6018 = VERTEX_POINT('',#6019);
#6019 = CARTESIAN_POINT('',(99.314805,-99.722836,0.));
#6020 = LINE('',#6021,#6022);
#6021 = CARTESIAN_POINT('',(99.314805,-99.722836,0.));
#6022 = VECTOR('',#6023,1.);
#6023 = DIRECTION('',(0.,0.,-1.));
#6024 = ORIENTED_EDGE('',*,*,#6025,.F.);
#6025 = EDGE_CURVE('',#5986,#6018,#6026,.T.);
#6026 = CIRCLE('',#6027,0.300007695317);
#6027 = AXIS2_PLACEMENT_3D('',#6028,#6029,#6030);
#6028 = CARTESIAN_POINT('',(99.2,-100.0000082013,0.));
#6029 = DIRECTION('',(0.,0.,-1.));
#6030 = DIRECTION('',(-0.382673517354,0.923883639381,0.));
#6031 = CYLINDRICAL_SURFACE('',#6032,0.300007695317);
#6032 = AXIS2_PLACEMENT_3D('',#6033,#6034,#6035);
#6033 = CARTESIAN_POINT('',(99.2,-100.0000082013,0.));
#6034 = DIRECTION('',(-0.,-0.,1.));
#6035 = DIRECTION('',(-0.382673517354,0.923883639381,0.));
#6036 = ADVANCED_FACE('',(#6037),#6062,.F.);
#6037 = FACE_BOUND('',#6038,.F.);
#6038 = EDGE_LOOP('',(#6039,#6040,#6048,#6056));
#6039 = ORIENTED_EDGE('',*,*,#6017,.T.);
#6040 = ORIENTED_EDGE('',*,*,#6041,.T.);
#6041 = EDGE_CURVE('',#6009,#6042,#6044,.T.);
#6042 = VERTEX_POINT('',#6043);
#6043 = CARTESIAN_POINT('',(99.361854,-99.75,-3.5E-02));
#6044 = LINE('',#6045,#6046);
#6045 = CARTESIAN_POINT('',(99.314805,-99.722836,-3.5E-02));
#6046 = VECTOR('',#6047,1.);
#6047 = DIRECTION('',(0.866023433616,-0.500003412416,0.));
#6048 = ORIENTED_EDGE('',*,*,#6049,.F.);
#6049 = EDGE_CURVE('',#6050,#6042,#6052,.T.);
#6050 = VERTEX_POINT('',#6051);
#6051 = CARTESIAN_POINT('',(99.361854,-99.75,0.));
#6052 = LINE('',#6053,#6054);
#6053 = CARTESIAN_POINT('',(99.361854,-99.75,0.));
#6054 = VECTOR('',#6055,1.);
#6055 = DIRECTION('',(0.,0.,-1.));
#6056 = ORIENTED_EDGE('',*,*,#6057,.F.);
#6057 = EDGE_CURVE('',#6018,#6050,#6058,.T.);
#6058 = LINE('',#6059,#6060);
#6059 = CARTESIAN_POINT('',(99.314805,-99.722836,0.));
#6060 = VECTOR('',#6061,1.);
#6061 = DIRECTION('',(0.866023433616,-0.500003412416,0.));
#6062 = PLANE('',#6063);
#6063 = AXIS2_PLACEMENT_3D('',#6064,#6065,#6066);
#6064 = CARTESIAN_POINT('',(99.314805,-99.722836,0.));
#6065 = DIRECTION('',(-0.500003412416,-0.866023433616,-0.));
#6066 = DIRECTION('',(0.866023433616,-0.500003412416,0.));
#6067 = ADVANCED_FACE('',(#6068),#6084,.F.);
#6068 = FACE_BOUND('',#6069,.F.);
#6069 = EDGE_LOOP('',(#6070,#6071,#6077,#6078));
#6070 = ORIENTED_EDGE('',*,*,#6049,.T.);
#6071 = ORIENTED_EDGE('',*,*,#6072,.T.);
#6072 = EDGE_CURVE('',#6042,#5751,#6073,.T.);
#6073 = LINE('',#6074,#6075);
#6074 = CARTESIAN_POINT('',(99.361854,-99.75,-3.5E-02));
#6075 = VECTOR('',#6076,1.);
#6076 = DIRECTION('',(1.,0.,0.));
#6077 = ORIENTED_EDGE('',*,*,#5748,.F.);
#6078 = ORIENTED_EDGE('',*,*,#6079,.F.);
#6079 = EDGE_CURVE('',#6050,#5749,#6080,.T.);
#6080 = LINE('',#6081,#6082);
#6081 = CARTESIAN_POINT('',(99.361854,-99.75,0.));
#6082 = VECTOR('',#6083,1.);
#6083 = DIRECTION('',(1.,0.,0.));
#6084 = PLANE('',#6085);
#6085 = AXIS2_PLACEMENT_3D('',#6086,#6087,#6088);
#6086 = CARTESIAN_POINT('',(99.361854,-99.75,0.));
#6087 = DIRECTION('',(0.,-1.,0.));
#6088 = DIRECTION('',(1.,0.,0.));
#6089 = ADVANCED_FACE('',(#6090),#6126,.F.);
#6090 = FACE_BOUND('',#6091,.F.);
#6091 = EDGE_LOOP('',(#6092,#6102,#6111,#6119));
#6092 = ORIENTED_EDGE('',*,*,#6093,.T.);
#6093 = EDGE_CURVE('',#6094,#6096,#6098,.T.);
#6094 = VERTEX_POINT('',#6095);
#6095 = CARTESIAN_POINT('',(100.993598,-99.392627,0.));
#6096 = VERTEX_POINT('',#6097);
#6097 = CARTESIAN_POINT('',(100.993598,-99.392627,-3.5E-02));
#6098 = LINE('',#6099,#6100);
#6099 = CARTESIAN_POINT('',(100.993598,-99.392627,0.));
#6100 = VECTOR('',#6101,1.);
#6101 = DIRECTION('',(0.,0.,-1.));
#6102 = ORIENTED_EDGE('',*,*,#6103,.T.);
#6103 = EDGE_CURVE('',#6096,#6104,#6106,.T.);
#6104 = VERTEX_POINT('',#6105);
#6105 = CARTESIAN_POINT('',(100.607372,-99.006401,-3.5E-02));
#6106 = CIRCLE('',#6107,0.505143832088);
#6107 = AXIS2_PLACEMENT_3D('',#6108,#6109,#6110);
#6108 = CARTESIAN_POINT('',(100.49999787085,-99.50000112914,-3.5E-02));
#6109 = DIRECTION('',(0.,0.,1.));
#6110 = DIRECTION('',(0.977147690986,0.212561496984,-0.));
#6111 = ORIENTED_EDGE('',*,*,#6112,.F.);
#6112 = EDGE_CURVE('',#6113,#6104,#6115,.T.);
#6113 = VERTEX_POINT('',#6114);
#6114 = CARTESIAN_POINT('',(100.607372,-99.006401,0.));
#6115 = LINE('',#6116,#6117);
#6116 = CARTESIAN_POINT('',(100.607372,-99.006401,0.));
#6117 = VECTOR('',#6118,1.);
#6118 = DIRECTION('',(0.,0.,-1.));
#6119 = ORIENTED_EDGE('',*,*,#6120,.F.);
#6120 = EDGE_CURVE('',#6094,#6113,#6121,.T.);
#6121 = CIRCLE('',#6122,0.505143832088);
#6122 = AXIS2_PLACEMENT_3D('',#6123,#6124,#6125);
#6123 = CARTESIAN_POINT('',(100.49999787085,-99.50000112914,0.));
#6124 = DIRECTION('',(0.,0.,1.));
#6125 = DIRECTION('',(0.977147690986,0.212561496984,-0.));
#6126 = CYLINDRICAL_SURFACE('',#6127,0.505143832088);
#6127 = AXIS2_PLACEMENT_3D('',#6128,#6129,#6130);
#6128 = CARTESIAN_POINT('',(100.49999787085,-99.50000112914,0.));
#6129 = DIRECTION('',(0.,0.,1.));
#6130 = DIRECTION('',(0.977147690986,0.212561496984,-0.));
#6131 = ADVANCED_FACE('',(#6132),#6157,.F.);
#6132 = FACE_BOUND('',#6133,.F.);
#6133 = EDGE_LOOP('',(#6134,#6135,#6143,#6151));
#6134 = ORIENTED_EDGE('',*,*,#6112,.T.);
#6135 = ORIENTED_EDGE('',*,*,#6136,.T.);
#6136 = EDGE_CURVE('',#6104,#6137,#6139,.T.);
#6137 = VERTEX_POINT('',#6138);
#6138 = CARTESIAN_POINT('',(100.547844,-99.,-3.5E-02));
#6139 = LINE('',#6140,#6141);
#6140 = CARTESIAN_POINT('',(100.607372,-99.006401,-3.5E-02));
#6141 = VECTOR('',#6142,1.);
#6142 = DIRECTION('',(-0.994268388705,0.106912914193,0.));
#6143 = ORIENTED_EDGE('',*,*,#6144,.F.);
#6144 = EDGE_CURVE('',#6145,#6137,#6147,.T.);
#6145 = VERTEX_POINT('',#6146);
#6146 = CARTESIAN_POINT('',(100.547844,-99.,0.));
#6147 = LINE('',#6148,#6149);
#6148 = CARTESIAN_POINT('',(100.547844,-99.,0.));
#6149 = VECTOR('',#6150,1.);
#6150 = DIRECTION('',(0.,0.,-1.));
#6151 = ORIENTED_EDGE('',*,*,#6152,.F.);
#6152 = EDGE_CURVE('',#6113,#6145,#6153,.T.);
#6153 = LINE('',#6154,#6155);
#6154 = CARTESIAN_POINT('',(100.607372,-99.006401,0.));
#6155 = VECTOR('',#6156,1.);
#6156 = DIRECTION('',(-0.994268388705,0.106912914193,0.));
#6157 = PLANE('',#6158);
#6158 = AXIS2_PLACEMENT_3D('',#6159,#6160,#6161);
#6159 = CARTESIAN_POINT('',(100.607372,-99.006401,0.));
#6160 = DIRECTION('',(0.106912914193,0.994268388705,0.));
#6161 = DIRECTION('',(-0.994268388705,0.106912914193,0.));
#6162 = ADVANCED_FACE('',(#6163),#6188,.F.);
#6163 = FACE_BOUND('',#6164,.F.);
#6164 = EDGE_LOOP('',(#6165,#6166,#6174,#6182));
#6165 = ORIENTED_EDGE('',*,*,#6144,.T.);
#6166 = ORIENTED_EDGE('',*,*,#6167,.T.);
#6167 = EDGE_CURVE('',#6137,#6168,#6170,.T.);
#6168 = VERTEX_POINT('',#6169);
#6169 = CARTESIAN_POINT('',(100.25,-99.,-3.5E-02));
#6170 = LINE('',#6171,#6172);
#6171 = CARTESIAN_POINT('',(100.547844,-99.,-3.5E-02));
#6172 = VECTOR('',#6173,1.);
#6173 = DIRECTION('',(-1.,0.,0.));
#6174 = ORIENTED_EDGE('',*,*,#6175,.F.);
#6175 = EDGE_CURVE('',#6176,#6168,#6178,.T.);
#6176 = VERTEX_POINT('',#6177);
#6177 = CARTESIAN_POINT('',(100.25,-99.,0.));
#6178 = LINE('',#6179,#6180);
#6179 = CARTESIAN_POINT('',(100.25,-99.,0.));
#6180 = VECTOR('',#6181,1.);
#6181 = DIRECTION('',(0.,0.,-1.));
#6182 = ORIENTED_EDGE('',*,*,#6183,.F.);
#6183 = EDGE_CURVE('',#6145,#6176,#6184,.T.);
#6184 = LINE('',#6185,#6186);
#6185 = CARTESIAN_POINT('',(100.547844,-99.,0.));
#6186 = VECTOR('',#6187,1.);
#6187 = DIRECTION('',(-1.,0.,0.));
#6188 = PLANE('',#6189);
#6189 = AXIS2_PLACEMENT_3D('',#6190,#6191,#6192);
#6190 = CARTESIAN_POINT('',(100.547844,-99.,0.));
#6191 = DIRECTION('',(0.,1.,0.));
#6192 = DIRECTION('',(-1.,0.,0.));
#6193 = ADVANCED_FACE('',(#6194),#6219,.F.);
#6194 = FACE_BOUND('',#6195,.F.);
#6195 = EDGE_LOOP('',(#6196,#6197,#6205,#6213));
#6196 = ORIENTED_EDGE('',*,*,#6175,.T.);
#6197 = ORIENTED_EDGE('',*,*,#6198,.T.);
#6198 = EDGE_CURVE('',#6168,#6199,#6201,.T.);
#6199 = VERTEX_POINT('',#6200);
#6200 = CARTESIAN_POINT('',(100.25,-99.75,-3.5E-02));
#6201 = LINE('',#6202,#6203);
#6202 = CARTESIAN_POINT('',(100.25,-99.,-3.5E-02));
#6203 = VECTOR('',#6204,1.);
#6204 = DIRECTION('',(0.,-1.,0.));
#6205 = ORIENTED_EDGE('',*,*,#6206,.F.);
#6206 = EDGE_CURVE('',#6207,#6199,#6209,.T.);
#6207 = VERTEX_POINT('',#6208);
#6208 = CARTESIAN_POINT('',(100.25,-99.75,0.));
#6209 = LINE('',#6210,#6211);
#6210 = CARTESIAN_POINT('',(100.25,-99.75,0.));
#6211 = VECTOR('',#6212,1.);
#6212 = DIRECTION('',(0.,0.,-1.));
#6213 = ORIENTED_EDGE('',*,*,#6214,.F.);
#6214 = EDGE_CURVE('',#6176,#6207,#6215,.T.);
#6215 = LINE('',#6216,#6217);
#6216 = CARTESIAN_POINT('',(100.25,-99.,0.));
#6217 = VECTOR('',#6218,1.);
#6218 = DIRECTION('',(0.,-1.,0.));
#6219 = PLANE('',#6220);
#6220 = AXIS2_PLACEMENT_3D('',#6221,#6222,#6223);
#6221 = CARTESIAN_POINT('',(100.25,-99.,0.));
#6222 = DIRECTION('',(-1.,-0.,-0.));
#6223 = DIRECTION('',(0.,-1.,0.));
#6224 = ADVANCED_FACE('',(#6225),#6250,.F.);
#6225 = FACE_BOUND('',#6226,.F.);
#6226 = EDGE_LOOP('',(#6227,#6228,#6236,#6244));
#6227 = ORIENTED_EDGE('',*,*,#6206,.T.);
#6228 = ORIENTED_EDGE('',*,*,#6229,.T.);
#6229 = EDGE_CURVE('',#6199,#6230,#6232,.T.);
#6230 = VERTEX_POINT('',#6231);
#6231 = CARTESIAN_POINT('',(101.,-99.75,-3.5E-02));
#6232 = LINE('',#6233,#6234);
#6233 = CARTESIAN_POINT('',(100.25,-99.75,-3.5E-02));
#6234 = VECTOR('',#6235,1.);
#6235 = DIRECTION('',(1.,0.,0.));
#6236 = ORIENTED_EDGE('',*,*,#6237,.F.);
#6237 = EDGE_CURVE('',#6238,#6230,#6240,.T.);
#6238 = VERTEX_POINT('',#6239);
#6239 = CARTESIAN_POINT('',(101.,-99.75,0.));
#6240 = LINE('',#6241,#6242);
#6241 = CARTESIAN_POINT('',(101.,-99.75,0.));
#6242 = VECTOR('',#6243,1.);
#6243 = DIRECTION('',(0.,0.,-1.));
#6244 = ORIENTED_EDGE('',*,*,#6245,.F.);
#6245 = EDGE_CURVE('',#6207,#6238,#6246,.T.);
#6246 = LINE('',#6247,#6248);
#6247 = CARTESIAN_POINT('',(100.25,-99.75,0.));
#6248 = VECTOR('',#6249,1.);
#6249 = DIRECTION('',(1.,0.,0.));
#6250 = PLANE('',#6251);
#6251 = AXIS2_PLACEMENT_3D('',#6252,#6253,#6254);
#6252 = CARTESIAN_POINT('',(100.25,-99.75,0.));
#6253 = DIRECTION('',(0.,-1.,0.));
#6254 = DIRECTION('',(1.,0.,0.));
#6255 = ADVANCED_FACE('',(#6256),#6281,.F.);
#6256 = FACE_BOUND('',#6257,.F.);
#6257 = EDGE_LOOP('',(#6258,#6259,#6267,#6275));
#6258 = ORIENTED_EDGE('',*,*,#6237,.T.);
#6259 = ORIENTED_EDGE('',*,*,#6260,.T.);
#6260 = EDGE_CURVE('',#6230,#6261,#6263,.T.);
#6261 = VERTEX_POINT('',#6262);
#6262 = CARTESIAN_POINT('',(100.999999,-99.452155,-3.5E-02));
#6263 = LINE('',#6264,#6265);
#6264 = CARTESIAN_POINT('',(101.,-99.75,-3.5E-02));
#6265 = VECTOR('',#6266,1.);
#6266 = DIRECTION('',(-3.357451014688E-06,0.999999999994,0.));
#6267 = ORIENTED_EDGE('',*,*,#6268,.F.);
#6268 = EDGE_CURVE('',#6269,#6261,#6271,.T.);
#6269 = VERTEX_POINT('',#6270);
#6270 = CARTESIAN_POINT('',(100.999999,-99.452155,0.));
#6271 = LINE('',#6272,#6273);
#6272 = CARTESIAN_POINT('',(100.999999,-99.452155,0.));
#6273 = VECTOR('',#6274,1.);
#6274 = DIRECTION('',(0.,0.,-1.));
#6275 = ORIENTED_EDGE('',*,*,#6276,.F.);
#6276 = EDGE_CURVE('',#6238,#6269,#6277,.T.);
#6277 = LINE('',#6278,#6279);
#6278 = CARTESIAN_POINT('',(101.,-99.75,0.));
#6279 = VECTOR('',#6280,1.);
#6280 = DIRECTION('',(-3.357451014688E-06,0.999999999994,0.));
#6281 = PLANE('',#6282);
#6282 = AXIS2_PLACEMENT_3D('',#6283,#6284,#6285);
#6283 = CARTESIAN_POINT('',(101.,-99.75,0.));
#6284 = DIRECTION('',(0.999999999994,3.357451014688E-06,0.));
#6285 = DIRECTION('',(-3.357451014688E-06,0.999999999994,0.));
#6286 = ADVANCED_FACE('',(#6287),#6303,.F.);
#6287 = FACE_BOUND('',#6288,.F.);
#6288 = EDGE_LOOP('',(#6289,#6290,#6296,#6297));
#6289 = ORIENTED_EDGE('',*,*,#6268,.T.);
#6290 = ORIENTED_EDGE('',*,*,#6291,.T.);
#6291 = EDGE_CURVE('',#6261,#6096,#6292,.T.);
#6292 = LINE('',#6293,#6294);
#6293 = CARTESIAN_POINT('',(100.999999,-99.452155,-3.5E-02));
#6294 = VECTOR('',#6295,1.);
#6295 = DIRECTION('',(-0.106912914193,0.994268388705,0.));
#6296 = ORIENTED_EDGE('',*,*,#6093,.F.);
#6297 = ORIENTED_EDGE('',*,*,#6298,.F.);
#6298 = EDGE_CURVE('',#6269,#6094,#6299,.T.);
#6299 = LINE('',#6300,#6301);
#6300 = CARTESIAN_POINT('',(100.999999,-99.452155,0.));
#6301 = VECTOR('',#6302,1.);
#6302 = DIRECTION('',(-0.106912914193,0.994268388705,0.));
#6303 = PLANE('',#6304);
#6304 = AXIS2_PLACEMENT_3D('',#6305,#6306,#6307);
#6305 = CARTESIAN_POINT('',(100.999999,-99.452155,0.));
#6306 = DIRECTION('',(0.994268388705,0.106912914193,0.));
#6307 = DIRECTION('',(-0.106912914193,0.994268388705,0.));
#6308 = ADVANCED_FACE('',(#6309),#6343,.F.);
#6309 = FACE_BOUND('',#6310,.F.);
#6310 = EDGE_LOOP('',(#6311,#6321,#6329,#6337));
#6311 = ORIENTED_EDGE('',*,*,#6312,.T.);
#6312 = EDGE_CURVE('',#6313,#6315,#6317,.T.);
#6313 = VERTEX_POINT('',#6314);
#6314 = CARTESIAN_POINT('',(99.75,-93.6,0.));
#6315 = VERTEX_POINT('',#6316);
#6316 = CARTESIAN_POINT('',(99.75,-93.6,-3.5E-02));
#6317 = LINE('',#6318,#6319);
#6318 = CARTESIAN_POINT('',(99.75,-93.6,0.));
#6319 = VECTOR('',#6320,1.);
#6320 = DIRECTION('',(0.,0.,-1.));
#6321 = ORIENTED_EDGE('',*,*,#6322,.T.);
#6322 = EDGE_CURVE('',#6315,#6323,#6325,.T.);
#6323 = VERTEX_POINT('',#6324);
#6324 = CARTESIAN_POINT('',(99.75,-89.35,-3.5E-02));
#6325 = LINE('',#6326,#6327);
#6326 = CARTESIAN_POINT('',(99.75,-93.6,-3.5E-02));
#6327 = VECTOR('',#6328,1.);
#6328 = DIRECTION('',(0.,1.,0.));
#6329 = ORIENTED_EDGE('',*,*,#6330,.F.);
#6330 = EDGE_CURVE('',#6331,#6323,#6333,.T.);
#6331 = VERTEX_POINT('',#6332);
#6332 = CARTESIAN_POINT('',(99.75,-89.35,0.));
#6333 = LINE('',#6334,#6335);
#6334 = CARTESIAN_POINT('',(99.75,-89.35,0.));
#6335 = VECTOR('',#6336,1.);
#6336 = DIRECTION('',(0.,0.,-1.));
#6337 = ORIENTED_EDGE('',*,*,#6338,.F.);
#6338 = EDGE_CURVE('',#6313,#6331,#6339,.T.);
#6339 = LINE('',#6340,#6341);
#6340 = CARTESIAN_POINT('',(99.75,-93.6,0.));
#6341 = VECTOR('',#6342,1.);
#6342 = DIRECTION('',(0.,1.,0.));
#6343 = PLANE('',#6344);
#6344 = AXIS2_PLACEMENT_3D('',#6345,#6346,#6347);
#6345 = CARTESIAN_POINT('',(99.75,-93.6,0.));
#6346 = DIRECTION('',(1.,-0.,0.));
#6347 = DIRECTION('',(0.,1.,0.));
#6348 = ADVANCED_FACE('',(#6349),#6374,.F.);
#6349 = FACE_BOUND('',#6350,.F.);
#6350 = EDGE_LOOP('',(#6351,#6352,#6360,#6368));
#6351 = ORIENTED_EDGE('',*,*,#6330,.T.);
#6352 = ORIENTED_EDGE('',*,*,#6353,.T.);
#6353 = EDGE_CURVE('',#6323,#6354,#6356,.T.);
#6354 = VERTEX_POINT('',#6355);
#6355 = CARTESIAN_POINT('',(95.5,-89.35,-3.5E-02));
#6356 = LINE('',#6357,#6358);
#6357 = CARTESIAN_POINT('',(99.75,-89.35,-3.5E-02));
#6358 = VECTOR('',#6359,1.);
#6359 = DIRECTION('',(-1.,0.,0.));
#6360 = ORIENTED_EDGE('',*,*,#6361,.F.);
#6361 = EDGE_CURVE('',#6362,#6354,#6364,.T.);
#6362 = VERTEX_POINT('',#6363);
#6363 = CARTESIAN_POINT('',(95.5,-89.35,0.));
#6364 = LINE('',#6365,#6366);
#6365 = CARTESIAN_POINT('',(95.5,-89.35,0.));
#6366 = VECTOR('',#6367,1.);
#6367 = DIRECTION('',(0.,0.,-1.));
#6368 = ORIENTED_EDGE('',*,*,#6369,.F.);
#6369 = EDGE_CURVE('',#6331,#6362,#6370,.T.);
#6370 = LINE('',#6371,#6372);
#6371 = CARTESIAN_POINT('',(99.75,-89.35,0.));
#6372 = VECTOR('',#6373,1.);
#6373 = DIRECTION('',(-1.,0.,0.));
#6374 = PLANE('',#6375);
#6375 = AXIS2_PLACEMENT_3D('',#6376,#6377,#6378);
#6376 = CARTESIAN_POINT('',(99.75,-89.35,0.));
#6377 = DIRECTION('',(0.,1.,0.));
#6378 = DIRECTION('',(-1.,0.,0.));
#6379 = ADVANCED_FACE('',(#6380),#6405,.F.);
#6380 = FACE_BOUND('',#6381,.F.);
#6381 = EDGE_LOOP('',(#6382,#6383,#6391,#6399));
#6382 = ORIENTED_EDGE('',*,*,#6361,.T.);
#6383 = ORIENTED_EDGE('',*,*,#6384,.T.);
#6384 = EDGE_CURVE('',#6354,#6385,#6387,.T.);
#6385 = VERTEX_POINT('',#6386);
#6386 = CARTESIAN_POINT('',(95.5,-93.147844,-3.5E-02));
#6387 = LINE('',#6388,#6389);
#6388 = CARTESIAN_POINT('',(95.5,-89.35,-3.5E-02));
#6389 = VECTOR('',#6390,1.);
#6390 = DIRECTION('',(0.,-1.,0.));
#6391 = ORIENTED_EDGE('',*,*,#6392,.F.);
#6392 = EDGE_CURVE('',#6393,#6385,#6395,.T.);
#6393 = VERTEX_POINT('',#6394);
#6394 = CARTESIAN_POINT('',(95.5,-93.147844,0.));
#6395 = LINE('',#6396,#6397);
#6396 = CARTESIAN_POINT('',(95.5,-93.147844,0.));
#6397 = VECTOR('',#6398,1.);
#6398 = DIRECTION('',(0.,0.,-1.));
#6399 = ORIENTED_EDGE('',*,*,#6400,.F.);
#6400 = EDGE_CURVE('',#6362,#6393,#6401,.T.);
#6401 = LINE('',#6402,#6403);
#6402 = CARTESIAN_POINT('',(95.5,-89.35,0.));
#6403 = VECTOR('',#6404,1.);
#6404 = DIRECTION('',(0.,-1.,0.));
#6405 = PLANE('',#6406);
#6406 = AXIS2_PLACEMENT_3D('',#6407,#6408,#6409);
#6407 = CARTESIAN_POINT('',(95.5,-89.35,0.));
#6408 = DIRECTION('',(-1.,-0.,-0.));
#6409 = DIRECTION('',(0.,-1.,0.));
#6410 = ADVANCED_FACE('',(#6411),#6436,.F.);
#6411 = FACE_BOUND('',#6412,.F.);
#6412 = EDGE_LOOP('',(#6413,#6414,#6422,#6430));
#6413 = ORIENTED_EDGE('',*,*,#6392,.T.);
#6414 = ORIENTED_EDGE('',*,*,#6415,.T.);
#6415 = EDGE_CURVE('',#6385,#6416,#6418,.T.);
#6416 = VERTEX_POINT('',#6417);
#6417 = CARTESIAN_POINT('',(95.506401,-93.207372,-3.5E-02));
#6418 = LINE('',#6419,#6420);
#6419 = CARTESIAN_POINT('',(95.5,-93.147844,-3.5E-02));
#6420 = VECTOR('',#6421,1.);
#6421 = DIRECTION('',(0.106912914193,-0.994268388705,0.));
#6422 = ORIENTED_EDGE('',*,*,#6423,.F.);
#6423 = EDGE_CURVE('',#6424,#6416,#6426,.T.);
#6424 = VERTEX_POINT('',#6425);
#6425 = CARTESIAN_POINT('',(95.506401,-93.207372,0.));
#6426 = LINE('',#6427,#6428);
#6427 = CARTESIAN_POINT('',(95.506401,-93.207372,0.));
#6428 = VECTOR('',#6429,1.);
#6429 = DIRECTION('',(0.,0.,-1.));
#6430 = ORIENTED_EDGE('',*,*,#6431,.F.);
#6431 = EDGE_CURVE('',#6393,#6424,#6432,.T.);
#6432 = LINE('',#6433,#6434);
#6433 = CARTESIAN_POINT('',(95.5,-93.147844,0.));
#6434 = VECTOR('',#6435,1.);
#6435 = DIRECTION('',(0.106912914193,-0.994268388705,0.));
#6436 = PLANE('',#6437);
#6437 = AXIS2_PLACEMENT_3D('',#6438,#6439,#6440);
#6438 = CARTESIAN_POINT('',(95.5,-93.147844,0.));
#6439 = DIRECTION('',(-0.994268388705,-0.106912914193,-0.));
#6440 = DIRECTION('',(0.106912914193,-0.994268388705,0.));
#6441 = ADVANCED_FACE('',(#6442),#6469,.F.);
#6442 = FACE_BOUND('',#6443,.F.);
#6443 = EDGE_LOOP('',(#6444,#6445,#6454,#6462));
#6444 = ORIENTED_EDGE('',*,*,#6423,.T.);
#6445 = ORIENTED_EDGE('',*,*,#6446,.T.);
#6446 = EDGE_CURVE('',#6416,#6447,#6449,.T.);
#6447 = VERTEX_POINT('',#6448);
#6448 = CARTESIAN_POINT('',(95.892627,-93.593598,-3.5E-02));
#6449 = CIRCLE('',#6450,0.505143832088);
#6450 = AXIS2_PLACEMENT_3D('',#6451,#6452,#6453);
#6451 = CARTESIAN_POINT('',(96.000001129141,-93.09999787085,-3.5E-02));
#6452 = DIRECTION('',(0.,0.,1.));
#6453 = DIRECTION('',(-0.977147690986,-0.212561496984,0.));
#6454 = ORIENTED_EDGE('',*,*,#6455,.F.);
#6455 = EDGE_CURVE('',#6456,#6447,#6458,.T.);
#6456 = VERTEX_POINT('',#6457);
#6457 = CARTESIAN_POINT('',(95.892627,-93.593598,0.));
#6458 = LINE('',#6459,#6460);
#6459 = CARTESIAN_POINT('',(95.892627,-93.593598,0.));
#6460 = VECTOR('',#6461,1.);
#6461 = DIRECTION('',(0.,0.,-1.));
#6462 = ORIENTED_EDGE('',*,*,#6463,.F.);
#6463 = EDGE_CURVE('',#6424,#6456,#6464,.T.);
#6464 = CIRCLE('',#6465,0.505143832088);
#6465 = AXIS2_PLACEMENT_3D('',#6466,#6467,#6468);
#6466 = CARTESIAN_POINT('',(96.000001129141,-93.09999787085,0.));
#6467 = DIRECTION('',(0.,0.,1.));
#6468 = DIRECTION('',(-0.977147690986,-0.212561496984,0.));
#6469 = CYLINDRICAL_SURFACE('',#6470,0.505143832088);
#6470 = AXIS2_PLACEMENT_3D('',#6471,#6472,#6473);
#6471 = CARTESIAN_POINT('',(96.000001129141,-93.09999787085,0.));
#6472 = DIRECTION('',(0.,0.,1.));
#6473 = DIRECTION('',(-0.977147690986,-0.212561496984,0.));
#6474 = ADVANCED_FACE('',(#6475),#6500,.F.);
#6475 = FACE_BOUND('',#6476,.F.);
#6476 = EDGE_LOOP('',(#6477,#6478,#6486,#6494));
#6477 = ORIENTED_EDGE('',*,*,#6455,.T.);
#6478 = ORIENTED_EDGE('',*,*,#6479,.T.);
#6479 = EDGE_CURVE('',#6447,#6480,#6482,.T.);
#6480 = VERTEX_POINT('',#6481);
#6481 = CARTESIAN_POINT('',(95.952172,-93.6,-3.5E-02));
#6482 = LINE('',#6483,#6484);
#6483 = CARTESIAN_POINT('',(95.892627,-93.593598,-3.5E-02));
#6484 = VECTOR('',#6485,1.);
#6485 = DIRECTION('',(0.994269858287,-0.106899246498,0.));
#6486 = ORIENTED_EDGE('',*,*,#6487,.F.);
#6487 = EDGE_CURVE('',#6488,#6480,#6490,.T.);
#6488 = VERTEX_POINT('',#6489);
#6489 = CARTESIAN_POINT('',(95.952172,-93.6,0.));
#6490 = LINE('',#6491,#6492);
#6491 = CARTESIAN_POINT('',(95.952172,-93.6,0.));
#6492 = VECTOR('',#6493,1.);
#6493 = DIRECTION('',(0.,0.,-1.));
#6494 = ORIENTED_EDGE('',*,*,#6495,.F.);
#6495 = EDGE_CURVE('',#6456,#6488,#6496,.T.);
#6496 = LINE('',#6497,#6498);
#6497 = CARTESIAN_POINT('',(95.892627,-93.593598,0.));
#6498 = VECTOR('',#6499,1.);
#6499 = DIRECTION('',(0.994269858287,-0.106899246498,0.));
#6500 = PLANE('',#6501);
#6501 = AXIS2_PLACEMENT_3D('',#6502,#6503,#6504);
#6502 = CARTESIAN_POINT('',(95.892627,-93.593598,0.));
#6503 = DIRECTION('',(-0.106899246498,-0.994269858287,-0.));
#6504 = DIRECTION('',(0.994269858287,-0.106899246498,0.));
#6505 = ADVANCED_FACE('',(#6506),#6522,.F.);
#6506 = FACE_BOUND('',#6507,.F.);
#6507 = EDGE_LOOP('',(#6508,#6509,#6515,#6516));
#6508 = ORIENTED_EDGE('',*,*,#6487,.T.);
#6509 = ORIENTED_EDGE('',*,*,#6510,.T.);
#6510 = EDGE_CURVE('',#6480,#6315,#6511,.T.);
#6511 = LINE('',#6512,#6513);
#6512 = CARTESIAN_POINT('',(95.952172,-93.6,-3.5E-02));
#6513 = VECTOR('',#6514,1.);
#6514 = DIRECTION('',(1.,0.,0.));
#6515 = ORIENTED_EDGE('',*,*,#6312,.F.);
#6516 = ORIENTED_EDGE('',*,*,#6517,.F.);
#6517 = EDGE_CURVE('',#6488,#6313,#6518,.T.);
#6518 = LINE('',#6519,#6520);
#6519 = CARTESIAN_POINT('',(95.952172,-93.6,0.));
#6520 = VECTOR('',#6521,1.);
#6521 = DIRECTION('',(1.,0.,0.));
#6522 = PLANE('',#6523);
#6523 = AXIS2_PLACEMENT_3D('',#6524,#6525,#6526);
#6524 = CARTESIAN_POINT('',(95.952172,-93.6,0.));
#6525 = DIRECTION('',(0.,-1.,0.));
#6526 = DIRECTION('',(1.,0.,0.));
#6527 = ADVANCED_FACE('',(#6528),#6562,.F.);
#6528 = FACE_BOUND('',#6529,.F.);
#6529 = EDGE_LOOP('',(#6530,#6540,#6548,#6556));
#6530 = ORIENTED_EDGE('',*,*,#6531,.T.);
#6531 = EDGE_CURVE('',#6532,#6534,#6536,.T.);
#6532 = VERTEX_POINT('',#6533);
#6533 = CARTESIAN_POINT('',(104.5,-93.147827,0.));
#6534 = VERTEX_POINT('',#6535);
#6535 = CARTESIAN_POINT('',(104.5,-93.147827,-3.5E-02));
#6536 = LINE('',#6537,#6538);
#6537 = CARTESIAN_POINT('',(104.5,-93.147827,0.));
#6538 = VECTOR('',#6539,1.);
#6539 = DIRECTION('',(0.,0.,-1.));
#6540 = ORIENTED_EDGE('',*,*,#6541,.T.);
#6541 = EDGE_CURVE('',#6534,#6542,#6544,.T.);
#6542 = VERTEX_POINT('',#6543);
#6543 = CARTESIAN_POINT('',(104.5,-89.35,-3.5E-02));
#6544 = LINE('',#6545,#6546);
#6545 = CARTESIAN_POINT('',(104.5,-93.147827,-3.5E-02));
#6546 = VECTOR('',#6547,1.);
#6547 = DIRECTION('',(0.,1.,0.));
#6548 = ORIENTED_EDGE('',*,*,#6549,.F.);
#6549 = EDGE_CURVE('',#6550,#6542,#6552,.T.);
#6550 = VERTEX_POINT('',#6551);
#6551 = CARTESIAN_POINT('',(104.5,-89.35,0.));
#6552 = LINE('',#6553,#6554);
#6553 = CARTESIAN_POINT('',(104.5,-89.35,0.));
#6554 = VECTOR('',#6555,1.);
#6555 = DIRECTION('',(0.,0.,-1.));
#6556 = ORIENTED_EDGE('',*,*,#6557,.F.);
#6557 = EDGE_CURVE('',#6532,#6550,#6558,.T.);
#6558 = LINE('',#6559,#6560);
#6559 = CARTESIAN_POINT('',(104.5,-93.147827,0.));
#6560 = VECTOR('',#6561,1.);
#6561 = DIRECTION('',(0.,1.,0.));
#6562 = PLANE('',#6563);
#6563 = AXIS2_PLACEMENT_3D('',#6564,#6565,#6566);
#6564 = CARTESIAN_POINT('',(104.5,-93.147827,0.));
#6565 = DIRECTION('',(1.,-0.,0.));
#6566 = DIRECTION('',(0.,1.,0.));
#6567 = ADVANCED_FACE('',(#6568),#6593,.F.);
#6568 = FACE_BOUND('',#6569,.F.);
#6569 = EDGE_LOOP('',(#6570,#6571,#6579,#6587));
#6570 = ORIENTED_EDGE('',*,*,#6549,.T.);
#6571 = ORIENTED_EDGE('',*,*,#6572,.T.);
#6572 = EDGE_CURVE('',#6542,#6573,#6575,.T.);
#6573 = VERTEX_POINT('',#6574);
#6574 = CARTESIAN_POINT('',(100.25,-89.35,-3.5E-02));
#6575 = LINE('',#6576,#6577);
#6576 = CARTESIAN_POINT('',(104.5,-89.35,-3.5E-02));
#6577 = VECTOR('',#6578,1.);
#6578 = DIRECTION('',(-1.,0.,0.));
#6579 = ORIENTED_EDGE('',*,*,#6580,.F.);
#6580 = EDGE_CURVE('',#6581,#6573,#6583,.T.);
#6581 = VERTEX_POINT('',#6582);
#6582 = CARTESIAN_POINT('',(100.25,-89.35,0.));
#6583 = LINE('',#6584,#6585);
#6584 = CARTESIAN_POINT('',(100.25,-89.35,0.));
#6585 = VECTOR('',#6586,1.);
#6586 = DIRECTION('',(0.,0.,-1.));
#6587 = ORIENTED_EDGE('',*,*,#6588,.F.);
#6588 = EDGE_CURVE('',#6550,#6581,#6589,.T.);
#6589 = LINE('',#6590,#6591);
#6590 = CARTESIAN_POINT('',(104.5,-89.35,0.));
#6591 = VECTOR('',#6592,1.);
#6592 = DIRECTION('',(-1.,0.,0.));
#6593 = PLANE('',#6594);
#6594 = AXIS2_PLACEMENT_3D('',#6595,#6596,#6597);
#6595 = CARTESIAN_POINT('',(104.5,-89.35,0.));
#6596 = DIRECTION('',(0.,1.,0.));
#6597 = DIRECTION('',(-1.,0.,0.));
#6598 = ADVANCED_FACE('',(#6599),#6624,.F.);
#6599 = FACE_BOUND('',#6600,.F.);
#6600 = EDGE_LOOP('',(#6601,#6602,#6610,#6618));
#6601 = ORIENTED_EDGE('',*,*,#6580,.T.);
#6602 = ORIENTED_EDGE('',*,*,#6603,.T.);
#6603 = EDGE_CURVE('',#6573,#6604,#6606,.T.);
#6604 = VERTEX_POINT('',#6605);
#6605 = CARTESIAN_POINT('',(100.25,-93.6,-3.5E-02));
#6606 = LINE('',#6607,#6608);
#6607 = CARTESIAN_POINT('',(100.25,-89.35,-3.5E-02));
#6608 = VECTOR('',#6609,1.);
#6609 = DIRECTION('',(0.,-1.,0.));
#6610 = ORIENTED_EDGE('',*,*,#6611,.F.);
#6611 = EDGE_CURVE('',#6612,#6604,#6614,.T.);
#6612 = VERTEX_POINT('',#6613);
#6613 = CARTESIAN_POINT('',(100.25,-93.6,0.));
#6614 = LINE('',#6615,#6616);
#6615 = CARTESIAN_POINT('',(100.25,-93.6,0.));
#6616 = VECTOR('',#6617,1.);
#6617 = DIRECTION('',(0.,0.,-1.));
#6618 = ORIENTED_EDGE('',*,*,#6619,.F.);
#6619 = EDGE_CURVE('',#6581,#6612,#6620,.T.);
#6620 = LINE('',#6621,#6622);
#6621 = CARTESIAN_POINT('',(100.25,-89.35,0.));
#6622 = VECTOR('',#6623,1.);
#6623 = DIRECTION('',(0.,-1.,0.));
#6624 = PLANE('',#6625);
#6625 = AXIS2_PLACEMENT_3D('',#6626,#6627,#6628);
#6626 = CARTESIAN_POINT('',(100.25,-89.35,0.));
#6627 = DIRECTION('',(-1.,-0.,-0.));
#6628 = DIRECTION('',(0.,-1.,0.));
#6629 = ADVANCED_FACE('',(#6630),#6655,.F.);
#6630 = FACE_BOUND('',#6631,.F.);
#6631 = EDGE_LOOP('',(#6632,#6633,#6641,#6649));
#6632 = ORIENTED_EDGE('',*,*,#6611,.T.);
#6633 = ORIENTED_EDGE('',*,*,#6634,.T.);
#6634 = EDGE_CURVE('',#6604,#6635,#6637,.T.);
#6635 = VERTEX_POINT('',#6636);
#6636 = CARTESIAN_POINT('',(104.047844,-93.599999,-3.5E-02));
#6637 = LINE('',#6638,#6639);
#6638 = CARTESIAN_POINT('',(100.25,-93.6,-3.5E-02));
#6639 = VECTOR('',#6640,1.);
#6640 = DIRECTION('',(1.,2.633072863117E-07,0.));
#6641 = ORIENTED_EDGE('',*,*,#6642,.F.);
#6642 = EDGE_CURVE('',#6643,#6635,#6645,.T.);
#6643 = VERTEX_POINT('',#6644);
#6644 = CARTESIAN_POINT('',(104.047844,-93.599999,0.));
#6645 = LINE('',#6646,#6647);
#6646 = CARTESIAN_POINT('',(104.047844,-93.599999,0.));
#6647 = VECTOR('',#6648,1.);
#6648 = DIRECTION('',(0.,0.,-1.));
#6649 = ORIENTED_EDGE('',*,*,#6650,.F.);
#6650 = EDGE_CURVE('',#6612,#6643,#6651,.T.);
#6651 = LINE('',#6652,#6653);
#6652 = CARTESIAN_POINT('',(100.25,-93.6,0.));
#6653 = VECTOR('',#6654,1.);
#6654 = DIRECTION('',(1.,2.633072863117E-07,0.));
#6655 = PLANE('',#6656);
#6656 = AXIS2_PLACEMENT_3D('',#6657,#6658,#6659);
#6657 = CARTESIAN_POINT('',(100.25,-93.6,0.));
#6658 = DIRECTION('',(2.633072863117E-07,-1.,0.));
#6659 = DIRECTION('',(1.,2.633072863117E-07,0.));
#6660 = ADVANCED_FACE('',(#6661),#6686,.F.);
#6661 = FACE_BOUND('',#6662,.F.);
#6662 = EDGE_LOOP('',(#6663,#6664,#6672,#6680));
#6663 = ORIENTED_EDGE('',*,*,#6642,.T.);
#6664 = ORIENTED_EDGE('',*,*,#6665,.T.);
#6665 = EDGE_CURVE('',#6635,#6666,#6668,.T.);
#6666 = VERTEX_POINT('',#6667);
#6667 = CARTESIAN_POINT('',(104.107372,-93.593598,-3.5E-02));
#6668 = LINE('',#6669,#6670);
#6669 = CARTESIAN_POINT('',(104.047844,-93.599999,-3.5E-02));
#6670 = VECTOR('',#6671,1.);
#6671 = DIRECTION('',(0.994268388705,0.106912914193,0.));
#6672 = ORIENTED_EDGE('',*,*,#6673,.F.);
#6673 = EDGE_CURVE('',#6674,#6666,#6676,.T.);
#6674 = VERTEX_POINT('',#6675);
#6675 = CARTESIAN_POINT('',(104.107372,-93.593598,0.));
#6676 = LINE('',#6677,#6678);
#6677 = CARTESIAN_POINT('',(104.107372,-93.593598,0.));
#6678 = VECTOR('',#6679,1.);
#6679 = DIRECTION('',(0.,0.,-1.));
#6680 = ORIENTED_EDGE('',*,*,#6681,.F.);
#6681 = EDGE_CURVE('',#6643,#6674,#6682,.T.);
#6682 = LINE('',#6683,#6684);
#6683 = CARTESIAN_POINT('',(104.047844,-93.599999,0.));
#6684 = VECTOR('',#6685,1.);
#6685 = DIRECTION('',(0.994268388705,0.106912914193,0.));
#6686 = PLANE('',#6687);
#6687 = AXIS2_PLACEMENT_3D('',#6688,#6689,#6690);
#6688 = CARTESIAN_POINT('',(104.047844,-93.599999,0.));
#6689 = DIRECTION('',(0.106912914193,-0.994268388705,0.));
#6690 = DIRECTION('',(0.994268388705,0.106912914193,0.));
#6691 = ADVANCED_FACE('',(#6692),#6719,.F.);
#6692 = FACE_BOUND('',#6693,.F.);
#6693 = EDGE_LOOP('',(#6694,#6695,#6704,#6712));
#6694 = ORIENTED_EDGE('',*,*,#6673,.T.);
#6695 = ORIENTED_EDGE('',*,*,#6696,.T.);
#6696 = EDGE_CURVE('',#6666,#6697,#6699,.T.);
#6697 = VERTEX_POINT('',#6698);
#6698 = CARTESIAN_POINT('',(104.493598,-93.207372,-3.5E-02));
#6699 = CIRCLE('',#6700,0.505143832088);
#6700 = AXIS2_PLACEMENT_3D('',#6701,#6702,#6703);
#6701 = CARTESIAN_POINT('',(103.99999787085,-93.09999787085,-3.5E-02));
#6702 = DIRECTION('',(0.,0.,1.));
#6703 = DIRECTION('',(0.212561496984,-0.977147690986,0.));
#6704 = ORIENTED_EDGE('',*,*,#6705,.F.);
#6705 = EDGE_CURVE('',#6706,#6697,#6708,.T.);
#6706 = VERTEX_POINT('',#6707);
#6707 = CARTESIAN_POINT('',(104.493598,-93.207372,0.));
#6708 = LINE('',#6709,#6710);
#6709 = CARTESIAN_POINT('',(104.493598,-93.207372,0.));
#6710 = VECTOR('',#6711,1.);
#6711 = DIRECTION('',(0.,0.,-1.));
#6712 = ORIENTED_EDGE('',*,*,#6713,.F.);
#6713 = EDGE_CURVE('',#6674,#6706,#6714,.T.);
#6714 = CIRCLE('',#6715,0.505143832088);
#6715 = AXIS2_PLACEMENT_3D('',#6716,#6717,#6718);
#6716 = CARTESIAN_POINT('',(103.99999787085,-93.09999787085,0.));
#6717 = DIRECTION('',(0.,0.,1.));
#6718 = DIRECTION('',(0.212561496984,-0.977147690986,0.));
#6719 = CYLINDRICAL_SURFACE('',#6720,0.505143832088);
#6720 = AXIS2_PLACEMENT_3D('',#6721,#6722,#6723);
#6721 = CARTESIAN_POINT('',(103.99999787085,-93.09999787085,0.));
#6722 = DIRECTION('',(0.,0.,1.));
#6723 = DIRECTION('',(0.212561496984,-0.977147690986,0.));
#6724 = ADVANCED_FACE('',(#6725),#6741,.F.);
#6725 = FACE_BOUND('',#6726,.F.);
#6726 = EDGE_LOOP('',(#6727,#6728,#6734,#6735));
#6727 = ORIENTED_EDGE('',*,*,#6705,.T.);
#6728 = ORIENTED_EDGE('',*,*,#6729,.T.);
#6729 = EDGE_CURVE('',#6697,#6534,#6730,.T.);
#6730 = LINE('',#6731,#6732);
#6731 = CARTESIAN_POINT('',(104.493598,-93.207372,-3.5E-02));
#6732 = VECTOR('',#6733,1.);
#6733 = DIRECTION('',(0.106899246498,0.994269858287,0.));
#6734 = ORIENTED_EDGE('',*,*,#6531,.F.);
#6735 = ORIENTED_EDGE('',*,*,#6736,.F.);
#6736 = EDGE_CURVE('',#6706,#6532,#6737,.T.);
#6737 = LINE('',#6738,#6739);
#6738 = CARTESIAN_POINT('',(104.493598,-93.207372,0.));
#6739 = VECTOR('',#6740,1.);
#6740 = DIRECTION('',(0.106899246498,0.994269858287,0.));
#6741 = PLANE('',#6742);
#6742 = AXIS2_PLACEMENT_3D('',#6743,#6744,#6745);
#6743 = CARTESIAN_POINT('',(104.493598,-93.207372,0.));
#6744 = DIRECTION('',(0.994269858287,-0.106899246498,0.));
#6745 = DIRECTION('',(0.106899246498,0.994269858287,0.));
#6746 = ADVANCED_FACE('',(#6747),#6774,.F.);
#6747 = FACE_BOUND('',#6748,.F.);
#6748 = EDGE_LOOP('',(#6749,#6759,#6766,#6767));
#6749 = ORIENTED_EDGE('',*,*,#6750,.T.);
#6750 = EDGE_CURVE('',#6751,#6753,#6755,.T.);
#6751 = VERTEX_POINT('',#6752);
#6752 = CARTESIAN_POINT('',(94.161939,-91.893952,0.));
#6753 = VERTEX_POINT('',#6754);
#6754 = CARTESIAN_POINT('',(94.161939,-91.893952,-3.5E-02));
#6755 = LINE('',#6756,#6757);
#6756 = CARTESIAN_POINT('',(94.161939,-91.893952,0.));
#6757 = VECTOR('',#6758,1.);
#6758 = DIRECTION('',(0.,0.,-1.));
#6759 = ORIENTED_EDGE('',*,*,#6760,.T.);
#6760 = EDGE_CURVE('',#6753,#6753,#6761,.T.);
#6761 = CIRCLE('',#6762,0.137255);
#6762 = AXIS2_PLACEMENT_3D('',#6763,#6764,#6765);
#6763 = CARTESIAN_POINT('',(94.024684,-91.893952,-3.5E-02));
#6764 = DIRECTION('',(0.,0.,1.));
#6765 = DIRECTION('',(1.,0.,-0.));
#6766 = ORIENTED_EDGE('',*,*,#6750,.F.);
#6767 = ORIENTED_EDGE('',*,*,#6768,.F.);
#6768 = EDGE_CURVE('',#6751,#6751,#6769,.T.);
#6769 = CIRCLE('',#6770,0.137255);
#6770 = AXIS2_PLACEMENT_3D('',#6771,#6772,#6773);
#6771 = CARTESIAN_POINT('',(94.024684,-91.893952,0.));
#6772 = DIRECTION('',(0.,0.,1.));
#6773 = DIRECTION('',(1.,0.,-0.));
#6774 = CYLINDRICAL_SURFACE('',#6775,0.137255);
#6775 = AXIS2_PLACEMENT_3D('',#6776,#6777,#6778);
#6776 = CARTESIAN_POINT('',(94.024684,-91.893952,0.));
#6777 = DIRECTION('',(0.,0.,1.));
#6778 = DIRECTION('',(1.,0.,-0.));
#6779 = ADVANCED_FACE('',(#6780),#6807,.F.);
#6780 = FACE_BOUND('',#6781,.F.);
#6781 = EDGE_LOOP('',(#6782,#6792,#6799,#6800));
#6782 = ORIENTED_EDGE('',*,*,#6783,.T.);
#6783 = EDGE_CURVE('',#6784,#6786,#6788,.T.);
#6784 = VERTEX_POINT('',#6785);
#6785 = CARTESIAN_POINT('',(92.946529,-91.84989,0.));
#6786 = VERTEX_POINT('',#6787);
#6787 = CARTESIAN_POINT('',(92.946529,-91.84989,-3.5E-02));
#6788 = LINE('',#6789,#6790);
#6789 = CARTESIAN_POINT('',(92.946529,-91.84989,0.));
#6790 = VECTOR('',#6791,1.);
#6791 = DIRECTION('',(0.,0.,-1.));
#6792 = ORIENTED_EDGE('',*,*,#6793,.T.);
#6793 = EDGE_CURVE('',#6786,#6786,#6794,.T.);
#6794 = CIRCLE('',#6795,0.137255);
#6795 = AXIS2_PLACEMENT_3D('',#6796,#6797,#6798);
#6796 = CARTESIAN_POINT('',(92.809274,-91.84989,-3.5E-02));
#6797 = DIRECTION('',(0.,0.,1.));
#6798 = DIRECTION('',(1.,0.,-0.));
#6799 = ORIENTED_EDGE('',*,*,#6783,.F.);
#6800 = ORIENTED_EDGE('',*,*,#6801,.F.);
#6801 = EDGE_CURVE('',#6784,#6784,#6802,.T.);
#6802 = CIRCLE('',#6803,0.137255);
#6803 = AXIS2_PLACEMENT_3D('',#6804,#6805,#6806);
#6804 = CARTESIAN_POINT('',(92.809274,-91.84989,0.));
#6805 = DIRECTION('',(0.,0.,1.));
#6806 = DIRECTION('',(1.,0.,-0.));
#6807 = CYLINDRICAL_SURFACE('',#6808,0.137255);
#6808 = AXIS2_PLACEMENT_3D('',#6809,#6810,#6811);
#6809 = CARTESIAN_POINT('',(92.809274,-91.84989,0.));
#6810 = DIRECTION('',(0.,0.,1.));
#6811 = DIRECTION('',(1.,0.,-0.));
#6812 = ADVANCED_FACE('',(#6813),#6840,.F.);
#6813 = FACE_BOUND('',#6814,.F.);
#6814 = EDGE_LOOP('',(#6815,#6825,#6832,#6833));
#6815 = ORIENTED_EDGE('',*,*,#6816,.T.);
#6816 = EDGE_CURVE('',#6817,#6819,#6821,.T.);
#6817 = VERTEX_POINT('',#6818);
#6818 = CARTESIAN_POINT('',(105.812344,-87.231049,0.));
#6819 = VERTEX_POINT('',#6820);
#6820 = CARTESIAN_POINT('',(105.812344,-87.231049,-3.5E-02));
#6821 = LINE('',#6822,#6823);
#6822 = CARTESIAN_POINT('',(105.812344,-87.231049,0.));
#6823 = VECTOR('',#6824,1.);
#6824 = DIRECTION('',(0.,0.,-1.));
#6825 = ORIENTED_EDGE('',*,*,#6826,.T.);
#6826 = EDGE_CURVE('',#6819,#6819,#6827,.T.);
#6827 = CIRCLE('',#6828,0.137255);
#6828 = AXIS2_PLACEMENT_3D('',#6829,#6830,#6831);
#6829 = CARTESIAN_POINT('',(105.675089,-87.231049,-3.5E-02));
#6830 = DIRECTION('',(0.,0.,1.));
#6831 = DIRECTION('',(1.,0.,-0.));
#6832 = ORIENTED_EDGE('',*,*,#6816,.F.);
#6833 = ORIENTED_EDGE('',*,*,#6834,.F.);
#6834 = EDGE_CURVE('',#6817,#6817,#6835,.T.);
#6835 = CIRCLE('',#6836,0.137255);
#6836 = AXIS2_PLACEMENT_3D('',#6837,#6838,#6839);
#6837 = CARTESIAN_POINT('',(105.675089,-87.231049,0.));
#6838 = DIRECTION('',(0.,0.,1.));
#6839 = DIRECTION('',(1.,0.,-0.));
#6840 = CYLINDRICAL_SURFACE('',#6841,0.137255);
#6841 = AXIS2_PLACEMENT_3D('',#6842,#6843,#6844);
#6842 = CARTESIAN_POINT('',(105.675089,-87.231049,0.));
#6843 = DIRECTION('',(0.,0.,1.));
#6844 = DIRECTION('',(1.,0.,-0.));
#6845 = ADVANCED_FACE('',(#6846,#6909,#6912,#6926,#6929,#6932,#6935,
    #6938,#6941,#6954,#6963,#6966,#6979,#6988,#6997,#7006,#7009,#7012),
  #7015,.F.);
#6846 = FACE_BOUND('',#6847,.F.);
#6847 = EDGE_LOOP('',(#6848,#6849,#6850,#6851,#6852,#6853,#6854,#6855,
    #6856,#6857,#6858,#6859,#6860,#6861,#6862,#6863,#6864,#6865,#6866,
    #6867,#6868,#6869,#6870,#6871,#6872,#6873,#6874,#6875,#6876,#6877,
    #6878,#6879,#6880,#6881,#6882,#6883,#6884,#6885,#6886,#6887,#6888,
    #6889,#6890,#6891,#6892,#6893,#6894,#6895,#6896,#6897,#6898,#6899,
    #6900,#6901,#6902,#6903,#6904,#6905,#6906,#6907,#6908));
#6848 = ORIENTED_EDGE('',*,*,#2705,.T.);
#6849 = ORIENTED_EDGE('',*,*,#2737,.T.);
#6850 = ORIENTED_EDGE('',*,*,#2768,.T.);
#6851 = ORIENTED_EDGE('',*,*,#2799,.T.);
#6852 = ORIENTED_EDGE('',*,*,#2830,.T.);
#6853 = ORIENTED_EDGE('',*,*,#2861,.T.);
#6854 = ORIENTED_EDGE('',*,*,#2892,.T.);
#6855 = ORIENTED_EDGE('',*,*,#2923,.T.);
#6856 = ORIENTED_EDGE('',*,*,#2954,.T.);
#6857 = ORIENTED_EDGE('',*,*,#2985,.T.);
#6858 = ORIENTED_EDGE('',*,*,#3016,.T.);
#6859 = ORIENTED_EDGE('',*,*,#3047,.T.);
#6860 = ORIENTED_EDGE('',*,*,#3078,.T.);
#6861 = ORIENTED_EDGE('',*,*,#3109,.T.);
#6862 = ORIENTED_EDGE('',*,*,#3140,.T.);
#6863 = ORIENTED_EDGE('',*,*,#3171,.T.);
#6864 = ORIENTED_EDGE('',*,*,#3202,.T.);
#6865 = ORIENTED_EDGE('',*,*,#3233,.T.);
#6866 = ORIENTED_EDGE('',*,*,#3264,.T.);
#6867 = ORIENTED_EDGE('',*,*,#3295,.T.);
#6868 = ORIENTED_EDGE('',*,*,#3326,.T.);
#6869 = ORIENTED_EDGE('',*,*,#3357,.T.);
#6870 = ORIENTED_EDGE('',*,*,#3388,.T.);
#6871 = ORIENTED_EDGE('',*,*,#3419,.T.);
#6872 = ORIENTED_EDGE('',*,*,#3450,.T.);
#6873 = ORIENTED_EDGE('',*,*,#3481,.T.);
#6874 = ORIENTED_EDGE('',*,*,#3512,.T.);
#6875 = ORIENTED_EDGE('',*,*,#3543,.T.);
#6876 = ORIENTED_EDGE('',*,*,#3574,.T.);
#6877 = ORIENTED_EDGE('',*,*,#3605,.T.);
#6878 = ORIENTED_EDGE('',*,*,#3636,.T.);
#6879 = ORIENTED_EDGE('',*,*,#3667,.T.);
#6880 = ORIENTED_EDGE('',*,*,#3698,.T.);
#6881 = ORIENTED_EDGE('',*,*,#3729,.T.);
#6882 = ORIENTED_EDGE('',*,*,#3760,.T.);
#6883 = ORIENTED_EDGE('',*,*,#3791,.T.);
#6884 = ORIENTED_EDGE('',*,*,#3822,.T.);
#6885 = ORIENTED_EDGE('',*,*,#3853,.T.);
#6886 = ORIENTED_EDGE('',*,*,#3884,.T.);
#6887 = ORIENTED_EDGE('',*,*,#3915,.T.);
#6888 = ORIENTED_EDGE('',*,*,#3946,.T.);
#6889 = ORIENTED_EDGE('',*,*,#3977,.T.);
#6890 = ORIENTED_EDGE('',*,*,#4009,.T.);
#6891 = ORIENTED_EDGE('',*,*,#4041,.T.);
#6892 = ORIENTED_EDGE('',*,*,#4072,.T.);
#6893 = ORIENTED_EDGE('',*,*,#4103,.T.);
#6894 = ORIENTED_EDGE('',*,*,#4135,.T.);
#6895 = ORIENTED_EDGE('',*,*,#4167,.T.);
#6896 = ORIENTED_EDGE('',*,*,#4198,.T.);
#6897 = ORIENTED_EDGE('',*,*,#4229,.T.);
#6898 = ORIENTED_EDGE('',*,*,#4260,.T.);
#6899 = ORIENTED_EDGE('',*,*,#4291,.T.);
#6900 = ORIENTED_EDGE('',*,*,#4322,.T.);
#6901 = ORIENTED_EDGE('',*,*,#4353,.T.);
#6902 = ORIENTED_EDGE('',*,*,#4384,.T.);
#6903 = ORIENTED_EDGE('',*,*,#4415,.T.);
#6904 = ORIENTED_EDGE('',*,*,#4447,.T.);
#6905 = ORIENTED_EDGE('',*,*,#4479,.T.);
#6906 = ORIENTED_EDGE('',*,*,#4510,.T.);
#6907 = ORIENTED_EDGE('',*,*,#4541,.T.);
#6908 = ORIENTED_EDGE('',*,*,#4563,.T.);
#6909 = FACE_BOUND('',#6910,.F.);
#6910 = EDGE_LOOP('',(#6911));
#6911 = ORIENTED_EDGE('',*,*,#4595,.T.);
#6912 = FACE_BOUND('',#6913,.F.);
#6913 = EDGE_LOOP('',(#6914,#6915,#6916,#6917,#6918,#6919,#6920,#6921,
    #6922,#6923,#6924,#6925));
#6914 = ORIENTED_EDGE('',*,*,#4636,.T.);
#6915 = ORIENTED_EDGE('',*,*,#4667,.T.);
#6916 = ORIENTED_EDGE('',*,*,#4698,.T.);
#6917 = ORIENTED_EDGE('',*,*,#4729,.T.);
#6918 = ORIENTED_EDGE('',*,*,#4761,.T.);
#6919 = ORIENTED_EDGE('',*,*,#4793,.T.);
#6920 = ORIENTED_EDGE('',*,*,#4824,.T.);
#6921 = ORIENTED_EDGE('',*,*,#4855,.T.);
#6922 = ORIENTED_EDGE('',*,*,#4886,.T.);
#6923 = ORIENTED_EDGE('',*,*,#4917,.T.);
#6924 = ORIENTED_EDGE('',*,*,#4949,.T.);
#6925 = ORIENTED_EDGE('',*,*,#4972,.T.);
#6926 = FACE_BOUND('',#6927,.F.);
#6927 = EDGE_LOOP('',(#6928));
#6928 = ORIENTED_EDGE('',*,*,#5004,.T.);
#6929 = FACE_BOUND('',#6930,.F.);
#6930 = EDGE_LOOP('',(#6931));
#6931 = ORIENTED_EDGE('',*,*,#5037,.T.);
#6932 = FACE_BOUND('',#6933,.F.);
#6933 = EDGE_LOOP('',(#6934));
#6934 = ORIENTED_EDGE('',*,*,#5070,.T.);
#6935 = FACE_BOUND('',#6936,.F.);
#6936 = EDGE_LOOP('',(#6937));
#6937 = ORIENTED_EDGE('',*,*,#5103,.T.);
#6938 = FACE_BOUND('',#6939,.F.);
#6939 = EDGE_LOOP('',(#6940));
#6940 = ORIENTED_EDGE('',*,*,#5136,.T.);
#6941 = FACE_BOUND('',#6942,.F.);
#6942 = EDGE_LOOP('',(#6943,#6944,#6945,#6946,#6947,#6948,#6949,#6950,
    #6951,#6952,#6953));
#6943 = ORIENTED_EDGE('',*,*,#5178,.T.);
#6944 = ORIENTED_EDGE('',*,*,#5210,.T.);
#6945 = ORIENTED_EDGE('',*,*,#5241,.T.);
#6946 = ORIENTED_EDGE('',*,*,#5272,.T.);
#6947 = ORIENTED_EDGE('',*,*,#5303,.T.);
#6948 = ORIENTED_EDGE('',*,*,#5335,.T.);
#6949 = ORIENTED_EDGE('',*,*,#5367,.T.);
#6950 = ORIENTED_EDGE('',*,*,#5398,.T.);
#6951 = ORIENTED_EDGE('',*,*,#5429,.T.);
#6952 = ORIENTED_EDGE('',*,*,#5460,.T.);
#6953 = ORIENTED_EDGE('',*,*,#5482,.T.);
#6954 = FACE_BOUND('',#6955,.F.);
#6955 = EDGE_LOOP('',(#6956,#6957,#6958,#6959,#6960,#6961,#6962));
#6956 = ORIENTED_EDGE('',*,*,#5522,.T.);
#6957 = ORIENTED_EDGE('',*,*,#5553,.T.);
#6958 = ORIENTED_EDGE('',*,*,#5584,.T.);
#6959 = ORIENTED_EDGE('',*,*,#5615,.T.);
#6960 = ORIENTED_EDGE('',*,*,#5646,.T.);
#6961 = ORIENTED_EDGE('',*,*,#5678,.T.);
#6962 = ORIENTED_EDGE('',*,*,#5701,.T.);
#6963 = FACE_BOUND('',#6964,.F.);
#6964 = EDGE_LOOP('',(#6965));
#6965 = ORIENTED_EDGE('',*,*,#5733,.T.);
#6966 = FACE_BOUND('',#6967,.F.);
#6967 = EDGE_LOOP('',(#6968,#6969,#6970,#6971,#6972,#6973,#6974,#6975,
    #6976,#6977,#6978));
#6968 = ORIENTED_EDGE('',*,*,#5774,.T.);
#6969 = ORIENTED_EDGE('',*,*,#5805,.T.);
#6970 = ORIENTED_EDGE('',*,*,#5836,.T.);
#6971 = ORIENTED_EDGE('',*,*,#5868,.T.);
#6972 = ORIENTED_EDGE('',*,*,#5900,.T.);
#6973 = ORIENTED_EDGE('',*,*,#5931,.T.);
#6974 = ORIENTED_EDGE('',*,*,#5962,.T.);
#6975 = ORIENTED_EDGE('',*,*,#5993,.T.);
#6976 = ORIENTED_EDGE('',*,*,#6025,.T.);
#6977 = ORIENTED_EDGE('',*,*,#6057,.T.);
#6978 = ORIENTED_EDGE('',*,*,#6079,.T.);
#6979 = FACE_BOUND('',#6980,.F.);
#6980 = EDGE_LOOP('',(#6981,#6982,#6983,#6984,#6985,#6986,#6987));
#6981 = ORIENTED_EDGE('',*,*,#6120,.T.);
#6982 = ORIENTED_EDGE('',*,*,#6152,.T.);
#6983 = ORIENTED_EDGE('',*,*,#6183,.T.);
#6984 = ORIENTED_EDGE('',*,*,#6214,.T.);
#6985 = ORIENTED_EDGE('',*,*,#6245,.T.);
#6986 = ORIENTED_EDGE('',*,*,#6276,.T.);
#6987 = ORIENTED_EDGE('',*,*,#6298,.T.);
#6988 = FACE_BOUND('',#6989,.F.);
#6989 = EDGE_LOOP('',(#6990,#6991,#6992,#6993,#6994,#6995,#6996));
#6990 = ORIENTED_EDGE('',*,*,#6338,.T.);
#6991 = ORIENTED_EDGE('',*,*,#6369,.T.);
#6992 = ORIENTED_EDGE('',*,*,#6400,.T.);
#6993 = ORIENTED_EDGE('',*,*,#6431,.T.);
#6994 = ORIENTED_EDGE('',*,*,#6463,.T.);
#6995 = ORIENTED_EDGE('',*,*,#6495,.T.);
#6996 = ORIENTED_EDGE('',*,*,#6517,.T.);
#6997 = FACE_BOUND('',#6998,.F.);
#6998 = EDGE_LOOP('',(#6999,#7000,#7001,#7002,#7003,#7004,#7005));
#6999 = ORIENTED_EDGE('',*,*,#6557,.T.);
#7000 = ORIENTED_EDGE('',*,*,#6588,.T.);
#7001 = ORIENTED_EDGE('',*,*,#6619,.T.);
#7002 = ORIENTED_EDGE('',*,*,#6650,.T.);
#7003 = ORIENTED_EDGE('',*,*,#6681,.T.);
#7004 = ORIENTED_EDGE('',*,*,#6713,.T.);
#7005 = ORIENTED_EDGE('',*,*,#6736,.T.);
#7006 = FACE_BOUND('',#7007,.F.);
#7007 = EDGE_LOOP('',(#7008));
#7008 = ORIENTED_EDGE('',*,*,#6768,.T.);
#7009 = FACE_BOUND('',#7010,.F.);
#7010 = EDGE_LOOP('',(#7011));
#7011 = ORIENTED_EDGE('',*,*,#6801,.T.);
#7012 = FACE_BOUND('',#7013,.F.);
#7013 = EDGE_LOOP('',(#7014));
#7014 = ORIENTED_EDGE('',*,*,#6834,.T.);
#7015 = PLANE('',#7016);
#7016 = AXIS2_PLACEMENT_3D('',#7017,#7018,#7019);
#7017 = CARTESIAN_POINT('',(0.,0.,0.));
#7018 = DIRECTION('',(-0.,-0.,-1.));
#7019 = DIRECTION('',(-1.,0.,0.));
#7020 = ADVANCED_FACE('',(#7021,#7084,#7087,#7101,#7104,#7107,#7110,
    #7113,#7116,#7129,#7138,#7141,#7154,#7163,#7172,#7181,#7184,#7187),
  #7190,.T.);
#7021 = FACE_BOUND('',#7022,.T.);
#7022 = EDGE_LOOP('',(#7023,#7024,#7025,#7026,#7027,#7028,#7029,#7030,
    #7031,#7032,#7033,#7034,#7035,#7036,#7037,#7038,#7039,#7040,#7041,
    #7042,#7043,#7044,#7045,#7046,#7047,#7048,#7049,#7050,#7051,#7052,
    #7053,#7054,#7055,#7056,#7057,#7058,#7059,#7060,#7061,#7062,#7063,
    #7064,#7065,#7066,#7067,#7068,#7069,#7070,#7071,#7072,#7073,#7074,
    #7075,#7076,#7077,#7078,#7079,#7080,#7081,#7082,#7083));
#7023 = ORIENTED_EDGE('',*,*,#2688,.T.);
#7024 = ORIENTED_EDGE('',*,*,#2721,.T.);
#7025 = ORIENTED_EDGE('',*,*,#2752,.T.);
#7026 = ORIENTED_EDGE('',*,*,#2783,.T.);
#7027 = ORIENTED_EDGE('',*,*,#2814,.T.);
#7028 = ORIENTED_EDGE('',*,*,#2845,.T.);
#7029 = ORIENTED_EDGE('',*,*,#2876,.T.);
#7030 = ORIENTED_EDGE('',*,*,#2907,.T.);
#7031 = ORIENTED_EDGE('',*,*,#2938,.T.);
#7032 = ORIENTED_EDGE('',*,*,#2969,.T.);
#7033 = ORIENTED_EDGE('',*,*,#3000,.T.);
#7034 = ORIENTED_EDGE('',*,*,#3031,.T.);
#7035 = ORIENTED_EDGE('',*,*,#3062,.T.);
#7036 = ORIENTED_EDGE('',*,*,#3093,.T.);
#7037 = ORIENTED_EDGE('',*,*,#3124,.T.);
#7038 = ORIENTED_EDGE('',*,*,#3155,.T.);
#7039 = ORIENTED_EDGE('',*,*,#3186,.T.);
#7040 = ORIENTED_EDGE('',*,*,#3217,.T.);
#7041 = ORIENTED_EDGE('',*,*,#3248,.T.);
#7042 = ORIENTED_EDGE('',*,*,#3279,.T.);
#7043 = ORIENTED_EDGE('',*,*,#3310,.T.);
#7044 = ORIENTED_EDGE('',*,*,#3341,.T.);
#7045 = ORIENTED_EDGE('',*,*,#3372,.T.);
#7046 = ORIENTED_EDGE('',*,*,#3403,.T.);
#7047 = ORIENTED_EDGE('',*,*,#3434,.T.);
#7048 = ORIENTED_EDGE('',*,*,#3465,.T.);
#7049 = ORIENTED_EDGE('',*,*,#3496,.T.);
#7050 = ORIENTED_EDGE('',*,*,#3527,.T.);
#7051 = ORIENTED_EDGE('',*,*,#3558,.T.);
#7052 = ORIENTED_EDGE('',*,*,#3589,.T.);
#7053 = ORIENTED_EDGE('',*,*,#3620,.T.);
#7054 = ORIENTED_EDGE('',*,*,#3651,.T.);
#7055 = ORIENTED_EDGE('',*,*,#3682,.T.);
#7056 = ORIENTED_EDGE('',*,*,#3713,.T.);
#7057 = ORIENTED_EDGE('',*,*,#3744,.T.);
#7058 = ORIENTED_EDGE('',*,*,#3775,.T.);
#7059 = ORIENTED_EDGE('',*,*,#3806,.T.);
#7060 = ORIENTED_EDGE('',*,*,#3837,.T.);
#7061 = ORIENTED_EDGE('',*,*,#3868,.T.);
#7062 = ORIENTED_EDGE('',*,*,#3899,.T.);
#7063 = ORIENTED_EDGE('',*,*,#3930,.T.);
#7064 = ORIENTED_EDGE('',*,*,#3961,.T.);
#7065 = ORIENTED_EDGE('',*,*,#3992,.T.);
#7066 = ORIENTED_EDGE('',*,*,#4025,.T.);
#7067 = ORIENTED_EDGE('',*,*,#4056,.T.);
#7068 = ORIENTED_EDGE('',*,*,#4087,.T.);
#7069 = ORIENTED_EDGE('',*,*,#4118,.T.);
#7070 = ORIENTED_EDGE('',*,*,#4151,.T.);
#7071 = ORIENTED_EDGE('',*,*,#4182,.T.);
#7072 = ORIENTED_EDGE('',*,*,#4213,.T.);
#7073 = ORIENTED_EDGE('',*,*,#4244,.T.);
#7074 = ORIENTED_EDGE('',*,*,#4275,.T.);
#7075 = ORIENTED_EDGE('',*,*,#4306,.T.);
#7076 = ORIENTED_EDGE('',*,*,#4337,.T.);
#7077 = ORIENTED_EDGE('',*,*,#4368,.T.);
#7078 = ORIENTED_EDGE('',*,*,#4399,.T.);
#7079 = ORIENTED_EDGE('',*,*,#4430,.T.);
#7080 = ORIENTED_EDGE('',*,*,#4463,.T.);
#7081 = ORIENTED_EDGE('',*,*,#4494,.T.);
#7082 = ORIENTED_EDGE('',*,*,#4525,.T.);
#7083 = ORIENTED_EDGE('',*,*,#4556,.T.);
#7084 = FACE_BOUND('',#7085,.T.);
#7085 = EDGE_LOOP('',(#7086));
#7086 = ORIENTED_EDGE('',*,*,#4587,.T.);
#7087 = FACE_BOUND('',#7088,.T.);
#7088 = EDGE_LOOP('',(#7089,#7090,#7091,#7092,#7093,#7094,#7095,#7096,
    #7097,#7098,#7099,#7100));
#7089 = ORIENTED_EDGE('',*,*,#4620,.T.);
#7090 = ORIENTED_EDGE('',*,*,#4651,.T.);
#7091 = ORIENTED_EDGE('',*,*,#4682,.T.);
#7092 = ORIENTED_EDGE('',*,*,#4713,.T.);
#7093 = ORIENTED_EDGE('',*,*,#4744,.T.);
#7094 = ORIENTED_EDGE('',*,*,#4777,.T.);
#7095 = ORIENTED_EDGE('',*,*,#4808,.T.);
#7096 = ORIENTED_EDGE('',*,*,#4839,.T.);
#7097 = ORIENTED_EDGE('',*,*,#4870,.T.);
#7098 = ORIENTED_EDGE('',*,*,#4901,.T.);
#7099 = ORIENTED_EDGE('',*,*,#4932,.T.);
#7100 = ORIENTED_EDGE('',*,*,#4965,.T.);
#7101 = FACE_BOUND('',#7102,.T.);
#7102 = EDGE_LOOP('',(#7103));
#7103 = ORIENTED_EDGE('',*,*,#4996,.T.);
#7104 = FACE_BOUND('',#7105,.T.);
#7105 = EDGE_LOOP('',(#7106));
#7106 = ORIENTED_EDGE('',*,*,#5029,.T.);
#7107 = FACE_BOUND('',#7108,.T.);
#7108 = EDGE_LOOP('',(#7109));
#7109 = ORIENTED_EDGE('',*,*,#5062,.T.);
#7110 = FACE_BOUND('',#7111,.T.);
#7111 = EDGE_LOOP('',(#7112));
#7112 = ORIENTED_EDGE('',*,*,#5095,.T.);
#7113 = FACE_BOUND('',#7114,.T.);
#7114 = EDGE_LOOP('',(#7115));
#7115 = ORIENTED_EDGE('',*,*,#5128,.T.);
#7116 = FACE_BOUND('',#7117,.T.);
#7117 = EDGE_LOOP('',(#7118,#7119,#7120,#7121,#7122,#7123,#7124,#7125,
    #7126,#7127,#7128));
#7118 = ORIENTED_EDGE('',*,*,#5161,.T.);
#7119 = ORIENTED_EDGE('',*,*,#5194,.T.);
#7120 = ORIENTED_EDGE('',*,*,#5225,.T.);
#7121 = ORIENTED_EDGE('',*,*,#5256,.T.);
#7122 = ORIENTED_EDGE('',*,*,#5287,.T.);
#7123 = ORIENTED_EDGE('',*,*,#5318,.T.);
#7124 = ORIENTED_EDGE('',*,*,#5351,.T.);
#7125 = ORIENTED_EDGE('',*,*,#5382,.T.);
#7126 = ORIENTED_EDGE('',*,*,#5413,.T.);
#7127 = ORIENTED_EDGE('',*,*,#5444,.T.);
#7128 = ORIENTED_EDGE('',*,*,#5475,.T.);
#7129 = FACE_BOUND('',#7130,.T.);
#7130 = EDGE_LOOP('',(#7131,#7132,#7133,#7134,#7135,#7136,#7137));
#7131 = ORIENTED_EDGE('',*,*,#5506,.T.);
#7132 = ORIENTED_EDGE('',*,*,#5537,.T.);
#7133 = ORIENTED_EDGE('',*,*,#5568,.T.);
#7134 = ORIENTED_EDGE('',*,*,#5599,.T.);
#7135 = ORIENTED_EDGE('',*,*,#5630,.T.);
#7136 = ORIENTED_EDGE('',*,*,#5661,.T.);
#7137 = ORIENTED_EDGE('',*,*,#5694,.T.);
#7138 = FACE_BOUND('',#7139,.T.);
#7139 = EDGE_LOOP('',(#7140));
#7140 = ORIENTED_EDGE('',*,*,#5725,.T.);
#7141 = FACE_BOUND('',#7142,.T.);
#7142 = EDGE_LOOP('',(#7143,#7144,#7145,#7146,#7147,#7148,#7149,#7150,
    #7151,#7152,#7153));
#7143 = ORIENTED_EDGE('',*,*,#5758,.T.);
#7144 = ORIENTED_EDGE('',*,*,#5789,.T.);
#7145 = ORIENTED_EDGE('',*,*,#5820,.T.);
#7146 = ORIENTED_EDGE('',*,*,#5851,.T.);
#7147 = ORIENTED_EDGE('',*,*,#5884,.T.);
#7148 = ORIENTED_EDGE('',*,*,#5915,.T.);
#7149 = ORIENTED_EDGE('',*,*,#5946,.T.);
#7150 = ORIENTED_EDGE('',*,*,#5977,.T.);
#7151 = ORIENTED_EDGE('',*,*,#6008,.T.);
#7152 = ORIENTED_EDGE('',*,*,#6041,.T.);
#7153 = ORIENTED_EDGE('',*,*,#6072,.T.);
#7154 = FACE_BOUND('',#7155,.T.);
#7155 = EDGE_LOOP('',(#7156,#7157,#7158,#7159,#7160,#7161,#7162));
#7156 = ORIENTED_EDGE('',*,*,#6103,.T.);
#7157 = ORIENTED_EDGE('',*,*,#6136,.T.);
#7158 = ORIENTED_EDGE('',*,*,#6167,.T.);
#7159 = ORIENTED_EDGE('',*,*,#6198,.T.);
#7160 = ORIENTED_EDGE('',*,*,#6229,.T.);
#7161 = ORIENTED_EDGE('',*,*,#6260,.T.);
#7162 = ORIENTED_EDGE('',*,*,#6291,.T.);
#7163 = FACE_BOUND('',#7164,.T.);
#7164 = EDGE_LOOP('',(#7165,#7166,#7167,#7168,#7169,#7170,#7171));
#7165 = ORIENTED_EDGE('',*,*,#6322,.T.);
#7166 = ORIENTED_EDGE('',*,*,#6353,.T.);
#7167 = ORIENTED_EDGE('',*,*,#6384,.T.);
#7168 = ORIENTED_EDGE('',*,*,#6415,.T.);
#7169 = ORIENTED_EDGE('',*,*,#6446,.T.);
#7170 = ORIENTED_EDGE('',*,*,#6479,.T.);
#7171 = ORIENTED_EDGE('',*,*,#6510,.T.);
#7172 = FACE_BOUND('',#7173,.T.);
#7173 = EDGE_LOOP('',(#7174,#7175,#7176,#7177,#7178,#7179,#7180));
#7174 = ORIENTED_EDGE('',*,*,#6541,.T.);
#7175 = ORIENTED_EDGE('',*,*,#6572,.T.);
#7176 = ORIENTED_EDGE('',*,*,#6603,.T.);
#7177 = ORIENTED_EDGE('',*,*,#6634,.T.);
#7178 = ORIENTED_EDGE('',*,*,#6665,.T.);
#7179 = ORIENTED_EDGE('',*,*,#6696,.T.);
#7180 = ORIENTED_EDGE('',*,*,#6729,.T.);
#7181 = FACE_BOUND('',#7182,.T.);
#7182 = EDGE_LOOP('',(#7183));
#7183 = ORIENTED_EDGE('',*,*,#6760,.T.);
#7184 = FACE_BOUND('',#7185,.T.);
#7185 = EDGE_LOOP('',(#7186));
#7186 = ORIENTED_EDGE('',*,*,#6793,.T.);
#7187 = FACE_BOUND('',#7188,.T.);
#7188 = EDGE_LOOP('',(#7189));
#7189 = ORIENTED_EDGE('',*,*,#6826,.T.);
#7190 = PLANE('',#7191);
#7191 = AXIS2_PLACEMENT_3D('',#7192,#7193,#7194);
#7192 = CARTESIAN_POINT('',(0.,0.,-3.5E-02));
#7193 = DIRECTION('',(-0.,-0.,-1.));
#7194 = DIRECTION('',(-1.,0.,0.));
#7195 = MANIFOLD_SOLID_BREP('',#7196);
#7196 = CLOSED_SHELL('',(#7197,#7239,#7270,#7303,#7334,#7365,#7398,#7420
    ,#7435));
#7197 = ADVANCED_FACE('',(#7198),#7234,.T.);
#7198 = FACE_BOUND('',#7199,.T.);
#7199 = EDGE_LOOP('',(#7200,#7210,#7219,#7227));
#7200 = ORIENTED_EDGE('',*,*,#7201,.T.);
#7201 = EDGE_CURVE('',#7202,#7204,#7206,.T.);
#7202 = VERTEX_POINT('',#7203);
#7203 = CARTESIAN_POINT('',(101.071921,-89.980491,0.71));
#7204 = VERTEX_POINT('',#7205);
#7205 = CARTESIAN_POINT('',(101.071921,-89.980491,0.745));
#7206 = LINE('',#7207,#7208);
#7207 = CARTESIAN_POINT('',(101.071921,-89.980491,0.71));
#7208 = VECTOR('',#7209,1.);
#7209 = DIRECTION('',(0.,0.,1.));
#7210 = ORIENTED_EDGE('',*,*,#7211,.T.);
#7211 = EDGE_CURVE('',#7204,#7212,#7214,.T.);
#7212 = VERTEX_POINT('',#7213);
#7213 = CARTESIAN_POINT('',(101.150491,-89.901921,0.745));
#7214 = CIRCLE('',#7215,0.100002891901);
#7215 = AXIS2_PLACEMENT_3D('',#7216,#7217,#7218);
#7216 = CARTESIAN_POINT('',(101.17000207103,-90.00000207103,0.745));
#7217 = DIRECTION('',(0.,0.,-1.));
#7218 = DIRECTION('',(-0.980782347106,0.195105068116,0.));
#7219 = ORIENTED_EDGE('',*,*,#7220,.F.);
#7220 = EDGE_CURVE('',#7221,#7212,#7223,.T.);
#7221 = VERTEX_POINT('',#7222);
#7222 = CARTESIAN_POINT('',(101.150491,-89.901921,0.71));
#7223 = LINE('',#7224,#7225);
#7224 = CARTESIAN_POINT('',(101.150491,-89.901921,0.71));
#7225 = VECTOR('',#7226,1.);
#7226 = DIRECTION('',(0.,0.,1.));
#7227 = ORIENTED_EDGE('',*,*,#7228,.F.);
#7228 = EDGE_CURVE('',#7202,#7221,#7229,.T.);
#7229 = CIRCLE('',#7230,0.100002891901);
#7230 = AXIS2_PLACEMENT_3D('',#7231,#7232,#7233);
#7231 = CARTESIAN_POINT('',(101.17000207103,-90.00000207103,0.71));
#7232 = DIRECTION('',(0.,0.,-1.));
#7233 = DIRECTION('',(-0.980782347106,0.195105068116,0.));
#7234 = CYLINDRICAL_SURFACE('',#7235,0.100002891901);
#7235 = AXIS2_PLACEMENT_3D('',#7236,#7237,#7238);
#7236 = CARTESIAN_POINT('',(101.17000207103,-90.00000207103,0.71));
#7237 = DIRECTION('',(0.,0.,-1.));
#7238 = DIRECTION('',(-0.980782347106,0.195105068116,0.));
#7239 = ADVANCED_FACE('',(#7240),#7265,.T.);
#7240 = FACE_BOUND('',#7241,.T.);
#7241 = EDGE_LOOP('',(#7242,#7243,#7251,#7259));
#7242 = ORIENTED_EDGE('',*,*,#7220,.T.);
#7243 = ORIENTED_EDGE('',*,*,#7244,.T.);
#7244 = EDGE_CURVE('',#7212,#7245,#7247,.T.);
#7245 = VERTEX_POINT('',#7246);
#7246 = CARTESIAN_POINT('',(110.519509,-89.901921,0.745));
#7247 = LINE('',#7248,#7249);
#7248 = CARTESIAN_POINT('',(101.150491,-89.901921,0.745));
#7249 = VECTOR('',#7250,1.);
#7250 = DIRECTION('',(1.,0.,0.));
#7251 = ORIENTED_EDGE('',*,*,#7252,.F.);
#7252 = EDGE_CURVE('',#7253,#7245,#7255,.T.);
#7253 = VERTEX_POINT('',#7254);
#7254 = CARTESIAN_POINT('',(110.519509,-89.901921,0.71));
#7255 = LINE('',#7256,#7257);
#7256 = CARTESIAN_POINT('',(110.519509,-89.901921,0.71));
#7257 = VECTOR('',#7258,1.);
#7258 = DIRECTION('',(0.,0.,1.));
#7259 = ORIENTED_EDGE('',*,*,#7260,.F.);
#7260 = EDGE_CURVE('',#7221,#7253,#7261,.T.);
#7261 = LINE('',#7262,#7263);
#7262 = CARTESIAN_POINT('',(101.150491,-89.901921,0.71));
#7263 = VECTOR('',#7264,1.);
#7264 = DIRECTION('',(1.,0.,0.));
#7265 = PLANE('',#7266);
#7266 = AXIS2_PLACEMENT_3D('',#7267,#7268,#7269);
#7267 = CARTESIAN_POINT('',(101.150491,-89.901921,0.71));
#7268 = DIRECTION('',(0.,1.,0.));
#7269 = DIRECTION('',(1.,0.,0.));
#7270 = ADVANCED_FACE('',(#7271),#7298,.T.);
#7271 = FACE_BOUND('',#7272,.T.);
#7272 = EDGE_LOOP('',(#7273,#7274,#7283,#7291));
#7273 = ORIENTED_EDGE('',*,*,#7252,.T.);
#7274 = ORIENTED_EDGE('',*,*,#7275,.T.);
#7275 = EDGE_CURVE('',#7245,#7276,#7278,.T.);
#7276 = VERTEX_POINT('',#7277);
#7277 = CARTESIAN_POINT('',(110.519509,-90.098079,0.745));
#7278 = CIRCLE('',#7279,0.100000456609);
#7279 = AXIS2_PLACEMENT_3D('',#7280,#7281,#7282);
#7280 = CARTESIAN_POINT('',(110.5,-90.,0.745));
#7281 = DIRECTION('',(0.,0.,-1.));
#7282 = DIRECTION('',(0.195089109206,0.980785521645,0.));
#7283 = ORIENTED_EDGE('',*,*,#7284,.F.);
#7284 = EDGE_CURVE('',#7285,#7276,#7287,.T.);
#7285 = VERTEX_POINT('',#7286);
#7286 = CARTESIAN_POINT('',(110.519509,-90.098079,0.71));
#7287 = LINE('',#7288,#7289);
#7288 = CARTESIAN_POINT('',(110.519509,-90.098079,0.71));
#7289 = VECTOR('',#7290,1.);
#7290 = DIRECTION('',(0.,0.,1.));
#7291 = ORIENTED_EDGE('',*,*,#7292,.F.);
#7292 = EDGE_CURVE('',#7253,#7285,#7293,.T.);
#7293 = CIRCLE('',#7294,0.100000456609);
#7294 = AXIS2_PLACEMENT_3D('',#7295,#7296,#7297);
#7295 = CARTESIAN_POINT('',(110.5,-90.,0.71));
#7296 = DIRECTION('',(0.,0.,-1.));
#7297 = DIRECTION('',(0.195089109206,0.980785521645,0.));
#7298 = CYLINDRICAL_SURFACE('',#7299,0.100000456609);
#7299 = AXIS2_PLACEMENT_3D('',#7300,#7301,#7302);
#7300 = CARTESIAN_POINT('',(110.5,-90.,0.71));
#7301 = DIRECTION('',(0.,0.,-1.));
#7302 = DIRECTION('',(0.195089109206,0.980785521645,0.));
#7303 = ADVANCED_FACE('',(#7304),#7329,.T.);
#7304 = FACE_BOUND('',#7305,.T.);
#7305 = EDGE_LOOP('',(#7306,#7307,#7315,#7323));
#7306 = ORIENTED_EDGE('',*,*,#7284,.T.);
#7307 = ORIENTED_EDGE('',*,*,#7308,.T.);
#7308 = EDGE_CURVE('',#7276,#7309,#7311,.T.);
#7309 = VERTEX_POINT('',#7310);
#7310 = CARTESIAN_POINT('',(101.27,-90.1,0.745));
#7311 = LINE('',#7312,#7313);
#7312 = CARTESIAN_POINT('',(110.519509,-90.098079,0.745));
#7313 = VECTOR('',#7314,1.);
#7314 = DIRECTION('',(-0.999999978433,-2.076866954306E-04,0.));
#7315 = ORIENTED_EDGE('',*,*,#7316,.F.);
#7316 = EDGE_CURVE('',#7317,#7309,#7319,.T.);
#7317 = VERTEX_POINT('',#7318);
#7318 = CARTESIAN_POINT('',(101.27,-90.1,0.71));
#7319 = LINE('',#7320,#7321);
#7320 = CARTESIAN_POINT('',(101.27,-90.1,0.71));
#7321 = VECTOR('',#7322,1.);
#7322 = DIRECTION('',(0.,0.,1.));
#7323 = ORIENTED_EDGE('',*,*,#7324,.F.);
#7324 = EDGE_CURVE('',#7285,#7317,#7325,.T.);
#7325 = LINE('',#7326,#7327);
#7326 = CARTESIAN_POINT('',(110.519509,-90.098079,0.71));
#7327 = VECTOR('',#7328,1.);
#7328 = DIRECTION('',(-0.999999978433,-2.076866954306E-04,0.));
#7329 = PLANE('',#7330);
#7330 = AXIS2_PLACEMENT_3D('',#7331,#7332,#7333);
#7331 = CARTESIAN_POINT('',(110.519509,-90.098079,0.71));
#7332 = DIRECTION('',(2.076866954306E-04,-0.999999978433,0.));
#7333 = DIRECTION('',(-0.999999978433,-2.076866954306E-04,0.));
#7334 = ADVANCED_FACE('',(#7335),#7360,.T.);
#7335 = FACE_BOUND('',#7336,.T.);
#7336 = EDGE_LOOP('',(#7337,#7338,#7346,#7354));
#7337 = ORIENTED_EDGE('',*,*,#7316,.T.);
#7338 = ORIENTED_EDGE('',*,*,#7339,.T.);
#7339 = EDGE_CURVE('',#7309,#7340,#7342,.T.);
#7340 = VERTEX_POINT('',#7341);
#7341 = CARTESIAN_POINT('',(101.268079,-91.269509,0.745));
#7342 = LINE('',#7343,#7344);
#7343 = CARTESIAN_POINT('',(101.27,-90.1,0.745));
#7344 = VECTOR('',#7345,1.);
#7345 = DIRECTION('',(-1.642567443721E-03,-0.999998650985,0.));
#7346 = ORIENTED_EDGE('',*,*,#7347,.F.);
#7347 = EDGE_CURVE('',#7348,#7340,#7350,.T.);
#7348 = VERTEX_POINT('',#7349);
#7349 = CARTESIAN_POINT('',(101.268079,-91.269509,0.71));
#7350 = LINE('',#7351,#7352);
#7351 = CARTESIAN_POINT('',(101.268079,-91.269509,0.71));
#7352 = VECTOR('',#7353,1.);
#7353 = DIRECTION('',(0.,0.,1.));
#7354 = ORIENTED_EDGE('',*,*,#7355,.F.);
#7355 = EDGE_CURVE('',#7317,#7348,#7356,.T.);
#7356 = LINE('',#7357,#7358);
#7357 = CARTESIAN_POINT('',(101.27,-90.1,0.71));
#7358 = VECTOR('',#7359,1.);
#7359 = DIRECTION('',(-1.642567443721E-03,-0.999998650985,0.));
#7360 = PLANE('',#7361);
#7361 = AXIS2_PLACEMENT_3D('',#7362,#7363,#7364);
#7362 = CARTESIAN_POINT('',(101.27,-90.1,0.71));
#7363 = DIRECTION('',(0.999998650985,-1.642567443721E-03,0.));
#7364 = DIRECTION('',(-1.642567443721E-03,-0.999998650985,0.));
#7365 = ADVANCED_FACE('',(#7366),#7393,.T.);
#7366 = FACE_BOUND('',#7367,.T.);
#7367 = EDGE_LOOP('',(#7368,#7369,#7378,#7386));
#7368 = ORIENTED_EDGE('',*,*,#7347,.T.);
#7369 = ORIENTED_EDGE('',*,*,#7370,.T.);
#7370 = EDGE_CURVE('',#7340,#7371,#7373,.T.);
#7371 = VERTEX_POINT('',#7372);
#7372 = CARTESIAN_POINT('',(101.071921,-91.269509,0.745));
#7373 = CIRCLE('',#7374,0.100000456609);
#7374 = AXIS2_PLACEMENT_3D('',#7375,#7376,#7377);
#7375 = CARTESIAN_POINT('',(101.17,-91.25,0.745));
#7376 = DIRECTION('',(-0.,0.,-1.));
#7377 = DIRECTION('',(0.980785521645,-0.195089109206,-0.));
#7378 = ORIENTED_EDGE('',*,*,#7379,.F.);
#7379 = EDGE_CURVE('',#7380,#7371,#7382,.T.);
#7380 = VERTEX_POINT('',#7381);
#7381 = CARTESIAN_POINT('',(101.071921,-91.269509,0.71));
#7382 = LINE('',#7383,#7384);
#7383 = CARTESIAN_POINT('',(101.071921,-91.269509,0.71));
#7384 = VECTOR('',#7385,1.);
#7385 = DIRECTION('',(0.,0.,1.));
#7386 = ORIENTED_EDGE('',*,*,#7387,.F.);
#7387 = EDGE_CURVE('',#7348,#7380,#7388,.T.);
#7388 = CIRCLE('',#7389,0.100000456609);
#7389 = AXIS2_PLACEMENT_3D('',#7390,#7391,#7392);
#7390 = CARTESIAN_POINT('',(101.17,-91.25,0.71));
#7391 = DIRECTION('',(-0.,0.,-1.));
#7392 = DIRECTION('',(0.980785521645,-0.195089109206,-0.));
#7393 = CYLINDRICAL_SURFACE('',#7394,0.100000456609);
#7394 = AXIS2_PLACEMENT_3D('',#7395,#7396,#7397);
#7395 = CARTESIAN_POINT('',(101.17,-91.25,0.71));
#7396 = DIRECTION('',(-0.,0.,-1.));
#7397 = DIRECTION('',(0.980785521645,-0.195089109206,-0.));
#7398 = ADVANCED_FACE('',(#7399),#7415,.T.);
#7399 = FACE_BOUND('',#7400,.T.);
#7400 = EDGE_LOOP('',(#7401,#7402,#7408,#7409));
#7401 = ORIENTED_EDGE('',*,*,#7379,.T.);
#7402 = ORIENTED_EDGE('',*,*,#7403,.T.);
#7403 = EDGE_CURVE('',#7371,#7204,#7404,.T.);
#7404 = LINE('',#7405,#7406);
#7405 = CARTESIAN_POINT('',(101.071921,-91.269509,0.745));
#7406 = VECTOR('',#7407,1.);
#7407 = DIRECTION('',(0.,1.,0.));
#7408 = ORIENTED_EDGE('',*,*,#7201,.F.);
#7409 = ORIENTED_EDGE('',*,*,#7410,.F.);
#7410 = EDGE_CURVE('',#7380,#7202,#7411,.T.);
#7411 = LINE('',#7412,#7413);
#7412 = CARTESIAN_POINT('',(101.071921,-91.269509,0.71));
#7413 = VECTOR('',#7414,1.);
#7414 = DIRECTION('',(0.,1.,0.));
#7415 = PLANE('',#7416);
#7416 = AXIS2_PLACEMENT_3D('',#7417,#7418,#7419);
#7417 = CARTESIAN_POINT('',(101.071921,-91.269509,0.71));
#7418 = DIRECTION('',(-1.,0.,0.));
#7419 = DIRECTION('',(0.,1.,0.));
#7420 = ADVANCED_FACE('',(#7421),#7430,.F.);
#7421 = FACE_BOUND('',#7422,.T.);
#7422 = EDGE_LOOP('',(#7423,#7424,#7425,#7426,#7427,#7428,#7429));
#7423 = ORIENTED_EDGE('',*,*,#7228,.T.);
#7424 = ORIENTED_EDGE('',*,*,#7260,.T.);
#7425 = ORIENTED_EDGE('',*,*,#7292,.T.);
#7426 = ORIENTED_EDGE('',*,*,#7324,.T.);
#7427 = ORIENTED_EDGE('',*,*,#7355,.T.);
#7428 = ORIENTED_EDGE('',*,*,#7387,.T.);
#7429 = ORIENTED_EDGE('',*,*,#7410,.T.);
#7430 = PLANE('',#7431);
#7431 = AXIS2_PLACEMENT_3D('',#7432,#7433,#7434);
#7432 = CARTESIAN_POINT('',(0.,0.,0.71));
#7433 = DIRECTION('',(0.,0.,1.));
#7434 = DIRECTION('',(1.,0.,-0.));
#7435 = ADVANCED_FACE('',(#7436),#7445,.T.);
#7436 = FACE_BOUND('',#7437,.F.);
#7437 = EDGE_LOOP('',(#7438,#7439,#7440,#7441,#7442,#7443,#7444));
#7438 = ORIENTED_EDGE('',*,*,#7211,.T.);
#7439 = ORIENTED_EDGE('',*,*,#7244,.T.);
#7440 = ORIENTED_EDGE('',*,*,#7275,.T.);
#7441 = ORIENTED_EDGE('',*,*,#7308,.T.);
#7442 = ORIENTED_EDGE('',*,*,#7339,.T.);
#7443 = ORIENTED_EDGE('',*,*,#7370,.T.);
#7444 = ORIENTED_EDGE('',*,*,#7403,.T.);
#7445 = PLANE('',#7446);
#7446 = AXIS2_PLACEMENT_3D('',#7447,#7448,#7449);
#7447 = CARTESIAN_POINT('',(0.,0.,0.745));
#7448 = DIRECTION('',(0.,0.,1.));
#7449 = DIRECTION('',(1.,0.,-0.));
#7450 = MANIFOLD_SOLID_BREP('',#7451);
#7451 = CLOSED_SHELL('',(#7452,#7494,#7525,#7558,#7589,#7620,#7653,#7675
    ,#7690));
#7452 = ADVANCED_FACE('',(#7453),#7489,.T.);
#7453 = FACE_BOUND('',#7454,.T.);
#7454 = EDGE_LOOP('',(#7455,#7465,#7474,#7482));
#7455 = ORIENTED_EDGE('',*,*,#7456,.T.);
#7456 = EDGE_CURVE('',#7457,#7459,#7461,.T.);
#7457 = VERTEX_POINT('',#7458);
#7458 = CARTESIAN_POINT('',(99.801921,-87.980491,0.71));
#7459 = VERTEX_POINT('',#7460);
#7460 = CARTESIAN_POINT('',(99.801921,-87.980491,0.745));
#7461 = LINE('',#7462,#7463);
#7462 = CARTESIAN_POINT('',(99.801921,-87.980491,0.71));
#7463 = VECTOR('',#7464,1.);
#7464 = DIRECTION('',(0.,0.,1.));
#7465 = ORIENTED_EDGE('',*,*,#7466,.T.);
#7466 = EDGE_CURVE('',#7459,#7467,#7469,.T.);
#7467 = VERTEX_POINT('',#7468);
#7468 = CARTESIAN_POINT('',(99.880491,-87.901921,0.745));
#7469 = CIRCLE('',#7470,0.100002891901);
#7470 = AXIS2_PLACEMENT_3D('',#7471,#7472,#7473);
#7471 = CARTESIAN_POINT('',(99.900002071036,-88.00000207103,0.745));
#7472 = DIRECTION('',(0.,0.,-1.));
#7473 = DIRECTION('',(-0.980782347106,0.195105068116,0.));
#7474 = ORIENTED_EDGE('',*,*,#7475,.F.);
#7475 = EDGE_CURVE('',#7476,#7467,#7478,.T.);
#7476 = VERTEX_POINT('',#7477);
#7477 = CARTESIAN_POINT('',(99.880491,-87.901921,0.71));
#7478 = LINE('',#7479,#7480);
#7479 = CARTESIAN_POINT('',(99.880491,-87.901921,0.71));
#7480 = VECTOR('',#7481,1.);
#7481 = DIRECTION('',(0.,0.,1.));
#7482 = ORIENTED_EDGE('',*,*,#7483,.F.);
#7483 = EDGE_CURVE('',#7457,#7476,#7484,.T.);
#7484 = CIRCLE('',#7485,0.100002891901);
#7485 = AXIS2_PLACEMENT_3D('',#7486,#7487,#7488);
#7486 = CARTESIAN_POINT('',(99.900002071036,-88.00000207103,0.71));
#7487 = DIRECTION('',(0.,0.,-1.));
#7488 = DIRECTION('',(-0.980782347106,0.195105068116,0.));
#7489 = CYLINDRICAL_SURFACE('',#7490,0.100002891901);
#7490 = AXIS2_PLACEMENT_3D('',#7491,#7492,#7493);
#7491 = CARTESIAN_POINT('',(99.900002071036,-88.00000207103,0.71));
#7492 = DIRECTION('',(0.,0.,-1.));
#7493 = DIRECTION('',(-0.980782347106,0.195105068116,0.));
#7494 = ADVANCED_FACE('',(#7495),#7520,.T.);
#7495 = FACE_BOUND('',#7496,.T.);
#7496 = EDGE_LOOP('',(#7497,#7498,#7506,#7514));
#7497 = ORIENTED_EDGE('',*,*,#7475,.T.);
#7498 = ORIENTED_EDGE('',*,*,#7499,.T.);
#7499 = EDGE_CURVE('',#7467,#7500,#7502,.T.);
#7500 = VERTEX_POINT('',#7501);
#7501 = CARTESIAN_POINT('',(109.019509,-87.901921,0.745));
#7502 = LINE('',#7503,#7504);
#7503 = CARTESIAN_POINT('',(99.880491,-87.901921,0.745));
#7504 = VECTOR('',#7505,1.);
#7505 = DIRECTION('',(1.,0.,0.));
#7506 = ORIENTED_EDGE('',*,*,#7507,.F.);
#7507 = EDGE_CURVE('',#7508,#7500,#7510,.T.);
#7508 = VERTEX_POINT('',#7509);
#7509 = CARTESIAN_POINT('',(109.019509,-87.901921,0.71));
#7510 = LINE('',#7511,#7512);
#7511 = CARTESIAN_POINT('',(109.019509,-87.901921,0.71));
#7512 = VECTOR('',#7513,1.);
#7513 = DIRECTION('',(0.,0.,1.));
#7514 = ORIENTED_EDGE('',*,*,#7515,.F.);
#7515 = EDGE_CURVE('',#7476,#7508,#7516,.T.);
#7516 = LINE('',#7517,#7518);
#7517 = CARTESIAN_POINT('',(99.880491,-87.901921,0.71));
#7518 = VECTOR('',#7519,1.);
#7519 = DIRECTION('',(1.,0.,0.));
#7520 = PLANE('',#7521);
#7521 = AXIS2_PLACEMENT_3D('',#7522,#7523,#7524);
#7522 = CARTESIAN_POINT('',(99.880491,-87.901921,0.71));
#7523 = DIRECTION('',(0.,1.,0.));
#7524 = DIRECTION('',(1.,0.,0.));
#7525 = ADVANCED_FACE('',(#7526),#7553,.T.);
#7526 = FACE_BOUND('',#7527,.T.);
#7527 = EDGE_LOOP('',(#7528,#7529,#7538,#7546));
#7528 = ORIENTED_EDGE('',*,*,#7507,.T.);
#7529 = ORIENTED_EDGE('',*,*,#7530,.T.);
#7530 = EDGE_CURVE('',#7500,#7531,#7533,.T.);
#7531 = VERTEX_POINT('',#7532);
#7532 = CARTESIAN_POINT('',(109.019509,-88.098079,0.745));
#7533 = CIRCLE('',#7534,0.100000456609);
#7534 = AXIS2_PLACEMENT_3D('',#7535,#7536,#7537);
#7535 = CARTESIAN_POINT('',(109.,-88.,0.745));
#7536 = DIRECTION('',(0.,0.,-1.));
#7537 = DIRECTION('',(0.195089109206,0.980785521645,0.));
#7538 = ORIENTED_EDGE('',*,*,#7539,.F.);
#7539 = EDGE_CURVE('',#7540,#7531,#7542,.T.);
#7540 = VERTEX_POINT('',#7541);
#7541 = CARTESIAN_POINT('',(109.019509,-88.098079,0.71));
#7542 = LINE('',#7543,#7544);
#7543 = CARTESIAN_POINT('',(109.019509,-88.098079,0.71));
#7544 = VECTOR('',#7545,1.);
#7545 = DIRECTION('',(0.,0.,1.));
#7546 = ORIENTED_EDGE('',*,*,#7547,.F.);
#7547 = EDGE_CURVE('',#7508,#7540,#7548,.T.);
#7548 = CIRCLE('',#7549,0.100000456609);
#7549 = AXIS2_PLACEMENT_3D('',#7550,#7551,#7552);
#7550 = CARTESIAN_POINT('',(109.,-88.,0.71));
#7551 = DIRECTION('',(0.,0.,-1.));
#7552 = DIRECTION('',(0.195089109206,0.980785521645,0.));
#7553 = CYLINDRICAL_SURFACE('',#7554,0.100000456609);
#7554 = AXIS2_PLACEMENT_3D('',#7555,#7556,#7557);
#7555 = CARTESIAN_POINT('',(109.,-88.,0.71));
#7556 = DIRECTION('',(0.,0.,-1.));
#7557 = DIRECTION('',(0.195089109206,0.980785521645,0.));
#7558 = ADVANCED_FACE('',(#7559),#7584,.T.);
#7559 = FACE_BOUND('',#7560,.T.);
#7560 = EDGE_LOOP('',(#7561,#7562,#7570,#7578));
#7561 = ORIENTED_EDGE('',*,*,#7539,.T.);
#7562 = ORIENTED_EDGE('',*,*,#7563,.T.);
#7563 = EDGE_CURVE('',#7531,#7564,#7566,.T.);
#7564 = VERTEX_POINT('',#7565);
#7565 = CARTESIAN_POINT('',(100.,-88.1,0.745));
#7566 = LINE('',#7567,#7568);
#7567 = CARTESIAN_POINT('',(109.019509,-88.098079,0.745));
#7568 = VECTOR('',#7569,1.);
#7569 = DIRECTION('',(-0.999999977319,-2.129827639649E-04,0.));
#7570 = ORIENTED_EDGE('',*,*,#7571,.F.);
#7571 = EDGE_CURVE('',#7572,#7564,#7574,.T.);
#7572 = VERTEX_POINT('',#7573);
#7573 = CARTESIAN_POINT('',(100.,-88.1,0.71));
#7574 = LINE('',#7575,#7576);
#7575 = CARTESIAN_POINT('',(100.,-88.1,0.71));
#7576 = VECTOR('',#7577,1.);
#7577 = DIRECTION('',(0.,0.,1.));
#7578 = ORIENTED_EDGE('',*,*,#7579,.F.);
#7579 = EDGE_CURVE('',#7540,#7572,#7580,.T.);
#7580 = LINE('',#7581,#7582);
#7581 = CARTESIAN_POINT('',(109.019509,-88.098079,0.71));
#7582 = VECTOR('',#7583,1.);
#7583 = DIRECTION('',(-0.999999977319,-2.129827639649E-04,0.));
#7584 = PLANE('',#7585);
#7585 = AXIS2_PLACEMENT_3D('',#7586,#7587,#7588);
#7586 = CARTESIAN_POINT('',(109.019509,-88.098079,0.71));
#7587 = DIRECTION('',(2.129827639649E-04,-0.999999977319,0.));
#7588 = DIRECTION('',(-0.999999977319,-2.129827639649E-04,0.));
#7589 = ADVANCED_FACE('',(#7590),#7615,.T.);
#7590 = FACE_BOUND('',#7591,.T.);
#7591 = EDGE_LOOP('',(#7592,#7593,#7601,#7609));
#7592 = ORIENTED_EDGE('',*,*,#7571,.T.);
#7593 = ORIENTED_EDGE('',*,*,#7594,.T.);
#7594 = EDGE_CURVE('',#7564,#7595,#7597,.T.);
#7595 = VERTEX_POINT('',#7596);
#7596 = CARTESIAN_POINT('',(99.998079,-91.269509,0.745));
#7597 = LINE('',#7598,#7599);
#7598 = CARTESIAN_POINT('',(100.,-88.1,0.745));
#7599 = VECTOR('',#7600,1.);
#7600 = DIRECTION('',(-6.060874561845E-04,-0.999999816329,0.));
#7601 = ORIENTED_EDGE('',*,*,#7602,.F.);
#7602 = EDGE_CURVE('',#7603,#7595,#7605,.T.);
#7603 = VERTEX_POINT('',#7604);
#7604 = CARTESIAN_POINT('',(99.998079,-91.269509,0.71));
#7605 = LINE('',#7606,#7607);
#7606 = CARTESIAN_POINT('',(99.998079,-91.269509,0.71));
#7607 = VECTOR('',#7608,1.);
#7608 = DIRECTION('',(0.,0.,1.));
#7609 = ORIENTED_EDGE('',*,*,#7610,.F.);
#7610 = EDGE_CURVE('',#7572,#7603,#7611,.T.);
#7611 = LINE('',#7612,#7613);
#7612 = CARTESIAN_POINT('',(100.,-88.1,0.71));
#7613 = VECTOR('',#7614,1.);
#7614 = DIRECTION('',(-6.060874561845E-04,-0.999999816329,0.));
#7615 = PLANE('',#7616);
#7616 = AXIS2_PLACEMENT_3D('',#7617,#7618,#7619);
#7617 = CARTESIAN_POINT('',(100.,-88.1,0.71));
#7618 = DIRECTION('',(0.999999816329,-6.060874561845E-04,0.));
#7619 = DIRECTION('',(-6.060874561845E-04,-0.999999816329,0.));
#7620 = ADVANCED_FACE('',(#7621),#7648,.T.);
#7621 = FACE_BOUND('',#7622,.T.);
#7622 = EDGE_LOOP('',(#7623,#7624,#7633,#7641));
#7623 = ORIENTED_EDGE('',*,*,#7602,.T.);
#7624 = ORIENTED_EDGE('',*,*,#7625,.T.);
#7625 = EDGE_CURVE('',#7595,#7626,#7628,.T.);
#7626 = VERTEX_POINT('',#7627);
#7627 = CARTESIAN_POINT('',(99.801921,-91.269509,0.745));
#7628 = CIRCLE('',#7629,0.100000456609);
#7629 = AXIS2_PLACEMENT_3D('',#7630,#7631,#7632);
#7630 = CARTESIAN_POINT('',(99.9,-91.25,0.745));
#7631 = DIRECTION('',(-0.,0.,-1.));
#7632 = DIRECTION('',(0.980785521645,-0.195089109206,-0.));
#7633 = ORIENTED_EDGE('',*,*,#7634,.F.);
#7634 = EDGE_CURVE('',#7635,#7626,#7637,.T.);
#7635 = VERTEX_POINT('',#7636);
#7636 = CARTESIAN_POINT('',(99.801921,-91.269509,0.71));
#7637 = LINE('',#7638,#7639);
#7638 = CARTESIAN_POINT('',(99.801921,-91.269509,0.71));
#7639 = VECTOR('',#7640,1.);
#7640 = DIRECTION('',(0.,0.,1.));
#7641 = ORIENTED_EDGE('',*,*,#7642,.F.);
#7642 = EDGE_CURVE('',#7603,#7635,#7643,.T.);
#7643 = CIRCLE('',#7644,0.100000456609);
#7644 = AXIS2_PLACEMENT_3D('',#7645,#7646,#7647);
#7645 = CARTESIAN_POINT('',(99.9,-91.25,0.71));
#7646 = DIRECTION('',(-0.,0.,-1.));
#7647 = DIRECTION('',(0.980785521645,-0.195089109206,-0.));
#7648 = CYLINDRICAL_SURFACE('',#7649,0.100000456609);
#7649 = AXIS2_PLACEMENT_3D('',#7650,#7651,#7652);
#7650 = CARTESIAN_POINT('',(99.9,-91.25,0.71));
#7651 = DIRECTION('',(-0.,0.,-1.));
#7652 = DIRECTION('',(0.980785521645,-0.195089109206,-0.));
#7653 = ADVANCED_FACE('',(#7654),#7670,.T.);
#7654 = FACE_BOUND('',#7655,.T.);
#7655 = EDGE_LOOP('',(#7656,#7657,#7663,#7664));
#7656 = ORIENTED_EDGE('',*,*,#7634,.T.);
#7657 = ORIENTED_EDGE('',*,*,#7658,.T.);
#7658 = EDGE_CURVE('',#7626,#7459,#7659,.T.);
#7659 = LINE('',#7660,#7661);
#7660 = CARTESIAN_POINT('',(99.801921,-91.269509,0.745));
#7661 = VECTOR('',#7662,1.);
#7662 = DIRECTION('',(0.,1.,0.));
#7663 = ORIENTED_EDGE('',*,*,#7456,.F.);
#7664 = ORIENTED_EDGE('',*,*,#7665,.F.);
#7665 = EDGE_CURVE('',#7635,#7457,#7666,.T.);
#7666 = LINE('',#7667,#7668);
#7667 = CARTESIAN_POINT('',(99.801921,-91.269509,0.71));
#7668 = VECTOR('',#7669,1.);
#7669 = DIRECTION('',(0.,1.,0.));
#7670 = PLANE('',#7671);
#7671 = AXIS2_PLACEMENT_3D('',#7672,#7673,#7674);
#7672 = CARTESIAN_POINT('',(99.801921,-91.269509,0.71));
#7673 = DIRECTION('',(-1.,0.,0.));
#7674 = DIRECTION('',(0.,1.,0.));
#7675 = ADVANCED_FACE('',(#7676),#7685,.F.);
#7676 = FACE_BOUND('',#7677,.T.);
#7677 = EDGE_LOOP('',(#7678,#7679,#7680,#7681,#7682,#7683,#7684));
#7678 = ORIENTED_EDGE('',*,*,#7483,.T.);
#7679 = ORIENTED_EDGE('',*,*,#7515,.T.);
#7680 = ORIENTED_EDGE('',*,*,#7547,.T.);
#7681 = ORIENTED_EDGE('',*,*,#7579,.T.);
#7682 = ORIENTED_EDGE('',*,*,#7610,.T.);
#7683 = ORIENTED_EDGE('',*,*,#7642,.T.);
#7684 = ORIENTED_EDGE('',*,*,#7665,.T.);
#7685 = PLANE('',#7686);
#7686 = AXIS2_PLACEMENT_3D('',#7687,#7688,#7689);
#7687 = CARTESIAN_POINT('',(0.,0.,0.71));
#7688 = DIRECTION('',(0.,0.,1.));
#7689 = DIRECTION('',(1.,0.,-0.));
#7690 = ADVANCED_FACE('',(#7691),#7700,.T.);
#7691 = FACE_BOUND('',#7692,.F.);
#7692 = EDGE_LOOP('',(#7693,#7694,#7695,#7696,#7697,#7698,#7699));
#7693 = ORIENTED_EDGE('',*,*,#7466,.T.);
#7694 = ORIENTED_EDGE('',*,*,#7499,.T.);
#7695 = ORIENTED_EDGE('',*,*,#7530,.T.);
#7696 = ORIENTED_EDGE('',*,*,#7563,.T.);
#7697 = ORIENTED_EDGE('',*,*,#7594,.T.);
#7698 = ORIENTED_EDGE('',*,*,#7625,.T.);
#7699 = ORIENTED_EDGE('',*,*,#7658,.T.);
#7700 = PLANE('',#7701);
#7701 = AXIS2_PLACEMENT_3D('',#7702,#7703,#7704);
#7702 = CARTESIAN_POINT('',(0.,0.,0.745));
#7703 = DIRECTION('',(0.,0.,1.));
#7704 = DIRECTION('',(1.,0.,-0.));
#7705 = MANIFOLD_SOLID_BREP('',#7706);
#7706 = CLOSED_SHELL('',(#7707,#7747,#7780,#7811,#7842,#7875,#7906,#7939
    ,#7970,#8001,#8034,#8065,#8098,#8129,#8160,#8191,#8222,#8255,#8286,
    #8319,#8341,#8381,#8412,#8443,#8474,#8496,#8529,#8567));
#7707 = ADVANCED_FACE('',(#7708),#7742,.T.);
#7708 = FACE_BOUND('',#7709,.T.);
#7709 = EDGE_LOOP('',(#7710,#7720,#7728,#7736));
#7710 = ORIENTED_EDGE('',*,*,#7711,.T.);
#7711 = EDGE_CURVE('',#7712,#7714,#7716,.T.);
#7712 = VERTEX_POINT('',#7713);
#7713 = CARTESIAN_POINT('',(107.838146,-109.91,0.71));
#7714 = VERTEX_POINT('',#7715);
#7715 = CARTESIAN_POINT('',(107.838146,-109.91,0.745));
#7716 = LINE('',#7717,#7718);
#7717 = CARTESIAN_POINT('',(107.838146,-109.91,0.71));
#7718 = VECTOR('',#7719,1.);
#7719 = DIRECTION('',(0.,0.,1.));
#7720 = ORIENTED_EDGE('',*,*,#7721,.T.);
#7721 = EDGE_CURVE('',#7714,#7722,#7724,.T.);
#7722 = VERTEX_POINT('',#7723);
#7723 = CARTESIAN_POINT('',(107.885195,-109.882836,0.745));
#7724 = LINE('',#7725,#7726);
#7725 = CARTESIAN_POINT('',(107.838146,-109.91,0.745));
#7726 = VECTOR('',#7727,1.);
#7727 = DIRECTION('',(0.866023433616,0.500003412416,0.));
#7728 = ORIENTED_EDGE('',*,*,#7729,.F.);
#7729 = EDGE_CURVE('',#7730,#7722,#7732,.T.);
#7730 = VERTEX_POINT('',#7731);
#7731 = CARTESIAN_POINT('',(107.885195,-109.882836,0.71));
#7732 = LINE('',#7733,#7734);
#7733 = CARTESIAN_POINT('',(107.885195,-109.882836,0.71));
#7734 = VECTOR('',#7735,1.);
#7735 = DIRECTION('',(0.,0.,1.));
#7736 = ORIENTED_EDGE('',*,*,#7737,.F.);
#7737 = EDGE_CURVE('',#7712,#7730,#7738,.T.);
#7738 = LINE('',#7739,#7740);
#7739 = CARTESIAN_POINT('',(107.838146,-109.91,0.71));
#7740 = VECTOR('',#7741,1.);
#7741 = DIRECTION('',(0.866023433616,0.500003412416,0.));
#7742 = PLANE('',#7743);
#7743 = AXIS2_PLACEMENT_3D('',#7744,#7745,#7746);
#7744 = CARTESIAN_POINT('',(107.838146,-109.91,0.71));
#7745 = DIRECTION('',(-0.500003412416,0.866023433616,0.));
#7746 = DIRECTION('',(0.866023433616,0.500003412416,0.));
#7747 = ADVANCED_FACE('',(#7748),#7775,.T.);
#7748 = FACE_BOUND('',#7749,.T.);
#7749 = EDGE_LOOP('',(#7750,#7751,#7760,#7768));
#7750 = ORIENTED_EDGE('',*,*,#7729,.T.);
#7751 = ORIENTED_EDGE('',*,*,#7752,.T.);
#7752 = EDGE_CURVE('',#7722,#7753,#7755,.T.);
#7753 = VERTEX_POINT('',#7754);
#7754 = CARTESIAN_POINT('',(108.114805,-109.882836,0.745));
#7755 = CIRCLE('',#7756,0.300007695317);
#7756 = AXIS2_PLACEMENT_3D('',#7757,#7758,#7759);
#7757 = CARTESIAN_POINT('',(108.,-110.1600082013,0.745));
#7758 = DIRECTION('',(0.,0.,-1.));
#7759 = DIRECTION('',(-0.382673517354,0.923883639381,0.));
#7760 = ORIENTED_EDGE('',*,*,#7761,.F.);
#7761 = EDGE_CURVE('',#7762,#7753,#7764,.T.);
#7762 = VERTEX_POINT('',#7763);
#7763 = CARTESIAN_POINT('',(108.114805,-109.882836,0.71));
#7764 = LINE('',#7765,#7766);
#7765 = CARTESIAN_POINT('',(108.114805,-109.882836,0.71));
#7766 = VECTOR('',#7767,1.);
#7767 = DIRECTION('',(0.,0.,1.));
#7768 = ORIENTED_EDGE('',*,*,#7769,.F.);
#7769 = EDGE_CURVE('',#7730,#7762,#7770,.T.);
#7770 = CIRCLE('',#7771,0.300007695317);
#7771 = AXIS2_PLACEMENT_3D('',#7772,#7773,#7774);
#7772 = CARTESIAN_POINT('',(108.,-110.1600082013,0.71));
#7773 = DIRECTION('',(0.,0.,-1.));
#7774 = DIRECTION('',(-0.382673517354,0.923883639381,0.));
#7775 = CYLINDRICAL_SURFACE('',#7776,0.300007695317);
#7776 = AXIS2_PLACEMENT_3D('',#7777,#7778,#7779);
#7777 = CARTESIAN_POINT('',(108.,-110.1600082013,0.71));
#7778 = DIRECTION('',(0.,0.,-1.));
#7779 = DIRECTION('',(-0.382673517354,0.923883639381,0.));
#7780 = ADVANCED_FACE('',(#7781),#7806,.T.);
#7781 = FACE_BOUND('',#7782,.T.);
#7782 = EDGE_LOOP('',(#7783,#7784,#7792,#7800));
#7783 = ORIENTED_EDGE('',*,*,#7761,.T.);
#7784 = ORIENTED_EDGE('',*,*,#7785,.T.);
#7785 = EDGE_CURVE('',#7753,#7786,#7788,.T.);
#7786 = VERTEX_POINT('',#7787);
#7787 = CARTESIAN_POINT('',(108.161854,-109.91,0.745));
#7788 = LINE('',#7789,#7790);
#7789 = CARTESIAN_POINT('',(108.114805,-109.882836,0.745));
#7790 = VECTOR('',#7791,1.);
#7791 = DIRECTION('',(0.866023433616,-0.500003412416,0.));
#7792 = ORIENTED_EDGE('',*,*,#7793,.F.);
#7793 = EDGE_CURVE('',#7794,#7786,#7796,.T.);
#7794 = VERTEX_POINT('',#7795);
#7795 = CARTESIAN_POINT('',(108.161854,-109.91,0.71));
#7796 = LINE('',#7797,#7798);
#7797 = CARTESIAN_POINT('',(108.161854,-109.91,0.71));
#7798 = VECTOR('',#7799,1.);
#7799 = DIRECTION('',(0.,0.,1.));
#7800 = ORIENTED_EDGE('',*,*,#7801,.F.);
#7801 = EDGE_CURVE('',#7762,#7794,#7802,.T.);
#7802 = LINE('',#7803,#7804);
#7803 = CARTESIAN_POINT('',(108.114805,-109.882836,0.71));
#7804 = VECTOR('',#7805,1.);
#7805 = DIRECTION('',(0.866023433616,-0.500003412416,0.));
#7806 = PLANE('',#7807);
#7807 = AXIS2_PLACEMENT_3D('',#7808,#7809,#7810);
#7808 = CARTESIAN_POINT('',(108.114805,-109.882836,0.71));
#7809 = DIRECTION('',(0.500003412416,0.866023433616,-0.));
#7810 = DIRECTION('',(0.866023433616,-0.500003412416,0.));
#7811 = ADVANCED_FACE('',(#7812),#7837,.T.);
#7812 = FACE_BOUND('',#7813,.T.);
#7813 = EDGE_LOOP('',(#7814,#7815,#7823,#7831));
#7814 = ORIENTED_EDGE('',*,*,#7793,.T.);
#7815 = ORIENTED_EDGE('',*,*,#7816,.T.);
#7816 = EDGE_CURVE('',#7786,#7817,#7819,.T.);
#7817 = VERTEX_POINT('',#7818);
#7818 = CARTESIAN_POINT('',(108.725,-109.91,0.745));
#7819 = LINE('',#7820,#7821);
#7820 = CARTESIAN_POINT('',(108.161854,-109.91,0.745));
#7821 = VECTOR('',#7822,1.);
#7822 = DIRECTION('',(1.,0.,0.));
#7823 = ORIENTED_EDGE('',*,*,#7824,.F.);
#7824 = EDGE_CURVE('',#7825,#7817,#7827,.T.);
#7825 = VERTEX_POINT('',#7826);
#7826 = CARTESIAN_POINT('',(108.725,-109.91,0.71));
#7827 = LINE('',#7828,#7829);
#7828 = CARTESIAN_POINT('',(108.725,-109.91,0.71));
#7829 = VECTOR('',#7830,1.);
#7830 = DIRECTION('',(0.,0.,1.));
#7831 = ORIENTED_EDGE('',*,*,#7832,.F.);
#7832 = EDGE_CURVE('',#7794,#7825,#7833,.T.);
#7833 = LINE('',#7834,#7835);
#7834 = CARTESIAN_POINT('',(108.161854,-109.91,0.71));
#7835 = VECTOR('',#7836,1.);
#7836 = DIRECTION('',(1.,0.,0.));
#7837 = PLANE('',#7838);
#7838 = AXIS2_PLACEMENT_3D('',#7839,#7840,#7841);
#7839 = CARTESIAN_POINT('',(108.161854,-109.91,0.71));
#7840 = DIRECTION('',(0.,1.,0.));
#7841 = DIRECTION('',(1.,0.,0.));
#7842 = ADVANCED_FACE('',(#7843),#7870,.T.);
#7843 = FACE_BOUND('',#7844,.T.);
#7844 = EDGE_LOOP('',(#7845,#7846,#7855,#7863));
#7845 = ORIENTED_EDGE('',*,*,#7824,.T.);
#7846 = ORIENTED_EDGE('',*,*,#7847,.T.);
#7847 = EDGE_CURVE('',#7817,#7848,#7850,.T.);
#7848 = VERTEX_POINT('',#7849);
#7849 = CARTESIAN_POINT('',(108.975,-110.16,0.745));
#7850 = CIRCLE('',#7851,0.250000231821);
#7851 = AXIS2_PLACEMENT_3D('',#7852,#7853,#7854);
#7852 = CARTESIAN_POINT('',(108.72499976817,-110.1600002318,0.745));
#7853 = DIRECTION('',(0.,0.,-1.));
#7854 = DIRECTION('',(9.272831603804E-07,1.,0.));
#7855 = ORIENTED_EDGE('',*,*,#7856,.F.);
#7856 = EDGE_CURVE('',#7857,#7848,#7859,.T.);
#7857 = VERTEX_POINT('',#7858);
#7858 = CARTESIAN_POINT('',(108.975,-110.16,0.71));
#7859 = LINE('',#7860,#7861);
#7860 = CARTESIAN_POINT('',(108.975,-110.16,0.71));
#7861 = VECTOR('',#7862,1.);
#7862 = DIRECTION('',(0.,0.,1.));
#7863 = ORIENTED_EDGE('',*,*,#7864,.F.);
#7864 = EDGE_CURVE('',#7825,#7857,#7865,.T.);
#7865 = CIRCLE('',#7866,0.250000231821);
#7866 = AXIS2_PLACEMENT_3D('',#7867,#7868,#7869);
#7867 = CARTESIAN_POINT('',(108.72499976817,-110.1600002318,0.71));
#7868 = DIRECTION('',(0.,0.,-1.));
#7869 = DIRECTION('',(9.272831603804E-07,1.,0.));
#7870 = CYLINDRICAL_SURFACE('',#7871,0.250000231821);
#7871 = AXIS2_PLACEMENT_3D('',#7872,#7873,#7874);
#7872 = CARTESIAN_POINT('',(108.72499976817,-110.1600002318,0.71));
#7873 = DIRECTION('',(0.,0.,-1.));
#7874 = DIRECTION('',(9.272831603804E-07,1.,0.));
#7875 = ADVANCED_FACE('',(#7876),#7901,.T.);
#7876 = FACE_BOUND('',#7877,.T.);
#7877 = EDGE_LOOP('',(#7878,#7879,#7887,#7895));
#7878 = ORIENTED_EDGE('',*,*,#7856,.T.);
#7879 = ORIENTED_EDGE('',*,*,#7880,.T.);
#7880 = EDGE_CURVE('',#7848,#7881,#7883,.T.);
#7881 = VERTEX_POINT('',#7882);
#7882 = CARTESIAN_POINT('',(108.975,-110.7,0.745));
#7883 = LINE('',#7884,#7885);
#7884 = CARTESIAN_POINT('',(108.975,-110.16,0.745));
#7885 = VECTOR('',#7886,1.);
#7886 = DIRECTION('',(0.,-1.,0.));
#7887 = ORIENTED_EDGE('',*,*,#7888,.F.);
#7888 = EDGE_CURVE('',#7889,#7881,#7891,.T.);
#7889 = VERTEX_POINT('',#7890);
#7890 = CARTESIAN_POINT('',(108.975,-110.7,0.71));
#7891 = LINE('',#7892,#7893);
#7892 = CARTESIAN_POINT('',(108.975,-110.7,0.71));
#7893 = VECTOR('',#7894,1.);
#7894 = DIRECTION('',(0.,0.,1.));
#7895 = ORIENTED_EDGE('',*,*,#7896,.F.);
#7896 = EDGE_CURVE('',#7857,#7889,#7897,.T.);
#7897 = LINE('',#7898,#7899);
#7898 = CARTESIAN_POINT('',(108.975,-110.16,0.71));
#7899 = VECTOR('',#7900,1.);
#7900 = DIRECTION('',(0.,-1.,0.));
#7901 = PLANE('',#7902);
#7902 = AXIS2_PLACEMENT_3D('',#7903,#7904,#7905);
#7903 = CARTESIAN_POINT('',(108.975,-110.16,0.71));
#7904 = DIRECTION('',(1.,0.,-0.));
#7905 = DIRECTION('',(0.,-1.,0.));
#7906 = ADVANCED_FACE('',(#7907),#7934,.T.);
#7907 = FACE_BOUND('',#7908,.T.);
#7908 = EDGE_LOOP('',(#7909,#7910,#7919,#7927));
#7909 = ORIENTED_EDGE('',*,*,#7888,.T.);
#7910 = ORIENTED_EDGE('',*,*,#7911,.T.);
#7911 = EDGE_CURVE('',#7881,#7912,#7914,.T.);
#7912 = VERTEX_POINT('',#7913);
#7913 = CARTESIAN_POINT('',(108.725,-110.95,0.745));
#7914 = CIRCLE('',#7915,0.250000231821);
#7915 = AXIS2_PLACEMENT_3D('',#7916,#7917,#7918);
#7916 = CARTESIAN_POINT('',(108.72499976817,-110.6999997681,0.745));
#7917 = DIRECTION('',(0.,0.,-1.));
#7918 = DIRECTION('',(1.,-9.272831035372E-07,0.));
#7919 = ORIENTED_EDGE('',*,*,#7920,.F.);
#7920 = EDGE_CURVE('',#7921,#7912,#7923,.T.);
#7921 = VERTEX_POINT('',#7922);
#7922 = CARTESIAN_POINT('',(108.725,-110.95,0.71));
#7923 = LINE('',#7924,#7925);
#7924 = CARTESIAN_POINT('',(108.725,-110.95,0.71));
#7925 = VECTOR('',#7926,1.);
#7926 = DIRECTION('',(0.,0.,1.));
#7927 = ORIENTED_EDGE('',*,*,#7928,.F.);
#7928 = EDGE_CURVE('',#7889,#7921,#7929,.T.);
#7929 = CIRCLE('',#7930,0.250000231821);
#7930 = AXIS2_PLACEMENT_3D('',#7931,#7932,#7933);
#7931 = CARTESIAN_POINT('',(108.72499976817,-110.6999997681,0.71));
#7932 = DIRECTION('',(0.,0.,-1.));
#7933 = DIRECTION('',(1.,-9.272831035372E-07,0.));
#7934 = CYLINDRICAL_SURFACE('',#7935,0.250000231821);
#7935 = AXIS2_PLACEMENT_3D('',#7936,#7937,#7938);
#7936 = CARTESIAN_POINT('',(108.72499976817,-110.6999997681,0.71));
#7937 = DIRECTION('',(0.,0.,-1.));
#7938 = DIRECTION('',(1.,-9.272831035372E-07,0.));
#7939 = ADVANCED_FACE('',(#7940),#7965,.T.);
#7940 = FACE_BOUND('',#7941,.T.);
#7941 = EDGE_LOOP('',(#7942,#7943,#7951,#7959));
#7942 = ORIENTED_EDGE('',*,*,#7920,.T.);
#7943 = ORIENTED_EDGE('',*,*,#7944,.T.);
#7944 = EDGE_CURVE('',#7912,#7945,#7947,.T.);
#7945 = VERTEX_POINT('',#7946);
#7946 = CARTESIAN_POINT('',(106.77,-110.95,0.745));
#7947 = LINE('',#7948,#7949);
#7948 = CARTESIAN_POINT('',(108.725,-110.95,0.745));
#7949 = VECTOR('',#7950,1.);
#7950 = DIRECTION('',(-1.,0.,0.));
#7951 = ORIENTED_EDGE('',*,*,#7952,.F.);
#7952 = EDGE_CURVE('',#7953,#7945,#7955,.T.);
#7953 = VERTEX_POINT('',#7954);
#7954 = CARTESIAN_POINT('',(106.77,-110.95,0.71));
#7955 = LINE('',#7956,#7957);
#7956 = CARTESIAN_POINT('',(106.77,-110.95,0.71));
#7957 = VECTOR('',#7958,1.);
#7958 = DIRECTION('',(0.,0.,1.));
#7959 = ORIENTED_EDGE('',*,*,#7960,.F.);
#7960 = EDGE_CURVE('',#7921,#7953,#7961,.T.);
#7961 = LINE('',#7962,#7963);
#7962 = CARTESIAN_POINT('',(108.725,-110.95,0.71));
#7963 = VECTOR('',#7964,1.);
#7964 = DIRECTION('',(-1.,0.,0.));
#7965 = PLANE('',#7966);
#7966 = AXIS2_PLACEMENT_3D('',#7967,#7968,#7969);
#7967 = CARTESIAN_POINT('',(108.725,-110.95,0.71));
#7968 = DIRECTION('',(0.,-1.,0.));
#7969 = DIRECTION('',(-1.,0.,0.));
#7970 = ADVANCED_FACE('',(#7971),#7996,.T.);
#7971 = FACE_BOUND('',#7972,.T.);
#7972 = EDGE_LOOP('',(#7973,#7974,#7982,#7990));
#7973 = ORIENTED_EDGE('',*,*,#7952,.T.);
#7974 = ORIENTED_EDGE('',*,*,#7975,.T.);
#7975 = EDGE_CURVE('',#7945,#7976,#7978,.T.);
#7976 = VERTEX_POINT('',#7977);
#7977 = CARTESIAN_POINT('',(106.77,-111.7,0.745));
#7978 = LINE('',#7979,#7980);
#7979 = CARTESIAN_POINT('',(106.77,-110.95,0.745));
#7980 = VECTOR('',#7981,1.);
#7981 = DIRECTION('',(0.,-1.,0.));
#7982 = ORIENTED_EDGE('',*,*,#7983,.F.);
#7983 = EDGE_CURVE('',#7984,#7976,#7986,.T.);
#7984 = VERTEX_POINT('',#7985);
#7985 = CARTESIAN_POINT('',(106.77,-111.7,0.71));
#7986 = LINE('',#7987,#7988);
#7987 = CARTESIAN_POINT('',(106.77,-111.7,0.71));
#7988 = VECTOR('',#7989,1.);
#7989 = DIRECTION('',(0.,0.,1.));
#7990 = ORIENTED_EDGE('',*,*,#7991,.F.);
#7991 = EDGE_CURVE('',#7953,#7984,#7992,.T.);
#7992 = LINE('',#7993,#7994);
#7993 = CARTESIAN_POINT('',(106.77,-110.95,0.71));
#7994 = VECTOR('',#7995,1.);
#7995 = DIRECTION('',(0.,-1.,0.));
#7996 = PLANE('',#7997);
#7997 = AXIS2_PLACEMENT_3D('',#7998,#7999,#8000);
#7998 = CARTESIAN_POINT('',(106.77,-110.95,0.71));
#7999 = DIRECTION('',(1.,0.,-0.));
#8000 = DIRECTION('',(0.,-1.,0.));
#8001 = ADVANCED_FACE('',(#8002),#8029,.T.);
#8002 = FACE_BOUND('',#8003,.T.);
#8003 = EDGE_LOOP('',(#8004,#8005,#8014,#8022));
#8004 = ORIENTED_EDGE('',*,*,#7983,.T.);
#8005 = ORIENTED_EDGE('',*,*,#8006,.T.);
#8006 = EDGE_CURVE('',#7976,#8007,#8009,.T.);
#8007 = VERTEX_POINT('',#8008);
#8008 = CARTESIAN_POINT('',(106.27,-111.7,0.745));
#8009 = CIRCLE('',#8010,0.25);
#8010 = AXIS2_PLACEMENT_3D('',#8011,#8012,#8013);
#8011 = CARTESIAN_POINT('',(106.52,-111.6999997633,0.745));
#8012 = DIRECTION('',(-0.,0.,-1.));
#8013 = DIRECTION('',(1.,-9.466305073143E-07,-0.));
#8014 = ORIENTED_EDGE('',*,*,#8015,.F.);
#8015 = EDGE_CURVE('',#8016,#8007,#8018,.T.);
#8016 = VERTEX_POINT('',#8017);
#8017 = CARTESIAN_POINT('',(106.27,-111.7,0.71));
#8018 = LINE('',#8019,#8020);
#8019 = CARTESIAN_POINT('',(106.27,-111.7,0.71));
#8020 = VECTOR('',#8021,1.);
#8021 = DIRECTION('',(0.,0.,1.));
#8022 = ORIENTED_EDGE('',*,*,#8023,.F.);
#8023 = EDGE_CURVE('',#7984,#8016,#8024,.T.);
#8024 = CIRCLE('',#8025,0.25);
#8025 = AXIS2_PLACEMENT_3D('',#8026,#8027,#8028);
#8026 = CARTESIAN_POINT('',(106.52,-111.6999997633,0.71));
#8027 = DIRECTION('',(-0.,0.,-1.));
#8028 = DIRECTION('',(1.,-9.466305073143E-07,-0.));
#8029 = CYLINDRICAL_SURFACE('',#8030,0.25);
#8030 = AXIS2_PLACEMENT_3D('',#8031,#8032,#8033);
#8031 = CARTESIAN_POINT('',(106.52,-111.6999997633,0.71));
#8032 = DIRECTION('',(-0.,0.,-1.));
#8033 = DIRECTION('',(1.,-9.466305073143E-07,-0.));
#8034 = ADVANCED_FACE('',(#8035),#8060,.T.);
#8035 = FACE_BOUND('',#8036,.T.);
#8036 = EDGE_LOOP('',(#8037,#8038,#8046,#8054));
#8037 = ORIENTED_EDGE('',*,*,#8015,.T.);
#8038 = ORIENTED_EDGE('',*,*,#8039,.T.);
#8039 = EDGE_CURVE('',#8007,#8040,#8042,.T.);
#8040 = VERTEX_POINT('',#8041);
#8041 = CARTESIAN_POINT('',(106.27,-110.7,0.745));
#8042 = LINE('',#8043,#8044);
#8043 = CARTESIAN_POINT('',(106.27,-111.7,0.745));
#8044 = VECTOR('',#8045,1.);
#8045 = DIRECTION('',(0.,1.,0.));
#8046 = ORIENTED_EDGE('',*,*,#8047,.F.);
#8047 = EDGE_CURVE('',#8048,#8040,#8050,.T.);
#8048 = VERTEX_POINT('',#8049);
#8049 = CARTESIAN_POINT('',(106.27,-110.7,0.71));
#8050 = LINE('',#8051,#8052);
#8051 = CARTESIAN_POINT('',(106.27,-110.7,0.71));
#8052 = VECTOR('',#8053,1.);
#8053 = DIRECTION('',(0.,0.,1.));
#8054 = ORIENTED_EDGE('',*,*,#8055,.F.);
#8055 = EDGE_CURVE('',#8016,#8048,#8056,.T.);
#8056 = LINE('',#8057,#8058);
#8057 = CARTESIAN_POINT('',(106.27,-111.7,0.71));
#8058 = VECTOR('',#8059,1.);
#8059 = DIRECTION('',(0.,1.,0.));
#8060 = PLANE('',#8061);
#8061 = AXIS2_PLACEMENT_3D('',#8062,#8063,#8064);
#8062 = CARTESIAN_POINT('',(106.27,-111.7,0.71));
#8063 = DIRECTION('',(-1.,0.,0.));
#8064 = DIRECTION('',(0.,1.,0.));
#8065 = ADVANCED_FACE('',(#8066),#8093,.T.);
#8066 = FACE_BOUND('',#8067,.T.);
#8067 = EDGE_LOOP('',(#8068,#8069,#8078,#8086));
#8068 = ORIENTED_EDGE('',*,*,#8047,.T.);
#8069 = ORIENTED_EDGE('',*,*,#8070,.T.);
#8070 = EDGE_CURVE('',#8040,#8071,#8073,.T.);
#8071 = VERTEX_POINT('',#8072);
#8072 = CARTESIAN_POINT('',(106.52,-110.45,0.745));
#8073 = CIRCLE('',#8074,0.250000231821);
#8074 = AXIS2_PLACEMENT_3D('',#8075,#8076,#8077);
#8075 = CARTESIAN_POINT('',(106.52000023182,-110.7000002318,0.745));
#8076 = DIRECTION('',(0.,0.,-1.));
#8077 = DIRECTION('',(-1.,9.272832172237E-07,0.));
#8078 = ORIENTED_EDGE('',*,*,#8079,.F.);
#8079 = EDGE_CURVE('',#8080,#8071,#8082,.T.);
#8080 = VERTEX_POINT('',#8081);
#8081 = CARTESIAN_POINT('',(106.52,-110.45,0.71));
#8082 = LINE('',#8083,#8084);
#8083 = CARTESIAN_POINT('',(106.52,-110.45,0.71));
#8084 = VECTOR('',#8085,1.);
#8085 = DIRECTION('',(0.,0.,1.));
#8086 = ORIENTED_EDGE('',*,*,#8087,.F.);
#8087 = EDGE_CURVE('',#8048,#8080,#8088,.T.);
#8088 = CIRCLE('',#8089,0.250000231821);
#8089 = AXIS2_PLACEMENT_3D('',#8090,#8091,#8092);
#8090 = CARTESIAN_POINT('',(106.52000023182,-110.7000002318,0.71));
#8091 = DIRECTION('',(0.,0.,-1.));
#8092 = DIRECTION('',(-1.,9.272832172237E-07,0.));
#8093 = CYLINDRICAL_SURFACE('',#8094,0.250000231821);
#8094 = AXIS2_PLACEMENT_3D('',#8095,#8096,#8097);
#8095 = CARTESIAN_POINT('',(106.52000023182,-110.7000002318,0.71));
#8096 = DIRECTION('',(0.,0.,-1.));
#8097 = DIRECTION('',(-1.,9.272832172237E-07,0.));
#8098 = ADVANCED_FACE('',(#8099),#8124,.T.);
#8099 = FACE_BOUND('',#8100,.T.);
#8100 = EDGE_LOOP('',(#8101,#8102,#8110,#8118));
#8101 = ORIENTED_EDGE('',*,*,#8079,.T.);
#8102 = ORIENTED_EDGE('',*,*,#8103,.T.);
#8103 = EDGE_CURVE('',#8071,#8104,#8106,.T.);
#8104 = VERTEX_POINT('',#8105);
#8105 = CARTESIAN_POINT('',(107.933101,-110.45,0.745));
#8106 = LINE('',#8107,#8108);
#8107 = CARTESIAN_POINT('',(106.52,-110.45,0.745));
#8108 = VECTOR('',#8109,1.);
#8109 = DIRECTION('',(1.,0.,0.));
#8110 = ORIENTED_EDGE('',*,*,#8111,.F.);
#8111 = EDGE_CURVE('',#8112,#8104,#8114,.T.);
#8112 = VERTEX_POINT('',#8113);
#8113 = CARTESIAN_POINT('',(107.933101,-110.45,0.71));
#8114 = LINE('',#8115,#8116);
#8115 = CARTESIAN_POINT('',(107.933101,-110.45,0.71));
#8116 = VECTOR('',#8117,1.);
#8117 = DIRECTION('',(0.,0.,1.));
#8118 = ORIENTED_EDGE('',*,*,#8119,.F.);
#8119 = EDGE_CURVE('',#8080,#8112,#8120,.T.);
#8120 = LINE('',#8121,#8122);
#8121 = CARTESIAN_POINT('',(106.52,-110.45,0.71));
#8122 = VECTOR('',#8123,1.);
#8123 = DIRECTION('',(1.,0.,0.));
#8124 = PLANE('',#8125);
#8125 = AXIS2_PLACEMENT_3D('',#8126,#8127,#8128);
#8126 = CARTESIAN_POINT('',(106.52,-110.45,0.71));
#8127 = DIRECTION('',(0.,1.,0.));
#8128 = DIRECTION('',(1.,0.,0.));
#8129 = ADVANCED_FACE('',(#8130),#8155,.T.);
#8130 = FACE_BOUND('',#8131,.T.);
#8131 = EDGE_LOOP('',(#8132,#8133,#8141,#8149));
#8132 = ORIENTED_EDGE('',*,*,#8111,.T.);
#8133 = ORIENTED_EDGE('',*,*,#8134,.T.);
#8134 = EDGE_CURVE('',#8104,#8135,#8137,.T.);
#8135 = VERTEX_POINT('',#8136);
#8136 = CARTESIAN_POINT('',(107.885195,-110.437164,0.745));
#8137 = LINE('',#8138,#8139);
#8138 = CARTESIAN_POINT('',(107.933101,-110.45,0.745));
#8139 = VECTOR('',#8140,1.);
#8140 = DIRECTION('',(-0.965927711566,0.258812009052,0.));
#8141 = ORIENTED_EDGE('',*,*,#8142,.F.);
#8142 = EDGE_CURVE('',#8143,#8135,#8145,.T.);
#8143 = VERTEX_POINT('',#8144);
#8144 = CARTESIAN_POINT('',(107.885195,-110.437164,0.71));
#8145 = LINE('',#8146,#8147);
#8146 = CARTESIAN_POINT('',(107.885195,-110.437164,0.71));
#8147 = VECTOR('',#8148,1.);
#8148 = DIRECTION('',(0.,0.,1.));
#8149 = ORIENTED_EDGE('',*,*,#8150,.F.);
#8150 = EDGE_CURVE('',#8112,#8143,#8151,.T.);
#8151 = LINE('',#8152,#8153);
#8152 = CARTESIAN_POINT('',(107.933101,-110.45,0.71));
#8153 = VECTOR('',#8154,1.);
#8154 = DIRECTION('',(-0.965927711566,0.258812009052,0.));
#8155 = PLANE('',#8156);
#8156 = AXIS2_PLACEMENT_3D('',#8157,#8158,#8159);
#8157 = CARTESIAN_POINT('',(107.933101,-110.45,0.71));
#8158 = DIRECTION('',(-0.258812009052,-0.965927711566,0.));
#8159 = DIRECTION('',(-0.965927711566,0.258812009052,0.));
#8160 = ADVANCED_FACE('',(#8161),#8186,.T.);
#8161 = FACE_BOUND('',#8162,.T.);
#8162 = EDGE_LOOP('',(#8163,#8164,#8172,#8180));
#8163 = ORIENTED_EDGE('',*,*,#8142,.T.);
#8164 = ORIENTED_EDGE('',*,*,#8165,.T.);
#8165 = EDGE_CURVE('',#8135,#8166,#8168,.T.);
#8166 = VERTEX_POINT('',#8167);
#8167 = CARTESIAN_POINT('',(107.838146,-110.41,0.745));
#8168 = LINE('',#8169,#8170);
#8169 = CARTESIAN_POINT('',(107.885195,-110.437164,0.745));
#8170 = VECTOR('',#8171,1.);
#8171 = DIRECTION('',(-0.866023433616,0.500003412416,0.));
#8172 = ORIENTED_EDGE('',*,*,#8173,.F.);
#8173 = EDGE_CURVE('',#8174,#8166,#8176,.T.);
#8174 = VERTEX_POINT('',#8175);
#8175 = CARTESIAN_POINT('',(107.838146,-110.41,0.71));
#8176 = LINE('',#8177,#8178);
#8177 = CARTESIAN_POINT('',(107.838146,-110.41,0.71));
#8178 = VECTOR('',#8179,1.);
#8179 = DIRECTION('',(0.,0.,1.));
#8180 = ORIENTED_EDGE('',*,*,#8181,.F.);
#8181 = EDGE_CURVE('',#8143,#8174,#8182,.T.);
#8182 = LINE('',#8183,#8184);
#8183 = CARTESIAN_POINT('',(107.885195,-110.437164,0.71));
#8184 = VECTOR('',#8185,1.);
#8185 = DIRECTION('',(-0.866023433616,0.500003412416,0.));
#8186 = PLANE('',#8187);
#8187 = AXIS2_PLACEMENT_3D('',#8188,#8189,#8190);
#8188 = CARTESIAN_POINT('',(107.885195,-110.437164,0.71));
#8189 = DIRECTION('',(-0.500003412416,-0.866023433616,0.));
#8190 = DIRECTION('',(-0.866023433616,0.500003412416,0.));
#8191 = ADVANCED_FACE('',(#8192),#8217,.T.);
#8192 = FACE_BOUND('',#8193,.T.);
#8193 = EDGE_LOOP('',(#8194,#8195,#8203,#8211));
#8194 = ORIENTED_EDGE('',*,*,#8173,.T.);
#8195 = ORIENTED_EDGE('',*,*,#8196,.T.);
#8196 = EDGE_CURVE('',#8166,#8197,#8199,.T.);
#8197 = VERTEX_POINT('',#8198);
#8198 = CARTESIAN_POINT('',(90.5,-110.41,0.745));
#8199 = LINE('',#8200,#8201);
#8200 = CARTESIAN_POINT('',(107.838146,-110.41,0.745));
#8201 = VECTOR('',#8202,1.);
#8202 = DIRECTION('',(-1.,0.,0.));
#8203 = ORIENTED_EDGE('',*,*,#8204,.F.);
#8204 = EDGE_CURVE('',#8205,#8197,#8207,.T.);
#8205 = VERTEX_POINT('',#8206);
#8206 = CARTESIAN_POINT('',(90.5,-110.41,0.71));
#8207 = LINE('',#8208,#8209);
#8208 = CARTESIAN_POINT('',(90.5,-110.41,0.71));
#8209 = VECTOR('',#8210,1.);
#8210 = DIRECTION('',(0.,0.,1.));
#8211 = ORIENTED_EDGE('',*,*,#8212,.F.);
#8212 = EDGE_CURVE('',#8174,#8205,#8213,.T.);
#8213 = LINE('',#8214,#8215);
#8214 = CARTESIAN_POINT('',(107.838146,-110.41,0.71));
#8215 = VECTOR('',#8216,1.);
#8216 = DIRECTION('',(-1.,0.,0.));
#8217 = PLANE('',#8218);
#8218 = AXIS2_PLACEMENT_3D('',#8219,#8220,#8221);
#8219 = CARTESIAN_POINT('',(107.838146,-110.41,0.71));
#8220 = DIRECTION('',(0.,-1.,0.));
#8221 = DIRECTION('',(-1.,0.,0.));
#8222 = ADVANCED_FACE('',(#8223),#8250,.T.);
#8223 = FACE_BOUND('',#8224,.T.);
#8224 = EDGE_LOOP('',(#8225,#8226,#8235,#8243));
#8225 = ORIENTED_EDGE('',*,*,#8204,.T.);
#8226 = ORIENTED_EDGE('',*,*,#8227,.T.);
#8227 = EDGE_CURVE('',#8197,#8228,#8230,.T.);
#8228 = VERTEX_POINT('',#8229);
#8229 = CARTESIAN_POINT('',(90.25,-110.16,0.745));
#8230 = CIRCLE('',#8231,0.250000231821);
#8231 = AXIS2_PLACEMENT_3D('',#8232,#8233,#8234);
#8232 = CARTESIAN_POINT('',(90.500000231821,-110.1599997681,0.745));
#8233 = DIRECTION('',(0.,0.,-1.));
#8234 = DIRECTION('',(-9.272831035372E-07,-1.,-0.));
#8235 = ORIENTED_EDGE('',*,*,#8236,.F.);
#8236 = EDGE_CURVE('',#8237,#8228,#8239,.T.);
#8237 = VERTEX_POINT('',#8238);
#8238 = CARTESIAN_POINT('',(90.25,-110.16,0.71));
#8239 = LINE('',#8240,#8241);
#8240 = CARTESIAN_POINT('',(90.25,-110.16,0.71));
#8241 = VECTOR('',#8242,1.);
#8242 = DIRECTION('',(0.,0.,1.));
#8243 = ORIENTED_EDGE('',*,*,#8244,.F.);
#8244 = EDGE_CURVE('',#8205,#8237,#8245,.T.);
#8245 = CIRCLE('',#8246,0.250000231821);
#8246 = AXIS2_PLACEMENT_3D('',#8247,#8248,#8249);
#8247 = CARTESIAN_POINT('',(90.500000231821,-110.1599997681,0.71));
#8248 = DIRECTION('',(0.,0.,-1.));
#8249 = DIRECTION('',(-9.272831035372E-07,-1.,-0.));
#8250 = CYLINDRICAL_SURFACE('',#8251,0.250000231821);
#8251 = AXIS2_PLACEMENT_3D('',#8252,#8253,#8254);
#8252 = CARTESIAN_POINT('',(90.500000231821,-110.1599997681,0.71));
#8253 = DIRECTION('',(0.,0.,-1.));
#8254 = DIRECTION('',(-9.272831035372E-07,-1.,-0.));
#8255 = ADVANCED_FACE('',(#8256),#8281,.T.);
#8256 = FACE_BOUND('',#8257,.T.);
#8257 = EDGE_LOOP('',(#8258,#8259,#8267,#8275));
#8258 = ORIENTED_EDGE('',*,*,#8236,.T.);
#8259 = ORIENTED_EDGE('',*,*,#8260,.T.);
#8260 = EDGE_CURVE('',#8228,#8261,#8263,.T.);
#8261 = VERTEX_POINT('',#8262);
#8262 = CARTESIAN_POINT('',(90.25,-109.9,0.745));
#8263 = LINE('',#8264,#8265);
#8264 = CARTESIAN_POINT('',(90.25,-110.16,0.745));
#8265 = VECTOR('',#8266,1.);
#8266 = DIRECTION('',(0.,1.,0.));
#8267 = ORIENTED_EDGE('',*,*,#8268,.F.);
#8268 = EDGE_CURVE('',#8269,#8261,#8271,.T.);
#8269 = VERTEX_POINT('',#8270);
#8270 = CARTESIAN_POINT('',(90.25,-109.9,0.71));
#8271 = LINE('',#8272,#8273);
#8272 = CARTESIAN_POINT('',(90.25,-109.9,0.71));
#8273 = VECTOR('',#8274,1.);
#8274 = DIRECTION('',(0.,0.,1.));
#8275 = ORIENTED_EDGE('',*,*,#8276,.F.);
#8276 = EDGE_CURVE('',#8237,#8269,#8277,.T.);
#8277 = LINE('',#8278,#8279);
#8278 = CARTESIAN_POINT('',(90.25,-110.16,0.71));
#8279 = VECTOR('',#8280,1.);
#8280 = DIRECTION('',(0.,1.,0.));
#8281 = PLANE('',#8282);
#8282 = AXIS2_PLACEMENT_3D('',#8283,#8284,#8285);
#8283 = CARTESIAN_POINT('',(90.25,-110.16,0.71));
#8284 = DIRECTION('',(-1.,0.,0.));
#8285 = DIRECTION('',(0.,1.,0.));
#8286 = ADVANCED_FACE('',(#8287),#8314,.T.);
#8287 = FACE_BOUND('',#8288,.T.);
#8288 = EDGE_LOOP('',(#8289,#8290,#8299,#8307));
#8289 = ORIENTED_EDGE('',*,*,#8268,.T.);
#8290 = ORIENTED_EDGE('',*,*,#8291,.T.);
#8291 = EDGE_CURVE('',#8261,#8292,#8294,.T.);
#8292 = VERTEX_POINT('',#8293);
#8293 = CARTESIAN_POINT('',(90.75,-109.91,0.745));
#8294 = CIRCLE('',#8295,0.250099779888);
#8295 = AXIS2_PLACEMENT_3D('',#8296,#8297,#8298);
#8296 = CARTESIAN_POINT('',(90.500099779645,-109.9000110177,0.745));
#8297 = DIRECTION('',(0.,0.,-1.));
#8298 = DIRECTION('',(-0.99999999903,4.405343309308E-05,0.));
#8299 = ORIENTED_EDGE('',*,*,#8300,.F.);
#8300 = EDGE_CURVE('',#8301,#8292,#8303,.T.);
#8301 = VERTEX_POINT('',#8302);
#8302 = CARTESIAN_POINT('',(90.75,-109.91,0.71));
#8303 = LINE('',#8304,#8305);
#8304 = CARTESIAN_POINT('',(90.75,-109.91,0.71));
#8305 = VECTOR('',#8306,1.);
#8306 = DIRECTION('',(0.,0.,1.));
#8307 = ORIENTED_EDGE('',*,*,#8308,.F.);
#8308 = EDGE_CURVE('',#8269,#8301,#8309,.T.);
#8309 = CIRCLE('',#8310,0.250099779888);
#8310 = AXIS2_PLACEMENT_3D('',#8311,#8312,#8313);
#8311 = CARTESIAN_POINT('',(90.500099779645,-109.9000110177,0.71));
#8312 = DIRECTION('',(0.,0.,-1.));
#8313 = DIRECTION('',(-0.99999999903,4.405343309308E-05,0.));
#8314 = CYLINDRICAL_SURFACE('',#8315,0.250099779888);
#8315 = AXIS2_PLACEMENT_3D('',#8316,#8317,#8318);
#8316 = CARTESIAN_POINT('',(90.500099779645,-109.9000110177,0.71));
#8317 = DIRECTION('',(0.,0.,-1.));
#8318 = DIRECTION('',(-0.99999999903,4.405343309308E-05,0.));
#8319 = ADVANCED_FACE('',(#8320),#8336,.T.);
#8320 = FACE_BOUND('',#8321,.T.);
#8321 = EDGE_LOOP('',(#8322,#8323,#8329,#8330));
#8322 = ORIENTED_EDGE('',*,*,#8300,.T.);
#8323 = ORIENTED_EDGE('',*,*,#8324,.T.);
#8324 = EDGE_CURVE('',#8292,#7714,#8325,.T.);
#8325 = LINE('',#8326,#8327);
#8326 = CARTESIAN_POINT('',(90.75,-109.91,0.745));
#8327 = VECTOR('',#8328,1.);
#8328 = DIRECTION('',(1.,0.,0.));
#8329 = ORIENTED_EDGE('',*,*,#7711,.F.);
#8330 = ORIENTED_EDGE('',*,*,#8331,.F.);
#8331 = EDGE_CURVE('',#8301,#7712,#8332,.T.);
#8332 = LINE('',#8333,#8334);
#8333 = CARTESIAN_POINT('',(90.75,-109.91,0.71));
#8334 = VECTOR('',#8335,1.);
#8335 = DIRECTION('',(1.,0.,0.));
#8336 = PLANE('',#8337);
#8337 = AXIS2_PLACEMENT_3D('',#8338,#8339,#8340);
#8338 = CARTESIAN_POINT('',(90.75,-109.91,0.71));
#8339 = DIRECTION('',(0.,1.,0.));
#8340 = DIRECTION('',(1.,0.,0.));
#8341 = ADVANCED_FACE('',(#8342),#8376,.T.);
#8342 = FACE_BOUND('',#8343,.T.);
#8343 = EDGE_LOOP('',(#8344,#8354,#8362,#8370));
#8344 = ORIENTED_EDGE('',*,*,#8345,.T.);
#8345 = EDGE_CURVE('',#8346,#8348,#8350,.T.);
#8346 = VERTEX_POINT('',#8347);
#8347 = CARTESIAN_POINT('',(108.475,-110.45,0.71));
#8348 = VERTEX_POINT('',#8349);
#8349 = CARTESIAN_POINT('',(108.475,-110.45,0.745));
#8350 = LINE('',#8351,#8352);
#8351 = CARTESIAN_POINT('',(108.475,-110.45,0.71));
#8352 = VECTOR('',#8353,1.);
#8353 = DIRECTION('',(0.,0.,1.));
#8354 = ORIENTED_EDGE('',*,*,#8355,.T.);
#8355 = EDGE_CURVE('',#8348,#8356,#8358,.T.);
#8356 = VERTEX_POINT('',#8357);
#8357 = CARTESIAN_POINT('',(108.475,-110.41,0.745));
#8358 = LINE('',#8359,#8360);
#8359 = CARTESIAN_POINT('',(108.475,-110.45,0.745));
#8360 = VECTOR('',#8361,1.);
#8361 = DIRECTION('',(0.,1.,0.));
#8362 = ORIENTED_EDGE('',*,*,#8363,.F.);
#8363 = EDGE_CURVE('',#8364,#8356,#8366,.T.);
#8364 = VERTEX_POINT('',#8365);
#8365 = CARTESIAN_POINT('',(108.475,-110.41,0.71));
#8366 = LINE('',#8367,#8368);
#8367 = CARTESIAN_POINT('',(108.475,-110.41,0.71));
#8368 = VECTOR('',#8369,1.);
#8369 = DIRECTION('',(0.,0.,1.));
#8370 = ORIENTED_EDGE('',*,*,#8371,.F.);
#8371 = EDGE_CURVE('',#8346,#8364,#8372,.T.);
#8372 = LINE('',#8373,#8374);
#8373 = CARTESIAN_POINT('',(108.475,-110.45,0.71));
#8374 = VECTOR('',#8375,1.);
#8375 = DIRECTION('',(0.,1.,0.));
#8376 = PLANE('',#8377);
#8377 = AXIS2_PLACEMENT_3D('',#8378,#8379,#8380);
#8378 = CARTESIAN_POINT('',(108.475,-110.45,0.71));
#8379 = DIRECTION('',(-1.,0.,0.));
#8380 = DIRECTION('',(0.,1.,0.));
#8381 = ADVANCED_FACE('',(#8382),#8407,.T.);
#8382 = FACE_BOUND('',#8383,.T.);
#8383 = EDGE_LOOP('',(#8384,#8385,#8393,#8401));
#8384 = ORIENTED_EDGE('',*,*,#8363,.T.);
#8385 = ORIENTED_EDGE('',*,*,#8386,.T.);
#8386 = EDGE_CURVE('',#8356,#8387,#8389,.T.);
#8387 = VERTEX_POINT('',#8388);
#8388 = CARTESIAN_POINT('',(108.161854,-110.41,0.745));
#8389 = LINE('',#8390,#8391);
#8390 = CARTESIAN_POINT('',(108.475,-110.41,0.745));
#8391 = VECTOR('',#8392,1.);
#8392 = DIRECTION('',(-1.,0.,0.));
#8393 = ORIENTED_EDGE('',*,*,#8394,.F.);
#8394 = EDGE_CURVE('',#8395,#8387,#8397,.T.);
#8395 = VERTEX_POINT('',#8396);
#8396 = CARTESIAN_POINT('',(108.161854,-110.41,0.71));
#8397 = LINE('',#8398,#8399);
#8398 = CARTESIAN_POINT('',(108.161854,-110.41,0.71));
#8399 = VECTOR('',#8400,1.);
#8400 = DIRECTION('',(0.,0.,1.));
#8401 = ORIENTED_EDGE('',*,*,#8402,.F.);
#8402 = EDGE_CURVE('',#8364,#8395,#8403,.T.);
#8403 = LINE('',#8404,#8405);
#8404 = CARTESIAN_POINT('',(108.475,-110.41,0.71));
#8405 = VECTOR('',#8406,1.);
#8406 = DIRECTION('',(-1.,0.,0.));
#8407 = PLANE('',#8408);
#8408 = AXIS2_PLACEMENT_3D('',#8409,#8410,#8411);
#8409 = CARTESIAN_POINT('',(108.475,-110.41,0.71));
#8410 = DIRECTION('',(0.,-1.,0.));
#8411 = DIRECTION('',(-1.,0.,0.));
#8412 = ADVANCED_FACE('',(#8413),#8438,.T.);
#8413 = FACE_BOUND('',#8414,.T.);
#8414 = EDGE_LOOP('',(#8415,#8416,#8424,#8432));
#8415 = ORIENTED_EDGE('',*,*,#8394,.T.);
#8416 = ORIENTED_EDGE('',*,*,#8417,.T.);
#8417 = EDGE_CURVE('',#8387,#8418,#8420,.T.);
#8418 = VERTEX_POINT('',#8419);
#8419 = CARTESIAN_POINT('',(108.114805,-110.437164,0.745));
#8420 = LINE('',#8421,#8422);
#8421 = CARTESIAN_POINT('',(108.161854,-110.41,0.745));
#8422 = VECTOR('',#8423,1.);
#8423 = DIRECTION('',(-0.866023433616,-0.500003412416,0.));
#8424 = ORIENTED_EDGE('',*,*,#8425,.F.);
#8425 = EDGE_CURVE('',#8426,#8418,#8428,.T.);
#8426 = VERTEX_POINT('',#8427);
#8427 = CARTESIAN_POINT('',(108.114805,-110.437164,0.71));
#8428 = LINE('',#8429,#8430);
#8429 = CARTESIAN_POINT('',(108.114805,-110.437164,0.71));
#8430 = VECTOR('',#8431,1.);
#8431 = DIRECTION('',(0.,0.,1.));
#8432 = ORIENTED_EDGE('',*,*,#8433,.F.);
#8433 = EDGE_CURVE('',#8395,#8426,#8434,.T.);
#8434 = LINE('',#8435,#8436);
#8435 = CARTESIAN_POINT('',(108.161854,-110.41,0.71));
#8436 = VECTOR('',#8437,1.);
#8437 = DIRECTION('',(-0.866023433616,-0.500003412416,0.));
#8438 = PLANE('',#8439);
#8439 = AXIS2_PLACEMENT_3D('',#8440,#8441,#8442);
#8440 = CARTESIAN_POINT('',(108.161854,-110.41,0.71));
#8441 = DIRECTION('',(0.500003412416,-0.866023433616,0.));
#8442 = DIRECTION('',(-0.866023433616,-0.500003412416,0.));
#8443 = ADVANCED_FACE('',(#8444),#8469,.T.);
#8444 = FACE_BOUND('',#8445,.T.);
#8445 = EDGE_LOOP('',(#8446,#8447,#8455,#8463));
#8446 = ORIENTED_EDGE('',*,*,#8425,.T.);
#8447 = ORIENTED_EDGE('',*,*,#8448,.T.);
#8448 = EDGE_CURVE('',#8418,#8449,#8451,.T.);
#8449 = VERTEX_POINT('',#8450);
#8450 = CARTESIAN_POINT('',(108.066899,-110.45,0.745));
#8451 = LINE('',#8452,#8453);
#8452 = CARTESIAN_POINT('',(108.114805,-110.437164,0.745));
#8453 = VECTOR('',#8454,1.);
#8454 = DIRECTION('',(-0.965927711566,-0.258812009052,0.));
#8455 = ORIENTED_EDGE('',*,*,#8456,.F.);
#8456 = EDGE_CURVE('',#8457,#8449,#8459,.T.);
#8457 = VERTEX_POINT('',#8458);
#8458 = CARTESIAN_POINT('',(108.066899,-110.45,0.71));
#8459 = LINE('',#8460,#8461);
#8460 = CARTESIAN_POINT('',(108.066899,-110.45,0.71));
#8461 = VECTOR('',#8462,1.);
#8462 = DIRECTION('',(0.,0.,1.));
#8463 = ORIENTED_EDGE('',*,*,#8464,.F.);
#8464 = EDGE_CURVE('',#8426,#8457,#8465,.T.);
#8465 = LINE('',#8466,#8467);
#8466 = CARTESIAN_POINT('',(108.114805,-110.437164,0.71));
#8467 = VECTOR('',#8468,1.);
#8468 = DIRECTION('',(-0.965927711566,-0.258812009052,0.));
#8469 = PLANE('',#8470);
#8470 = AXIS2_PLACEMENT_3D('',#8471,#8472,#8473);
#8471 = CARTESIAN_POINT('',(108.114805,-110.437164,0.71));
#8472 = DIRECTION('',(0.258812009052,-0.965927711566,0.));
#8473 = DIRECTION('',(-0.965927711566,-0.258812009052,0.));
#8474 = ADVANCED_FACE('',(#8475),#8491,.T.);
#8475 = FACE_BOUND('',#8476,.T.);
#8476 = EDGE_LOOP('',(#8477,#8478,#8484,#8485));
#8477 = ORIENTED_EDGE('',*,*,#8456,.T.);
#8478 = ORIENTED_EDGE('',*,*,#8479,.T.);
#8479 = EDGE_CURVE('',#8449,#8348,#8480,.T.);
#8480 = LINE('',#8481,#8482);
#8481 = CARTESIAN_POINT('',(108.066899,-110.45,0.745));
#8482 = VECTOR('',#8483,1.);
#8483 = DIRECTION('',(1.,0.,0.));
#8484 = ORIENTED_EDGE('',*,*,#8345,.F.);
#8485 = ORIENTED_EDGE('',*,*,#8486,.F.);
#8486 = EDGE_CURVE('',#8457,#8346,#8487,.T.);
#8487 = LINE('',#8488,#8489);
#8488 = CARTESIAN_POINT('',(108.066899,-110.45,0.71));
#8489 = VECTOR('',#8490,1.);
#8490 = DIRECTION('',(1.,0.,0.));
#8491 = PLANE('',#8492);
#8492 = AXIS2_PLACEMENT_3D('',#8493,#8494,#8495);
#8493 = CARTESIAN_POINT('',(108.066899,-110.45,0.71));
#8494 = DIRECTION('',(0.,1.,0.));
#8495 = DIRECTION('',(1.,0.,0.));
#8496 = ADVANCED_FACE('',(#8497),#8524,.F.);
#8497 = FACE_BOUND('',#8498,.T.);
#8498 = EDGE_LOOP('',(#8499,#8509,#8516,#8517));
#8499 = ORIENTED_EDGE('',*,*,#8500,.T.);
#8500 = EDGE_CURVE('',#8501,#8503,#8505,.T.);
#8501 = VERTEX_POINT('',#8502);
#8502 = CARTESIAN_POINT('',(108.137255,-110.16,0.71));
#8503 = VERTEX_POINT('',#8504);
#8504 = CARTESIAN_POINT('',(108.137255,-110.16,0.745));
#8505 = LINE('',#8506,#8507);
#8506 = CARTESIAN_POINT('',(108.137255,-110.16,0.71));
#8507 = VECTOR('',#8508,1.);
#8508 = DIRECTION('',(0.,0.,1.));
#8509 = ORIENTED_EDGE('',*,*,#8510,.T.);
#8510 = EDGE_CURVE('',#8503,#8503,#8511,.T.);
#8511 = CIRCLE('',#8512,0.137255);
#8512 = AXIS2_PLACEMENT_3D('',#8513,#8514,#8515);
#8513 = CARTESIAN_POINT('',(108.,-110.16,0.745));
#8514 = DIRECTION('',(0.,0.,1.));
#8515 = DIRECTION('',(1.,0.,-0.));
#8516 = ORIENTED_EDGE('',*,*,#8500,.F.);
#8517 = ORIENTED_EDGE('',*,*,#8518,.F.);
#8518 = EDGE_CURVE('',#8501,#8501,#8519,.T.);
#8519 = CIRCLE('',#8520,0.137255);
#8520 = AXIS2_PLACEMENT_3D('',#8521,#8522,#8523);
#8521 = CARTESIAN_POINT('',(108.,-110.16,0.71));
#8522 = DIRECTION('',(0.,0.,1.));
#8523 = DIRECTION('',(1.,0.,-0.));
#8524 = CYLINDRICAL_SURFACE('',#8525,0.137255);
#8525 = AXIS2_PLACEMENT_3D('',#8526,#8527,#8528);
#8526 = CARTESIAN_POINT('',(108.,-110.16,0.71));
#8527 = DIRECTION('',(-0.,-0.,-1.));
#8528 = DIRECTION('',(1.,0.,-0.));
#8529 = ADVANCED_FACE('',(#8530,#8552,#8559),#8562,.F.);
#8530 = FACE_BOUND('',#8531,.T.);
#8531 = EDGE_LOOP('',(#8532,#8533,#8534,#8535,#8536,#8537,#8538,#8539,
    #8540,#8541,#8542,#8543,#8544,#8545,#8546,#8547,#8548,#8549,#8550,
    #8551));
#8532 = ORIENTED_EDGE('',*,*,#7737,.T.);
#8533 = ORIENTED_EDGE('',*,*,#7769,.T.);
#8534 = ORIENTED_EDGE('',*,*,#7801,.T.);
#8535 = ORIENTED_EDGE('',*,*,#7832,.T.);
#8536 = ORIENTED_EDGE('',*,*,#7864,.T.);
#8537 = ORIENTED_EDGE('',*,*,#7896,.T.);
#8538 = ORIENTED_EDGE('',*,*,#7928,.T.);
#8539 = ORIENTED_EDGE('',*,*,#7960,.T.);
#8540 = ORIENTED_EDGE('',*,*,#7991,.T.);
#8541 = ORIENTED_EDGE('',*,*,#8023,.T.);
#8542 = ORIENTED_EDGE('',*,*,#8055,.T.);
#8543 = ORIENTED_EDGE('',*,*,#8087,.T.);
#8544 = ORIENTED_EDGE('',*,*,#8119,.T.);
#8545 = ORIENTED_EDGE('',*,*,#8150,.T.);
#8546 = ORIENTED_EDGE('',*,*,#8181,.T.);
#8547 = ORIENTED_EDGE('',*,*,#8212,.T.);
#8548 = ORIENTED_EDGE('',*,*,#8244,.T.);
#8549 = ORIENTED_EDGE('',*,*,#8276,.T.);
#8550 = ORIENTED_EDGE('',*,*,#8308,.T.);
#8551 = ORIENTED_EDGE('',*,*,#8331,.T.);
#8552 = FACE_BOUND('',#8553,.T.);
#8553 = EDGE_LOOP('',(#8554,#8555,#8556,#8557,#8558));
#8554 = ORIENTED_EDGE('',*,*,#8371,.T.);
#8555 = ORIENTED_EDGE('',*,*,#8402,.T.);
#8556 = ORIENTED_EDGE('',*,*,#8433,.T.);
#8557 = ORIENTED_EDGE('',*,*,#8464,.T.);
#8558 = ORIENTED_EDGE('',*,*,#8486,.T.);
#8559 = FACE_BOUND('',#8560,.T.);
#8560 = EDGE_LOOP('',(#8561));
#8561 = ORIENTED_EDGE('',*,*,#8518,.T.);
#8562 = PLANE('',#8563);
#8563 = AXIS2_PLACEMENT_3D('',#8564,#8565,#8566);
#8564 = CARTESIAN_POINT('',(0.,0.,0.71));
#8565 = DIRECTION('',(0.,0.,1.));
#8566 = DIRECTION('',(1.,0.,-0.));
#8567 = ADVANCED_FACE('',(#8568,#8590,#8597),#8600,.T.);
#8568 = FACE_BOUND('',#8569,.F.);
#8569 = EDGE_LOOP('',(#8570,#8571,#8572,#8573,#8574,#8575,#8576,#8577,
    #8578,#8579,#8580,#8581,#8582,#8583,#8584,#8585,#8586,#8587,#8588,
    #8589));
#8570 = ORIENTED_EDGE('',*,*,#7721,.T.);
#8571 = ORIENTED_EDGE('',*,*,#7752,.T.);
#8572 = ORIENTED_EDGE('',*,*,#7785,.T.);
#8573 = ORIENTED_EDGE('',*,*,#7816,.T.);
#8574 = ORIENTED_EDGE('',*,*,#7847,.T.);
#8575 = ORIENTED_EDGE('',*,*,#7880,.T.);
#8576 = ORIENTED_EDGE('',*,*,#7911,.T.);
#8577 = ORIENTED_EDGE('',*,*,#7944,.T.);
#8578 = ORIENTED_EDGE('',*,*,#7975,.T.);
#8579 = ORIENTED_EDGE('',*,*,#8006,.T.);
#8580 = ORIENTED_EDGE('',*,*,#8039,.T.);
#8581 = ORIENTED_EDGE('',*,*,#8070,.T.);
#8582 = ORIENTED_EDGE('',*,*,#8103,.T.);
#8583 = ORIENTED_EDGE('',*,*,#8134,.T.);
#8584 = ORIENTED_EDGE('',*,*,#8165,.T.);
#8585 = ORIENTED_EDGE('',*,*,#8196,.T.);
#8586 = ORIENTED_EDGE('',*,*,#8227,.T.);
#8587 = ORIENTED_EDGE('',*,*,#8260,.T.);
#8588 = ORIENTED_EDGE('',*,*,#8291,.T.);
#8589 = ORIENTED_EDGE('',*,*,#8324,.T.);
#8590 = FACE_BOUND('',#8591,.F.);
#8591 = EDGE_LOOP('',(#8592,#8593,#8594,#8595,#8596));
#8592 = ORIENTED_EDGE('',*,*,#8355,.T.);
#8593 = ORIENTED_EDGE('',*,*,#8386,.T.);
#8594 = ORIENTED_EDGE('',*,*,#8417,.T.);
#8595 = ORIENTED_EDGE('',*,*,#8448,.T.);
#8596 = ORIENTED_EDGE('',*,*,#8479,.T.);
#8597 = FACE_BOUND('',#8598,.F.);
#8598 = EDGE_LOOP('',(#8599));
#8599 = ORIENTED_EDGE('',*,*,#8510,.T.);
#8600 = PLANE('',#8601);
#8601 = AXIS2_PLACEMENT_3D('',#8602,#8603,#8604);
#8602 = CARTESIAN_POINT('',(0.,0.,0.745));
#8603 = DIRECTION('',(0.,0.,1.));
#8604 = DIRECTION('',(1.,0.,-0.));
#8605 = MANIFOLD_SOLID_BREP('',#8606);
#8606 = CLOSED_SHELL('',(#8607,#8647,#8680,#8711,#8742,#8775,#8797,#8830
    ,#8847));
#8607 = ADVANCED_FACE('',(#8608),#8642,.T.);
#8608 = FACE_BOUND('',#8609,.T.);
#8609 = EDGE_LOOP('',(#8610,#8620,#8628,#8636));
#8610 = ORIENTED_EDGE('',*,*,#8611,.T.);
#8611 = EDGE_CURVE('',#8612,#8614,#8616,.T.);
#8612 = VERTEX_POINT('',#8613);
#8613 = CARTESIAN_POINT('',(108.281131,-106.885,0.71));
#8614 = VERTEX_POINT('',#8615);
#8615 = CARTESIAN_POINT('',(108.281131,-106.885,0.745));
#8616 = LINE('',#8617,#8618);
#8617 = CARTESIAN_POINT('',(108.281131,-106.885,0.71));
#8618 = VECTOR('',#8619,1.);
#8619 = DIRECTION('',(0.,0.,1.));
#8620 = ORIENTED_EDGE('',*,*,#8621,.T.);
#8621 = EDGE_CURVE('',#8614,#8622,#8624,.T.);
#8622 = VERTEX_POINT('',#8623);
#8623 = CARTESIAN_POINT('',(114.069509,-106.886921,0.745));
#8624 = LINE('',#8625,#8626);
#8625 = CARTESIAN_POINT('',(108.281131,-106.885,0.745));
#8626 = VECTOR('',#8627,1.);
#8627 = DIRECTION('',(0.999999944931,-3.318718808978E-04,0.));
#8628 = ORIENTED_EDGE('',*,*,#8629,.F.);
#8629 = EDGE_CURVE('',#8630,#8622,#8632,.T.);
#8630 = VERTEX_POINT('',#8631);
#8631 = CARTESIAN_POINT('',(114.069509,-106.886921,0.71));
#8632 = LINE('',#8633,#8634);
#8633 = CARTESIAN_POINT('',(114.069509,-106.886921,0.71));
#8634 = VECTOR('',#8635,1.);
#8635 = DIRECTION('',(0.,0.,1.));
#8636 = ORIENTED_EDGE('',*,*,#8637,.F.);
#8637 = EDGE_CURVE('',#8612,#8630,#8638,.T.);
#8638 = LINE('',#8639,#8640);
#8639 = CARTESIAN_POINT('',(108.281131,-106.885,0.71));
#8640 = VECTOR('',#8641,1.);
#8641 = DIRECTION('',(0.999999944931,-3.318718808978E-04,0.));
#8642 = PLANE('',#8643);
#8643 = AXIS2_PLACEMENT_3D('',#8644,#8645,#8646);
#8644 = CARTESIAN_POINT('',(108.281131,-106.885,0.71));
#8645 = DIRECTION('',(3.318718808978E-04,0.999999944931,-0.));
#8646 = DIRECTION('',(0.999999944931,-3.318718808978E-04,0.));
#8647 = ADVANCED_FACE('',(#8648),#8675,.T.);
#8648 = FACE_BOUND('',#8649,.T.);
#8649 = EDGE_LOOP('',(#8650,#8651,#8660,#8668));
#8650 = ORIENTED_EDGE('',*,*,#8629,.T.);
#8651 = ORIENTED_EDGE('',*,*,#8652,.T.);
#8652 = EDGE_CURVE('',#8622,#8653,#8655,.T.);
#8653 = VERTEX_POINT('',#8654);
#8654 = CARTESIAN_POINT('',(114.069509,-107.083079,0.745));
#8655 = CIRCLE('',#8656,0.100000456609);
#8656 = AXIS2_PLACEMENT_3D('',#8657,#8658,#8659);
#8657 = CARTESIAN_POINT('',(114.05,-106.985,0.745));
#8658 = DIRECTION('',(0.,0.,-1.));
#8659 = DIRECTION('',(0.195089109206,0.980785521645,0.));
#8660 = ORIENTED_EDGE('',*,*,#8661,.F.);
#8661 = EDGE_CURVE('',#8662,#8653,#8664,.T.);
#8662 = VERTEX_POINT('',#8663);
#8663 = CARTESIAN_POINT('',(114.069509,-107.083079,0.71));
#8664 = LINE('',#8665,#8666);
#8665 = CARTESIAN_POINT('',(114.069509,-107.083079,0.71));
#8666 = VECTOR('',#8667,1.);
#8667 = DIRECTION('',(0.,0.,1.));
#8668 = ORIENTED_EDGE('',*,*,#8669,.F.);
#8669 = EDGE_CURVE('',#8630,#8662,#8670,.T.);
#8670 = CIRCLE('',#8671,0.100000456609);
#8671 = AXIS2_PLACEMENT_3D('',#8672,#8673,#8674);
#8672 = CARTESIAN_POINT('',(114.05,-106.985,0.71));
#8673 = DIRECTION('',(0.,0.,-1.));
#8674 = DIRECTION('',(0.195089109206,0.980785521645,0.));
#8675 = CYLINDRICAL_SURFACE('',#8676,0.100000456609);
#8676 = AXIS2_PLACEMENT_3D('',#8677,#8678,#8679);
#8677 = CARTESIAN_POINT('',(114.05,-106.985,0.71));
#8678 = DIRECTION('',(0.,0.,-1.));
#8679 = DIRECTION('',(0.195089109206,0.980785521645,0.));
#8680 = ADVANCED_FACE('',(#8681),#8706,.T.);
#8681 = FACE_BOUND('',#8682,.T.);
#8682 = EDGE_LOOP('',(#8683,#8684,#8692,#8700));
#8683 = ORIENTED_EDGE('',*,*,#8661,.T.);
#8684 = ORIENTED_EDGE('',*,*,#8685,.T.);
#8685 = EDGE_CURVE('',#8653,#8686,#8688,.T.);
#8686 = VERTEX_POINT('',#8687);
#8687 = CARTESIAN_POINT('',(108.281131,-107.085,0.745));
#8688 = LINE('',#8689,#8690);
#8689 = CARTESIAN_POINT('',(114.069509,-107.083079,0.745));
#8690 = VECTOR('',#8691,1.);
#8691 = DIRECTION('',(-0.999999944931,-3.318718808978E-04,0.));
#8692 = ORIENTED_EDGE('',*,*,#8693,.F.);
#8693 = EDGE_CURVE('',#8694,#8686,#8696,.T.);
#8694 = VERTEX_POINT('',#8695);
#8695 = CARTESIAN_POINT('',(108.281131,-107.085,0.71));
#8696 = LINE('',#8697,#8698);
#8697 = CARTESIAN_POINT('',(108.281131,-107.085,0.71));
#8698 = VECTOR('',#8699,1.);
#8699 = DIRECTION('',(0.,0.,1.));
#8700 = ORIENTED_EDGE('',*,*,#8701,.F.);
#8701 = EDGE_CURVE('',#8662,#8694,#8702,.T.);
#8702 = LINE('',#8703,#8704);
#8703 = CARTESIAN_POINT('',(114.069509,-107.083079,0.71));
#8704 = VECTOR('',#8705,1.);
#8705 = DIRECTION('',(-0.999999944931,-3.318718808978E-04,0.));
#8706 = PLANE('',#8707);
#8707 = AXIS2_PLACEMENT_3D('',#8708,#8709,#8710);
#8708 = CARTESIAN_POINT('',(114.069509,-107.083079,0.71));
#8709 = DIRECTION('',(3.318718808978E-04,-0.999999944931,0.));
#8710 = DIRECTION('',(-0.999999944931,-3.318718808978E-04,0.));
#8711 = ADVANCED_FACE('',(#8712),#8737,.T.);
#8712 = FACE_BOUND('',#8713,.T.);
#8713 = EDGE_LOOP('',(#8714,#8715,#8723,#8731));
#8714 = ORIENTED_EDGE('',*,*,#8693,.T.);
#8715 = ORIENTED_EDGE('',*,*,#8716,.T.);
#8716 = EDGE_CURVE('',#8686,#8717,#8719,.T.);
#8717 = VERTEX_POINT('',#8718);
#8718 = CARTESIAN_POINT('',(108.277164,-107.099805,0.745));
#8719 = LINE('',#8720,#8721);
#8720 = CARTESIAN_POINT('',(108.281131,-107.085,0.745));
#8721 = VECTOR('',#8722,1.);
#8722 = DIRECTION('',(-0.258819788119,-0.965925627198,0.));
#8723 = ORIENTED_EDGE('',*,*,#8724,.F.);
#8724 = EDGE_CURVE('',#8725,#8717,#8727,.T.);
#8725 = VERTEX_POINT('',#8726);
#8726 = CARTESIAN_POINT('',(108.277164,-107.099805,0.71));
#8727 = LINE('',#8728,#8729);
#8728 = CARTESIAN_POINT('',(108.277164,-107.099805,0.71));
#8729 = VECTOR('',#8730,1.);
#8730 = DIRECTION('',(0.,0.,1.));
#8731 = ORIENTED_EDGE('',*,*,#8732,.F.);
#8732 = EDGE_CURVE('',#8694,#8725,#8733,.T.);
#8733 = LINE('',#8734,#8735);
#8734 = CARTESIAN_POINT('',(108.281131,-107.085,0.71));
#8735 = VECTOR('',#8736,1.);
#8736 = DIRECTION('',(-0.258819788119,-0.965925627198,0.));
#8737 = PLANE('',#8738);
#8738 = AXIS2_PLACEMENT_3D('',#8739,#8740,#8741);
#8739 = CARTESIAN_POINT('',(108.281131,-107.085,0.71));
#8740 = DIRECTION('',(0.965925627198,-0.258819788119,0.));
#8741 = DIRECTION('',(-0.258819788119,-0.965925627198,0.));
#8742 = ADVANCED_FACE('',(#8743),#8770,.T.);
#8743 = FACE_BOUND('',#8744,.T.);
#8744 = EDGE_LOOP('',(#8745,#8746,#8755,#8763));
#8745 = ORIENTED_EDGE('',*,*,#8724,.T.);
#8746 = ORIENTED_EDGE('',*,*,#8747,.T.);
#8747 = EDGE_CURVE('',#8717,#8748,#8750,.T.);
#8748 = VERTEX_POINT('',#8749);
#8749 = CARTESIAN_POINT('',(108.277164,-106.870195,0.745));
#8750 = CIRCLE('',#8751,0.299999888633);
#8751 = AXIS2_PLACEMENT_3D('',#8752,#8753,#8754);
#8752 = CARTESIAN_POINT('',(108.00000024848,-106.985,0.745));
#8753 = DIRECTION('',(-0.,0.,-1.));
#8754 = DIRECTION('',(0.923879514688,-0.382683475394,-0.));
#8755 = ORIENTED_EDGE('',*,*,#8756,.F.);
#8756 = EDGE_CURVE('',#8757,#8748,#8759,.T.);
#8757 = VERTEX_POINT('',#8758);
#8758 = CARTESIAN_POINT('',(108.277164,-106.870195,0.71));
#8759 = LINE('',#8760,#8761);
#8760 = CARTESIAN_POINT('',(108.277164,-106.870195,0.71));
#8761 = VECTOR('',#8762,1.);
#8762 = DIRECTION('',(0.,0.,1.));
#8763 = ORIENTED_EDGE('',*,*,#8764,.F.);
#8764 = EDGE_CURVE('',#8725,#8757,#8765,.T.);
#8765 = CIRCLE('',#8766,0.299999888633);
#8766 = AXIS2_PLACEMENT_3D('',#8767,#8768,#8769);
#8767 = CARTESIAN_POINT('',(108.00000024848,-106.985,0.71));
#8768 = DIRECTION('',(-0.,0.,-1.));
#8769 = DIRECTION('',(0.923879514688,-0.382683475394,-0.));
#8770 = CYLINDRICAL_SURFACE('',#8771,0.299999888633);
#8771 = AXIS2_PLACEMENT_3D('',#8772,#8773,#8774);
#8772 = CARTESIAN_POINT('',(108.00000024848,-106.985,0.71));
#8773 = DIRECTION('',(-0.,0.,-1.));
#8774 = DIRECTION('',(0.923879514688,-0.382683475394,-0.));
#8775 = ADVANCED_FACE('',(#8776),#8792,.T.);
#8776 = FACE_BOUND('',#8777,.T.);
#8777 = EDGE_LOOP('',(#8778,#8779,#8785,#8786));
#8778 = ORIENTED_EDGE('',*,*,#8756,.T.);
#8779 = ORIENTED_EDGE('',*,*,#8780,.T.);
#8780 = EDGE_CURVE('',#8748,#8614,#8781,.T.);
#8781 = LINE('',#8782,#8783);
#8782 = CARTESIAN_POINT('',(108.277164,-106.870195,0.745));
#8783 = VECTOR('',#8784,1.);
#8784 = DIRECTION('',(0.258819788119,-0.965925627198,0.));
#8785 = ORIENTED_EDGE('',*,*,#8611,.F.);
#8786 = ORIENTED_EDGE('',*,*,#8787,.F.);
#8787 = EDGE_CURVE('',#8757,#8612,#8788,.T.);
#8788 = LINE('',#8789,#8790);
#8789 = CARTESIAN_POINT('',(108.277164,-106.870195,0.71));
#8790 = VECTOR('',#8791,1.);
#8791 = DIRECTION('',(0.258819788119,-0.965925627198,0.));
#8792 = PLANE('',#8793);
#8793 = AXIS2_PLACEMENT_3D('',#8794,#8795,#8796);
#8794 = CARTESIAN_POINT('',(108.277164,-106.870195,0.71));
#8795 = DIRECTION('',(0.965925627198,0.258819788119,-0.));
#8796 = DIRECTION('',(0.258819788119,-0.965925627198,0.));
#8797 = ADVANCED_FACE('',(#8798),#8825,.F.);
#8798 = FACE_BOUND('',#8799,.T.);
#8799 = EDGE_LOOP('',(#8800,#8810,#8817,#8818));
#8800 = ORIENTED_EDGE('',*,*,#8801,.T.);
#8801 = EDGE_CURVE('',#8802,#8804,#8806,.T.);
#8802 = VERTEX_POINT('',#8803);
#8803 = CARTESIAN_POINT('',(108.137255,-106.985,0.71));
#8804 = VERTEX_POINT('',#8805);
#8805 = CARTESIAN_POINT('',(108.137255,-106.985,0.745));
#8806 = LINE('',#8807,#8808);
#8807 = CARTESIAN_POINT('',(108.137255,-106.985,0.71));
#8808 = VECTOR('',#8809,1.);
#8809 = DIRECTION('',(0.,0.,1.));
#8810 = ORIENTED_EDGE('',*,*,#8811,.T.);
#8811 = EDGE_CURVE('',#8804,#8804,#8812,.T.);
#8812 = CIRCLE('',#8813,0.137255);
#8813 = AXIS2_PLACEMENT_3D('',#8814,#8815,#8816);
#8814 = CARTESIAN_POINT('',(108.,-106.985,0.745));
#8815 = DIRECTION('',(0.,0.,1.));
#8816 = DIRECTION('',(1.,0.,-0.));
#8817 = ORIENTED_EDGE('',*,*,#8801,.F.);
#8818 = ORIENTED_EDGE('',*,*,#8819,.F.);
#8819 = EDGE_CURVE('',#8802,#8802,#8820,.T.);
#8820 = CIRCLE('',#8821,0.137255);
#8821 = AXIS2_PLACEMENT_3D('',#8822,#8823,#8824);
#8822 = CARTESIAN_POINT('',(108.,-106.985,0.71));
#8823 = DIRECTION('',(0.,0.,1.));
#8824 = DIRECTION('',(1.,0.,-0.));
#8825 = CYLINDRICAL_SURFACE('',#8826,0.137255);
#8826 = AXIS2_PLACEMENT_3D('',#8827,#8828,#8829);
#8827 = CARTESIAN_POINT('',(108.,-106.985,0.71));
#8828 = DIRECTION('',(-0.,-0.,-1.));
#8829 = DIRECTION('',(1.,0.,-0.));
#8830 = ADVANCED_FACE('',(#8831,#8839),#8842,.F.);
#8831 = FACE_BOUND('',#8832,.T.);
#8832 = EDGE_LOOP('',(#8833,#8834,#8835,#8836,#8837,#8838));
#8833 = ORIENTED_EDGE('',*,*,#8637,.T.);
#8834 = ORIENTED_EDGE('',*,*,#8669,.T.);
#8835 = ORIENTED_EDGE('',*,*,#8701,.T.);
#8836 = ORIENTED_EDGE('',*,*,#8732,.T.);
#8837 = ORIENTED_EDGE('',*,*,#8764,.T.);
#8838 = ORIENTED_EDGE('',*,*,#8787,.T.);
#8839 = FACE_BOUND('',#8840,.T.);
#8840 = EDGE_LOOP('',(#8841));
#8841 = ORIENTED_EDGE('',*,*,#8819,.T.);
#8842 = PLANE('',#8843);
#8843 = AXIS2_PLACEMENT_3D('',#8844,#8845,#8846);
#8844 = CARTESIAN_POINT('',(0.,0.,0.71));
#8845 = DIRECTION('',(0.,0.,1.));
#8846 = DIRECTION('',(1.,0.,-0.));
#8847 = ADVANCED_FACE('',(#8848,#8856),#8859,.T.);
#8848 = FACE_BOUND('',#8849,.F.);
#8849 = EDGE_LOOP('',(#8850,#8851,#8852,#8853,#8854,#8855));
#8850 = ORIENTED_EDGE('',*,*,#8621,.T.);
#8851 = ORIENTED_EDGE('',*,*,#8652,.T.);
#8852 = ORIENTED_EDGE('',*,*,#8685,.T.);
#8853 = ORIENTED_EDGE('',*,*,#8716,.T.);
#8854 = ORIENTED_EDGE('',*,*,#8747,.T.);
#8855 = ORIENTED_EDGE('',*,*,#8780,.T.);
#8856 = FACE_BOUND('',#8857,.F.);
#8857 = EDGE_LOOP('',(#8858));
#8858 = ORIENTED_EDGE('',*,*,#8811,.T.);
#8859 = PLANE('',#8860);
#8860 = AXIS2_PLACEMENT_3D('',#8861,#8862,#8863);
#8861 = CARTESIAN_POINT('',(0.,0.,0.745));
#8862 = DIRECTION('',(0.,0.,1.));
#8863 = DIRECTION('',(1.,0.,-0.));
#8864 = MANIFOLD_SOLID_BREP('',#8865);
#8865 = CLOSED_SHELL('',(#8866,#8906,#8937,#8970,#9001,#9032,#9063,#9096
    ,#9118,#9151,#9184,#9206));
#8866 = ADVANCED_FACE('',(#8867),#8901,.F.);
#8867 = FACE_BOUND('',#8868,.F.);
#8868 = EDGE_LOOP('',(#8869,#8879,#8887,#8895));
#8869 = ORIENTED_EDGE('',*,*,#8870,.T.);
#8870 = EDGE_CURVE('',#8871,#8873,#8875,.T.);
#8871 = VERTEX_POINT('',#8872);
#8872 = CARTESIAN_POINT('',(108.25,-107.146853,0.));
#8873 = VERTEX_POINT('',#8874);
#8874 = CARTESIAN_POINT('',(108.25,-107.146853,-3.5E-02));
#8875 = LINE('',#8876,#8877);
#8876 = CARTESIAN_POINT('',(108.25,-107.146853,0.));
#8877 = VECTOR('',#8878,1.);
#8878 = DIRECTION('',(0.,0.,-1.));
#8879 = ORIENTED_EDGE('',*,*,#8880,.T.);
#8880 = EDGE_CURVE('',#8873,#8881,#8883,.T.);
#8881 = VERTEX_POINT('',#8882);
#8882 = CARTESIAN_POINT('',(108.25,-109.998146,-3.5E-02));
#8883 = LINE('',#8884,#8885);
#8884 = CARTESIAN_POINT('',(108.25,-107.146853,-3.5E-02));
#8885 = VECTOR('',#8886,1.);
#8886 = DIRECTION('',(0.,-1.,0.));
#8887 = ORIENTED_EDGE('',*,*,#8888,.F.);
#8888 = EDGE_CURVE('',#8889,#8881,#8891,.T.);
#8889 = VERTEX_POINT('',#8890);
#8890 = CARTESIAN_POINT('',(108.25,-109.998146,0.));
#8891 = LINE('',#8892,#8893);
#8892 = CARTESIAN_POINT('',(108.25,-109.998146,0.));
#8893 = VECTOR('',#8894,1.);
#8894 = DIRECTION('',(0.,0.,-1.));
#8895 = ORIENTED_EDGE('',*,*,#8896,.F.);
#8896 = EDGE_CURVE('',#8871,#8889,#8897,.T.);
#8897 = LINE('',#8898,#8899);
#8898 = CARTESIAN_POINT('',(108.25,-107.146853,0.));
#8899 = VECTOR('',#8900,1.);
#8900 = DIRECTION('',(0.,-1.,0.));
#8901 = PLANE('',#8902);
#8902 = AXIS2_PLACEMENT_3D('',#8903,#8904,#8905);
#8903 = CARTESIAN_POINT('',(108.25,-107.146853,0.));
#8904 = DIRECTION('',(-1.,-0.,-0.));
#8905 = DIRECTION('',(0.,-1.,0.));
#8906 = ADVANCED_FACE('',(#8907),#8932,.F.);
#8907 = FACE_BOUND('',#8908,.F.);
#8908 = EDGE_LOOP('',(#8909,#8910,#8918,#8926));
#8909 = ORIENTED_EDGE('',*,*,#8888,.T.);
#8910 = ORIENTED_EDGE('',*,*,#8911,.T.);
#8911 = EDGE_CURVE('',#8881,#8912,#8914,.T.);
#8912 = VERTEX_POINT('',#8913);
#8913 = CARTESIAN_POINT('',(108.277164,-110.045195,-3.5E-02));
#8914 = LINE('',#8915,#8916);
#8915 = CARTESIAN_POINT('',(108.25,-109.998146,-3.5E-02));
#8916 = VECTOR('',#8917,1.);
#8917 = DIRECTION('',(0.500003412416,-0.866023433616,0.));
#8918 = ORIENTED_EDGE('',*,*,#8919,.F.);
#8919 = EDGE_CURVE('',#8920,#8912,#8922,.T.);
#8920 = VERTEX_POINT('',#8921);
#8921 = CARTESIAN_POINT('',(108.277164,-110.045195,0.));
#8922 = LINE('',#8923,#8924);
#8923 = CARTESIAN_POINT('',(108.277164,-110.045195,0.));
#8924 = VECTOR('',#8925,1.);
#8925 = DIRECTION('',(0.,0.,-1.));
#8926 = ORIENTED_EDGE('',*,*,#8927,.F.);
#8927 = EDGE_CURVE('',#8889,#8920,#8928,.T.);
#8928 = LINE('',#8929,#8930);
#8929 = CARTESIAN_POINT('',(108.25,-109.998146,0.));
#8930 = VECTOR('',#8931,1.);
#8931 = DIRECTION('',(0.500003412416,-0.866023433616,0.));
#8932 = PLANE('',#8933);
#8933 = AXIS2_PLACEMENT_3D('',#8934,#8935,#8936);
#8934 = CARTESIAN_POINT('',(108.25,-109.998146,0.));
#8935 = DIRECTION('',(-0.866023433616,-0.500003412416,-0.));
#8936 = DIRECTION('',(0.500003412416,-0.866023433616,0.));
#8937 = ADVANCED_FACE('',(#8938),#8965,.T.);
#8938 = FACE_BOUND('',#8939,.F.);
#8939 = EDGE_LOOP('',(#8940,#8941,#8950,#8958));
#8940 = ORIENTED_EDGE('',*,*,#8919,.T.);
#8941 = ORIENTED_EDGE('',*,*,#8942,.T.);
#8942 = EDGE_CURVE('',#8912,#8943,#8945,.T.);
#8943 = VERTEX_POINT('',#8944);
#8944 = CARTESIAN_POINT('',(107.722836,-110.045195,-3.5E-02));
#8945 = CIRCLE('',#8946,0.299999963886);
#8946 = AXIS2_PLACEMENT_3D('',#8947,#8948,#8949);
#8947 = CARTESIAN_POINT('',(108.,-110.1599995967,-3.5E-02));
#8948 = DIRECTION('',(0.,0.,-1.));
#8949 = DIRECTION('',(0.923880111217,0.382682035242,0.));
#8950 = ORIENTED_EDGE('',*,*,#8951,.F.);
#8951 = EDGE_CURVE('',#8952,#8943,#8954,.T.);
#8952 = VERTEX_POINT('',#8953);
#8953 = CARTESIAN_POINT('',(107.722836,-110.045195,0.));
#8954 = LINE('',#8955,#8956);
#8955 = CARTESIAN_POINT('',(107.722836,-110.045195,0.));
#8956 = VECTOR('',#8957,1.);
#8957 = DIRECTION('',(0.,0.,-1.));
#8958 = ORIENTED_EDGE('',*,*,#8959,.F.);
#8959 = EDGE_CURVE('',#8920,#8952,#8960,.T.);
#8960 = CIRCLE('',#8961,0.299999963886);
#8961 = AXIS2_PLACEMENT_3D('',#8962,#8963,#8964);
#8962 = CARTESIAN_POINT('',(108.,-110.1599995967,0.));
#8963 = DIRECTION('',(0.,0.,-1.));
#8964 = DIRECTION('',(0.923880111217,0.382682035242,0.));
#8965 = CYLINDRICAL_SURFACE('',#8966,0.299999963886);
#8966 = AXIS2_PLACEMENT_3D('',#8967,#8968,#8969);
#8967 = CARTESIAN_POINT('',(108.,-110.1599995967,0.));
#8968 = DIRECTION('',(-0.,-0.,1.));
#8969 = DIRECTION('',(0.923880111217,0.382682035242,0.));
#8970 = ADVANCED_FACE('',(#8971),#8996,.F.);
#8971 = FACE_BOUND('',#8972,.F.);
#8972 = EDGE_LOOP('',(#8973,#8974,#8982,#8990));
#8973 = ORIENTED_EDGE('',*,*,#8951,.T.);
#8974 = ORIENTED_EDGE('',*,*,#8975,.T.);
#8975 = EDGE_CURVE('',#8943,#8976,#8978,.T.);
#8976 = VERTEX_POINT('',#8977);
#8977 = CARTESIAN_POINT('',(107.75,-109.998146,-3.5E-02));
#8978 = LINE('',#8979,#8980);
#8979 = CARTESIAN_POINT('',(107.722836,-110.045195,-3.5E-02));
#8980 = VECTOR('',#8981,1.);
#8981 = DIRECTION('',(0.500003412416,0.866023433616,0.));
#8982 = ORIENTED_EDGE('',*,*,#8983,.F.);
#8983 = EDGE_CURVE('',#8984,#8976,#8986,.T.);
#8984 = VERTEX_POINT('',#8985);
#8985 = CARTESIAN_POINT('',(107.75,-109.998146,0.));
#8986 = LINE('',#8987,#8988);
#8987 = CARTESIAN_POINT('',(107.75,-109.998146,0.));
#8988 = VECTOR('',#8989,1.);
#8989 = DIRECTION('',(0.,0.,-1.));
#8990 = ORIENTED_EDGE('',*,*,#8991,.F.);
#8991 = EDGE_CURVE('',#8952,#8984,#8992,.T.);
#8992 = LINE('',#8993,#8994);
#8993 = CARTESIAN_POINT('',(107.722836,-110.045195,0.));
#8994 = VECTOR('',#8995,1.);
#8995 = DIRECTION('',(0.500003412416,0.866023433616,0.));
#8996 = PLANE('',#8997);
#8997 = AXIS2_PLACEMENT_3D('',#8998,#8999,#9000);
#8998 = CARTESIAN_POINT('',(107.722836,-110.045195,0.));
#8999 = DIRECTION('',(0.866023433616,-0.500003412416,0.));
#9000 = DIRECTION('',(0.500003412416,0.866023433616,0.));
#9001 = ADVANCED_FACE('',(#9002),#9027,.F.);
#9002 = FACE_BOUND('',#9003,.F.);
#9003 = EDGE_LOOP('',(#9004,#9005,#9013,#9021));
#9004 = ORIENTED_EDGE('',*,*,#8983,.T.);
#9005 = ORIENTED_EDGE('',*,*,#9006,.T.);
#9006 = EDGE_CURVE('',#8976,#9007,#9009,.T.);
#9007 = VERTEX_POINT('',#9008);
#9008 = CARTESIAN_POINT('',(107.75,-107.146853,-3.5E-02));
#9009 = LINE('',#9010,#9011);
#9010 = CARTESIAN_POINT('',(107.75,-109.998146,-3.5E-02));
#9011 = VECTOR('',#9012,1.);
#9012 = DIRECTION('',(0.,1.,0.));
#9013 = ORIENTED_EDGE('',*,*,#9014,.F.);
#9014 = EDGE_CURVE('',#9015,#9007,#9017,.T.);
#9015 = VERTEX_POINT('',#9016);
#9016 = CARTESIAN_POINT('',(107.75,-107.146853,0.));
#9017 = LINE('',#9018,#9019);
#9018 = CARTESIAN_POINT('',(107.75,-107.146853,0.));
#9019 = VECTOR('',#9020,1.);
#9020 = DIRECTION('',(0.,0.,-1.));
#9021 = ORIENTED_EDGE('',*,*,#9022,.F.);
#9022 = EDGE_CURVE('',#8984,#9015,#9023,.T.);
#9023 = LINE('',#9024,#9025);
#9024 = CARTESIAN_POINT('',(107.75,-109.998146,0.));
#9025 = VECTOR('',#9026,1.);
#9026 = DIRECTION('',(0.,1.,0.));
#9027 = PLANE('',#9028);
#9028 = AXIS2_PLACEMENT_3D('',#9029,#9030,#9031);
#9029 = CARTESIAN_POINT('',(107.75,-109.998146,0.));
#9030 = DIRECTION('',(1.,-0.,0.));
#9031 = DIRECTION('',(0.,1.,0.));
#9032 = ADVANCED_FACE('',(#9033),#9058,.F.);
#9033 = FACE_BOUND('',#9034,.F.);
#9034 = EDGE_LOOP('',(#9035,#9036,#9044,#9052));
#9035 = ORIENTED_EDGE('',*,*,#9014,.T.);
#9036 = ORIENTED_EDGE('',*,*,#9037,.T.);
#9037 = EDGE_CURVE('',#9007,#9038,#9040,.T.);
#9038 = VERTEX_POINT('',#9039);
#9039 = CARTESIAN_POINT('',(107.722836,-107.099805,-3.5E-02));
#9040 = LINE('',#9041,#9042);
#9041 = CARTESIAN_POINT('',(107.75,-107.146853,-3.5E-02));
#9042 = VECTOR('',#9043,1.);
#9043 = DIRECTION('',(-0.500011382954,0.866018831733,0.));
#9044 = ORIENTED_EDGE('',*,*,#9045,.F.);
#9045 = EDGE_CURVE('',#9046,#9038,#9048,.T.);
#9046 = VERTEX_POINT('',#9047);
#9047 = CARTESIAN_POINT('',(107.722836,-107.099805,0.));
#9048 = LINE('',#9049,#9050);
#9049 = CARTESIAN_POINT('',(107.722836,-107.099805,0.));
#9050 = VECTOR('',#9051,1.);
#9051 = DIRECTION('',(0.,0.,-1.));
#9052 = ORIENTED_EDGE('',*,*,#9053,.F.);
#9053 = EDGE_CURVE('',#9015,#9046,#9054,.T.);
#9054 = LINE('',#9055,#9056);
#9055 = CARTESIAN_POINT('',(107.75,-107.146853,0.));
#9056 = VECTOR('',#9057,1.);
#9057 = DIRECTION('',(-0.500011382954,0.866018831733,0.));
#9058 = PLANE('',#9059);
#9059 = AXIS2_PLACEMENT_3D('',#9060,#9061,#9062);
#9060 = CARTESIAN_POINT('',(107.75,-107.146853,0.));
#9061 = DIRECTION('',(0.866018831733,0.500011382954,0.));
#9062 = DIRECTION('',(-0.500011382954,0.866018831733,0.));
#9063 = ADVANCED_FACE('',(#9064),#9091,.T.);
#9064 = FACE_BOUND('',#9065,.F.);
#9065 = EDGE_LOOP('',(#9066,#9067,#9076,#9084));
#9066 = ORIENTED_EDGE('',*,*,#9045,.T.);
#9067 = ORIENTED_EDGE('',*,*,#9068,.T.);
#9068 = EDGE_CURVE('',#9038,#9069,#9071,.T.);
#9069 = VERTEX_POINT('',#9070);
#9070 = CARTESIAN_POINT('',(108.277164,-107.099805,-3.5E-02));
#9071 = CIRCLE('',#9072,0.300000118202);
#9072 = AXIS2_PLACEMENT_3D('',#9073,#9074,#9075);
#9073 = CARTESIAN_POINT('',(108.,-106.985,-3.5E-02));
#9074 = DIRECTION('',(0.,0.,-1.));
#9075 = DIRECTION('',(-0.923879635986,-0.382683182554,-0.));
#9076 = ORIENTED_EDGE('',*,*,#9077,.F.);
#9077 = EDGE_CURVE('',#9078,#9069,#9080,.T.);
#9078 = VERTEX_POINT('',#9079);
#9079 = CARTESIAN_POINT('',(108.277164,-107.099805,0.));
#9080 = LINE('',#9081,#9082);
#9081 = CARTESIAN_POINT('',(108.277164,-107.099805,0.));
#9082 = VECTOR('',#9083,1.);
#9083 = DIRECTION('',(0.,0.,-1.));
#9084 = ORIENTED_EDGE('',*,*,#9085,.F.);
#9085 = EDGE_CURVE('',#9046,#9078,#9086,.T.);
#9086 = CIRCLE('',#9087,0.300000118202);
#9087 = AXIS2_PLACEMENT_3D('',#9088,#9089,#9090);
#9088 = CARTESIAN_POINT('',(108.,-106.985,0.));
#9089 = DIRECTION('',(0.,0.,-1.));
#9090 = DIRECTION('',(-0.923879635986,-0.382683182554,-0.));
#9091 = CYLINDRICAL_SURFACE('',#9092,0.300000118202);
#9092 = AXIS2_PLACEMENT_3D('',#9093,#9094,#9095);
#9093 = CARTESIAN_POINT('',(108.,-106.985,0.));
#9094 = DIRECTION('',(-0.,-0.,1.));
#9095 = DIRECTION('',(-0.923879635986,-0.382683182554,-0.));
#9096 = ADVANCED_FACE('',(#9097),#9113,.F.);
#9097 = FACE_BOUND('',#9098,.F.);
#9098 = EDGE_LOOP('',(#9099,#9100,#9106,#9107));
#9099 = ORIENTED_EDGE('',*,*,#9077,.T.);
#9100 = ORIENTED_EDGE('',*,*,#9101,.T.);
#9101 = EDGE_CURVE('',#9069,#8873,#9102,.T.);
#9102 = LINE('',#9103,#9104);
#9103 = CARTESIAN_POINT('',(108.277164,-107.099805,-3.5E-02));
#9104 = VECTOR('',#9105,1.);
#9105 = DIRECTION('',(-0.500011382954,-0.866018831733,0.));
#9106 = ORIENTED_EDGE('',*,*,#8870,.F.);
#9107 = ORIENTED_EDGE('',*,*,#9108,.F.);
#9108 = EDGE_CURVE('',#9078,#8871,#9109,.T.);
#9109 = LINE('',#9110,#9111);
#9110 = CARTESIAN_POINT('',(108.277164,-107.099805,0.));
#9111 = VECTOR('',#9112,1.);
#9112 = DIRECTION('',(-0.500011382954,-0.866018831733,0.));
#9113 = PLANE('',#9114);
#9114 = AXIS2_PLACEMENT_3D('',#9115,#9116,#9117);
#9115 = CARTESIAN_POINT('',(108.277164,-107.099805,0.));
#9116 = DIRECTION('',(-0.866018831733,0.500011382954,0.));
#9117 = DIRECTION('',(-0.500011382954,-0.866018831733,0.));
#9118 = ADVANCED_FACE('',(#9119),#9146,.F.);
#9119 = FACE_BOUND('',#9120,.F.);
#9120 = EDGE_LOOP('',(#9121,#9131,#9138,#9139));
#9121 = ORIENTED_EDGE('',*,*,#9122,.T.);
#9122 = EDGE_CURVE('',#9123,#9125,#9127,.T.);
#9123 = VERTEX_POINT('',#9124);
#9124 = CARTESIAN_POINT('',(108.137255,-110.16,0.));
#9125 = VERTEX_POINT('',#9126);
#9126 = CARTESIAN_POINT('',(108.137255,-110.16,-3.5E-02));
#9127 = LINE('',#9128,#9129);
#9128 = CARTESIAN_POINT('',(108.137255,-110.16,0.));
#9129 = VECTOR('',#9130,1.);
#9130 = DIRECTION('',(0.,0.,-1.));
#9131 = ORIENTED_EDGE('',*,*,#9132,.T.);
#9132 = EDGE_CURVE('',#9125,#9125,#9133,.T.);
#9133 = CIRCLE('',#9134,0.137255);
#9134 = AXIS2_PLACEMENT_3D('',#9135,#9136,#9137);
#9135 = CARTESIAN_POINT('',(108.,-110.16,-3.5E-02));
#9136 = DIRECTION('',(0.,0.,1.));
#9137 = DIRECTION('',(1.,0.,-0.));
#9138 = ORIENTED_EDGE('',*,*,#9122,.F.);
#9139 = ORIENTED_EDGE('',*,*,#9140,.F.);
#9140 = EDGE_CURVE('',#9123,#9123,#9141,.T.);
#9141 = CIRCLE('',#9142,0.137255);
#9142 = AXIS2_PLACEMENT_3D('',#9143,#9144,#9145);
#9143 = CARTESIAN_POINT('',(108.,-110.16,0.));
#9144 = DIRECTION('',(0.,0.,1.));
#9145 = DIRECTION('',(1.,0.,-0.));
#9146 = CYLINDRICAL_SURFACE('',#9147,0.137255);
#9147 = AXIS2_PLACEMENT_3D('',#9148,#9149,#9150);
#9148 = CARTESIAN_POINT('',(108.,-110.16,0.));
#9149 = DIRECTION('',(0.,0.,1.));
#9150 = DIRECTION('',(1.,0.,-0.));
#9151 = ADVANCED_FACE('',(#9152),#9179,.F.);
#9152 = FACE_BOUND('',#9153,.F.);
#9153 = EDGE_LOOP('',(#9154,#9164,#9171,#9172));
#9154 = ORIENTED_EDGE('',*,*,#9155,.T.);
#9155 = EDGE_CURVE('',#9156,#9158,#9160,.T.);
#9156 = VERTEX_POINT('',#9157);
#9157 = CARTESIAN_POINT('',(108.137255,-106.985,0.));
#9158 = VERTEX_POINT('',#9159);
#9159 = CARTESIAN_POINT('',(108.137255,-106.985,-3.5E-02));
#9160 = LINE('',#9161,#9162);
#9161 = CARTESIAN_POINT('',(108.137255,-106.985,0.));
#9162 = VECTOR('',#9163,1.);
#9163 = DIRECTION('',(0.,0.,-1.));
#9164 = ORIENTED_EDGE('',*,*,#9165,.T.);
#9165 = EDGE_CURVE('',#9158,#9158,#9166,.T.);
#9166 = CIRCLE('',#9167,0.137255);
#9167 = AXIS2_PLACEMENT_3D('',#9168,#9169,#9170);
#9168 = CARTESIAN_POINT('',(108.,-106.985,-3.5E-02));
#9169 = DIRECTION('',(0.,0.,1.));
#9170 = DIRECTION('',(1.,0.,-0.));
#9171 = ORIENTED_EDGE('',*,*,#9155,.F.);
#9172 = ORIENTED_EDGE('',*,*,#9173,.F.);
#9173 = EDGE_CURVE('',#9156,#9156,#9174,.T.);
#9174 = CIRCLE('',#9175,0.137255);
#9175 = AXIS2_PLACEMENT_3D('',#9176,#9177,#9178);
#9176 = CARTESIAN_POINT('',(108.,-106.985,0.));
#9177 = DIRECTION('',(0.,0.,1.));
#9178 = DIRECTION('',(1.,0.,-0.));
#9179 = CYLINDRICAL_SURFACE('',#9180,0.137255);
#9180 = AXIS2_PLACEMENT_3D('',#9181,#9182,#9183);
#9181 = CARTESIAN_POINT('',(108.,-106.985,0.));
#9182 = DIRECTION('',(0.,0.,1.));
#9183 = DIRECTION('',(1.,0.,-0.));
#9184 = ADVANCED_FACE('',(#9185,#9195,#9198),#9201,.F.);
#9185 = FACE_BOUND('',#9186,.F.);
#9186 = EDGE_LOOP('',(#9187,#9188,#9189,#9190,#9191,#9192,#9193,#9194));
#9187 = ORIENTED_EDGE('',*,*,#8896,.T.);
#9188 = ORIENTED_EDGE('',*,*,#8927,.T.);
#9189 = ORIENTED_EDGE('',*,*,#8959,.T.);
#9190 = ORIENTED_EDGE('',*,*,#8991,.T.);
#9191 = ORIENTED_EDGE('',*,*,#9022,.T.);
#9192 = ORIENTED_EDGE('',*,*,#9053,.T.);
#9193 = ORIENTED_EDGE('',*,*,#9085,.T.);
#9194 = ORIENTED_EDGE('',*,*,#9108,.T.);
#9195 = FACE_BOUND('',#9196,.F.);
#9196 = EDGE_LOOP('',(#9197));
#9197 = ORIENTED_EDGE('',*,*,#9140,.T.);
#9198 = FACE_BOUND('',#9199,.F.);
#9199 = EDGE_LOOP('',(#9200));
#9200 = ORIENTED_EDGE('',*,*,#9173,.T.);
#9201 = PLANE('',#9202);
#9202 = AXIS2_PLACEMENT_3D('',#9203,#9204,#9205);
#9203 = CARTESIAN_POINT('',(0.,0.,0.));
#9204 = DIRECTION('',(-0.,-0.,-1.));
#9205 = DIRECTION('',(-1.,0.,0.));
#9206 = ADVANCED_FACE('',(#9207,#9217,#9220),#9223,.T.);
#9207 = FACE_BOUND('',#9208,.T.);
#9208 = EDGE_LOOP('',(#9209,#9210,#9211,#9212,#9213,#9214,#9215,#9216));
#9209 = ORIENTED_EDGE('',*,*,#8880,.T.);
#9210 = ORIENTED_EDGE('',*,*,#8911,.T.);
#9211 = ORIENTED_EDGE('',*,*,#8942,.T.);
#9212 = ORIENTED_EDGE('',*,*,#8975,.T.);
#9213 = ORIENTED_EDGE('',*,*,#9006,.T.);
#9214 = ORIENTED_EDGE('',*,*,#9037,.T.);
#9215 = ORIENTED_EDGE('',*,*,#9068,.T.);
#9216 = ORIENTED_EDGE('',*,*,#9101,.T.);
#9217 = FACE_BOUND('',#9218,.T.);
#9218 = EDGE_LOOP('',(#9219));
#9219 = ORIENTED_EDGE('',*,*,#9132,.T.);
#9220 = FACE_BOUND('',#9221,.T.);
#9221 = EDGE_LOOP('',(#9222));
#9222 = ORIENTED_EDGE('',*,*,#9165,.T.);
#9223 = PLANE('',#9224);
#9224 = AXIS2_PLACEMENT_3D('',#9225,#9226,#9227);
#9225 = CARTESIAN_POINT('',(0.,0.,-3.5E-02));
#9226 = DIRECTION('',(-0.,-0.,-1.));
#9227 = DIRECTION('',(-1.,0.,0.));
#9228 = ( GEOMETRIC_REPRESENTATION_CONTEXT(3) 
GLOBAL_UNCERTAINTY_ASSIGNED_CONTEXT((#9232)) 
GLOBAL_UNIT_ASSIGNED_CONTEXT((#9229,#9230,#9231)) REPRESENTATION_CONTEXT
('Context #1','3D Context with UNIT and UNCERTAINTY') );
#9229 = ( LENGTH_UNIT() NAMED_UNIT(*) SI_UNIT(.MILLI.,.METRE.) );
#9230 = ( NAMED_UNIT(*) PLANE_ANGLE_UNIT() SI_UNIT($,.RADIAN.) );
#9231 = ( NAMED_UNIT(*) SI_UNIT($,.STERADIAN.) SOLID_ANGLE_UNIT() );
#9232 = UNCERTAINTY_MEASURE_WITH_UNIT(LENGTH_MEASURE(1.E-07),#9229,
  'distance_accuracy_value','confusion accuracy');
#9233 = CONTEXT_DEPENDENT_SHAPE_REPRESENTATION(#9234,#9236);
#9234 = ( REPRESENTATION_RELATIONSHIP('','',#44,#10) 
REPRESENTATION_RELATIONSHIP_WITH_TRANSFORMATION(#9235) 
SHAPE_REPRESENTATION_RELATIONSHIP() );
#9235 = ITEM_DEFINED_TRANSFORMATION('','',#11,#15);
#9236 = PRODUCT_DEFINITION_SHAPE('Placement','Placement of an item',
  #9237);
#9237 = NEXT_ASSEMBLY_USAGE_OCCURRENCE('1','=>[0:1:1:2]','',#5,#39,$);
#9238 = PRODUCT_RELATED_PRODUCT_CATEGORY('part',$,(#41));
#9239 = SHAPE_DEFINITION_REPRESENTATION(#9240,#9246);
#9240 = PRODUCT_DEFINITION_SHAPE('','',#9241);
#9241 = PRODUCT_DEFINITION('design','',#9242,#9245);
#9242 = PRODUCT_DEFINITION_FORMATION('','',#9243);
#9243 = PRODUCT('wristband_modulo_pad','wristband_modulo_pad','',(#9244)
  );
#9244 = PRODUCT_CONTEXT('',#2,'mechanical');
#9245 = PRODUCT_DEFINITION_CONTEXT('part definition',#2,'design');
#9246 = SHAPE_REPRESENTATION('',(#11,#9247,#9397,#9547,#9697,#9847,#9997
    ,#10147,#10297,#10447,#10597,#10747,#10897,#11047,#11197,#11347,
    #11497,#11647,#11797,#11947,#12097,#12247,#12397,#12547,#12697,
    #12847,#12997,#13147,#13297,#13447,#13597,#13747,#13897,#14047,
    #14197,#14347,#14497,#14647,#14865,#15118,#15371,#15589,#15739,
    #16029,#16082,#16372,#16522,#16672,#16822,#16972,#17025,#17175,
    #17228,#17378,#17668,#17818,#18108),#18161);
#9247 = MANIFOLD_SOLID_BREP('',#9248);
#9248 = CLOSED_SHELL('',(#9249,#9289,#9320,#9351,#9373,#9385));
#9249 = ADVANCED_FACE('',(#9250),#9284,.T.);
#9250 = FACE_BOUND('',#9251,.T.);
#9251 = EDGE_LOOP('',(#9252,#9262,#9270,#9278));
#9252 = ORIENTED_EDGE('',*,*,#9253,.T.);
#9253 = EDGE_CURVE('',#9254,#9256,#9258,.T.);
#9254 = VERTEX_POINT('',#9255);
#9255 = CARTESIAN_POINT('',(97.01,-109.65,0.71));
#9256 = VERTEX_POINT('',#9257);
#9257 = CARTESIAN_POINT('',(97.01,-109.65,0.75));
#9258 = LINE('',#9259,#9260);
#9259 = CARTESIAN_POINT('',(97.01,-109.65,0.71));
#9260 = VECTOR('',#9261,1.);
#9261 = DIRECTION('',(0.,0.,1.));
#9262 = ORIENTED_EDGE('',*,*,#9263,.T.);
#9263 = EDGE_CURVE('',#9256,#9264,#9266,.T.);
#9264 = VERTEX_POINT('',#9265);
#9265 = CARTESIAN_POINT('',(97.01,-107.85,0.75));
#9266 = LINE('',#9267,#9268);
#9267 = CARTESIAN_POINT('',(97.01,-109.65,0.75));
#9268 = VECTOR('',#9269,1.);
#9269 = DIRECTION('',(0.,1.,0.));
#9270 = ORIENTED_EDGE('',*,*,#9271,.F.);
#9271 = EDGE_CURVE('',#9272,#9264,#9274,.T.);
#9272 = VERTEX_POINT('',#9273);
#9273 = CARTESIAN_POINT('',(97.01,-107.85,0.71));
#9274 = LINE('',#9275,#9276);
#9275 = CARTESIAN_POINT('',(97.01,-107.85,0.71));
#9276 = VECTOR('',#9277,1.);
#9277 = DIRECTION('',(0.,0.,1.));
#9278 = ORIENTED_EDGE('',*,*,#9279,.F.);
#9279 = EDGE_CURVE('',#9254,#9272,#9280,.T.);
#9280 = LINE('',#9281,#9282);
#9281 = CARTESIAN_POINT('',(97.01,-109.65,0.71));
#9282 = VECTOR('',#9283,1.);
#9283 = DIRECTION('',(0.,1.,0.));
#9284 = PLANE('',#9285);
#9285 = AXIS2_PLACEMENT_3D('',#9286,#9287,#9288);
#9286 = CARTESIAN_POINT('',(97.01,-109.65,0.71));
#9287 = DIRECTION('',(-1.,0.,0.));
#9288 = DIRECTION('',(0.,1.,0.));
#9289 = ADVANCED_FACE('',(#9290),#9315,.T.);
#9290 = FACE_BOUND('',#9291,.T.);
#9291 = EDGE_LOOP('',(#9292,#9293,#9301,#9309));
#9292 = ORIENTED_EDGE('',*,*,#9271,.T.);
#9293 = ORIENTED_EDGE('',*,*,#9294,.T.);
#9294 = EDGE_CURVE('',#9264,#9295,#9297,.T.);
#9295 = VERTEX_POINT('',#9296);
#9296 = CARTESIAN_POINT('',(97.71,-107.85,0.75));
#9297 = LINE('',#9298,#9299);
#9298 = CARTESIAN_POINT('',(97.01,-107.85,0.75));
#9299 = VECTOR('',#9300,1.);
#9300 = DIRECTION('',(1.,0.,0.));
#9301 = ORIENTED_EDGE('',*,*,#9302,.F.);
#9302 = EDGE_CURVE('',#9303,#9295,#9305,.T.);
#9303 = VERTEX_POINT('',#9304);
#9304 = CARTESIAN_POINT('',(97.71,-107.85,0.71));
#9305 = LINE('',#9306,#9307);
#9306 = CARTESIAN_POINT('',(97.71,-107.85,0.71));
#9307 = VECTOR('',#9308,1.);
#9308 = DIRECTION('',(0.,0.,1.));
#9309 = ORIENTED_EDGE('',*,*,#9310,.F.);
#9310 = EDGE_CURVE('',#9272,#9303,#9311,.T.);
#9311 = LINE('',#9312,#9313);
#9312 = CARTESIAN_POINT('',(97.01,-107.85,0.71));
#9313 = VECTOR('',#9314,1.);
#9314 = DIRECTION('',(1.,0.,0.));
#9315 = PLANE('',#9316);
#9316 = AXIS2_PLACEMENT_3D('',#9317,#9318,#9319);
#9317 = CARTESIAN_POINT('',(97.01,-107.85,0.71));
#9318 = DIRECTION('',(0.,1.,0.));
#9319 = DIRECTION('',(1.,0.,0.));
#9320 = ADVANCED_FACE('',(#9321),#9346,.T.);
#9321 = FACE_BOUND('',#9322,.T.);
#9322 = EDGE_LOOP('',(#9323,#9324,#9332,#9340));
#9323 = ORIENTED_EDGE('',*,*,#9302,.T.);
#9324 = ORIENTED_EDGE('',*,*,#9325,.T.);
#9325 = EDGE_CURVE('',#9295,#9326,#9328,.T.);
#9326 = VERTEX_POINT('',#9327);
#9327 = CARTESIAN_POINT('',(97.71,-109.65,0.75));
#9328 = LINE('',#9329,#9330);
#9329 = CARTESIAN_POINT('',(97.71,-107.85,0.75));
#9330 = VECTOR('',#9331,1.);
#9331 = DIRECTION('',(0.,-1.,0.));
#9332 = ORIENTED_EDGE('',*,*,#9333,.F.);
#9333 = EDGE_CURVE('',#9334,#9326,#9336,.T.);
#9334 = VERTEX_POINT('',#9335);
#9335 = CARTESIAN_POINT('',(97.71,-109.65,0.71));
#9336 = LINE('',#9337,#9338);
#9337 = CARTESIAN_POINT('',(97.71,-109.65,0.71));
#9338 = VECTOR('',#9339,1.);
#9339 = DIRECTION('',(0.,0.,1.));
#9340 = ORIENTED_EDGE('',*,*,#9341,.F.);
#9341 = EDGE_CURVE('',#9303,#9334,#9342,.T.);
#9342 = LINE('',#9343,#9344);
#9343 = CARTESIAN_POINT('',(97.71,-107.85,0.71));
#9344 = VECTOR('',#9345,1.);
#9345 = DIRECTION('',(0.,-1.,0.));
#9346 = PLANE('',#9347);
#9347 = AXIS2_PLACEMENT_3D('',#9348,#9349,#9350);
#9348 = CARTESIAN_POINT('',(97.71,-107.85,0.71));
#9349 = DIRECTION('',(1.,0.,-0.));
#9350 = DIRECTION('',(0.,-1.,0.));
#9351 = ADVANCED_FACE('',(#9352),#9368,.T.);
#9352 = FACE_BOUND('',#9353,.T.);
#9353 = EDGE_LOOP('',(#9354,#9355,#9361,#9362));
#9354 = ORIENTED_EDGE('',*,*,#9333,.T.);
#9355 = ORIENTED_EDGE('',*,*,#9356,.T.);
#9356 = EDGE_CURVE('',#9326,#9256,#9357,.T.);
#9357 = LINE('',#9358,#9359);
#9358 = CARTESIAN_POINT('',(97.71,-109.65,0.75));
#9359 = VECTOR('',#9360,1.);
#9360 = DIRECTION('',(-1.,0.,0.));
#9361 = ORIENTED_EDGE('',*,*,#9253,.F.);
#9362 = ORIENTED_EDGE('',*,*,#9363,.F.);
#9363 = EDGE_CURVE('',#9334,#9254,#9364,.T.);
#9364 = LINE('',#9365,#9366);
#9365 = CARTESIAN_POINT('',(97.71,-109.65,0.71));
#9366 = VECTOR('',#9367,1.);
#9367 = DIRECTION('',(-1.,0.,0.));
#9368 = PLANE('',#9369);
#9369 = AXIS2_PLACEMENT_3D('',#9370,#9371,#9372);
#9370 = CARTESIAN_POINT('',(97.71,-109.65,0.71));
#9371 = DIRECTION('',(0.,-1.,0.));
#9372 = DIRECTION('',(-1.,0.,0.));
#9373 = ADVANCED_FACE('',(#9374),#9380,.F.);
#9374 = FACE_BOUND('',#9375,.T.);
#9375 = EDGE_LOOP('',(#9376,#9377,#9378,#9379));
#9376 = ORIENTED_EDGE('',*,*,#9279,.T.);
#9377 = ORIENTED_EDGE('',*,*,#9310,.T.);
#9378 = ORIENTED_EDGE('',*,*,#9341,.T.);
#9379 = ORIENTED_EDGE('',*,*,#9363,.T.);
#9380 = PLANE('',#9381);
#9381 = AXIS2_PLACEMENT_3D('',#9382,#9383,#9384);
#9382 = CARTESIAN_POINT('',(0.,0.,0.71));
#9383 = DIRECTION('',(0.,0.,1.));
#9384 = DIRECTION('',(1.,0.,-0.));
#9385 = ADVANCED_FACE('',(#9386),#9392,.T.);
#9386 = FACE_BOUND('',#9387,.F.);
#9387 = EDGE_LOOP('',(#9388,#9389,#9390,#9391));
#9388 = ORIENTED_EDGE('',*,*,#9263,.T.);
#9389 = ORIENTED_EDGE('',*,*,#9294,.T.);
#9390 = ORIENTED_EDGE('',*,*,#9325,.T.);
#9391 = ORIENTED_EDGE('',*,*,#9356,.T.);
#9392 = PLANE('',#9393);
#9393 = AXIS2_PLACEMENT_3D('',#9394,#9395,#9396);
#9394 = CARTESIAN_POINT('',(0.,0.,0.75));
#9395 = DIRECTION('',(0.,0.,1.));
#9396 = DIRECTION('',(1.,0.,-0.));
#9397 = MANIFOLD_SOLID_BREP('',#9398);
#9398 = CLOSED_SHELL('',(#9399,#9439,#9470,#9501,#9523,#9535));
#9399 = ADVANCED_FACE('',(#9400),#9434,.T.);
#9400 = FACE_BOUND('',#9401,.T.);
#9401 = EDGE_LOOP('',(#9402,#9412,#9420,#9428));
#9402 = ORIENTED_EDGE('',*,*,#9403,.T.);
#9403 = EDGE_CURVE('',#9404,#9406,#9408,.T.);
#9404 = VERTEX_POINT('',#9405);
#9405 = CARTESIAN_POINT('',(98.28,-109.65,0.71));
#9406 = VERTEX_POINT('',#9407);
#9407 = CARTESIAN_POINT('',(98.28,-109.65,0.75));
#9408 = LINE('',#9409,#9410);
#9409 = CARTESIAN_POINT('',(98.28,-109.65,0.71));
#9410 = VECTOR('',#9411,1.);
#9411 = DIRECTION('',(0.,0.,1.));
#9412 = ORIENTED_EDGE('',*,*,#9413,.T.);
#9413 = EDGE_CURVE('',#9406,#9414,#9416,.T.);
#9414 = VERTEX_POINT('',#9415);
#9415 = CARTESIAN_POINT('',(98.28,-107.85,0.75));
#9416 = LINE('',#9417,#9418);
#9417 = CARTESIAN_POINT('',(98.28,-109.65,0.75));
#9418 = VECTOR('',#9419,1.);
#9419 = DIRECTION('',(0.,1.,0.));
#9420 = ORIENTED_EDGE('',*,*,#9421,.F.);
#9421 = EDGE_CURVE('',#9422,#9414,#9424,.T.);
#9422 = VERTEX_POINT('',#9423);
#9423 = CARTESIAN_POINT('',(98.28,-107.85,0.71));
#9424 = LINE('',#9425,#9426);
#9425 = CARTESIAN_POINT('',(98.28,-107.85,0.71));
#9426 = VECTOR('',#9427,1.);
#9427 = DIRECTION('',(0.,0.,1.));
#9428 = ORIENTED_EDGE('',*,*,#9429,.F.);
#9429 = EDGE_CURVE('',#9404,#9422,#9430,.T.);
#9430 = LINE('',#9431,#9432);
#9431 = CARTESIAN_POINT('',(98.28,-109.65,0.71));
#9432 = VECTOR('',#9433,1.);
#9433 = DIRECTION('',(0.,1.,0.));
#9434 = PLANE('',#9435);
#9435 = AXIS2_PLACEMENT_3D('',#9436,#9437,#9438);
#9436 = CARTESIAN_POINT('',(98.28,-109.65,0.71));
#9437 = DIRECTION('',(-1.,0.,0.));
#9438 = DIRECTION('',(0.,1.,0.));
#9439 = ADVANCED_FACE('',(#9440),#9465,.T.);
#9440 = FACE_BOUND('',#9441,.T.);
#9441 = EDGE_LOOP('',(#9442,#9443,#9451,#9459));
#9442 = ORIENTED_EDGE('',*,*,#9421,.T.);
#9443 = ORIENTED_EDGE('',*,*,#9444,.T.);
#9444 = EDGE_CURVE('',#9414,#9445,#9447,.T.);
#9445 = VERTEX_POINT('',#9446);
#9446 = CARTESIAN_POINT('',(98.98,-107.85,0.75));
#9447 = LINE('',#9448,#9449);
#9448 = CARTESIAN_POINT('',(98.28,-107.85,0.75));
#9449 = VECTOR('',#9450,1.);
#9450 = DIRECTION('',(1.,0.,0.));
#9451 = ORIENTED_EDGE('',*,*,#9452,.F.);
#9452 = EDGE_CURVE('',#9453,#9445,#9455,.T.);
#9453 = VERTEX_POINT('',#9454);
#9454 = CARTESIAN_POINT('',(98.98,-107.85,0.71));
#9455 = LINE('',#9456,#9457);
#9456 = CARTESIAN_POINT('',(98.98,-107.85,0.71));
#9457 = VECTOR('',#9458,1.);
#9458 = DIRECTION('',(0.,0.,1.));
#9459 = ORIENTED_EDGE('',*,*,#9460,.F.);
#9460 = EDGE_CURVE('',#9422,#9453,#9461,.T.);
#9461 = LINE('',#9462,#9463);
#9462 = CARTESIAN_POINT('',(98.28,-107.85,0.71));
#9463 = VECTOR('',#9464,1.);
#9464 = DIRECTION('',(1.,0.,0.));
#9465 = PLANE('',#9466);
#9466 = AXIS2_PLACEMENT_3D('',#9467,#9468,#9469);
#9467 = CARTESIAN_POINT('',(98.28,-107.85,0.71));
#9468 = DIRECTION('',(0.,1.,0.));
#9469 = DIRECTION('',(1.,0.,0.));
#9470 = ADVANCED_FACE('',(#9471),#9496,.T.);
#9471 = FACE_BOUND('',#9472,.T.);
#9472 = EDGE_LOOP('',(#9473,#9474,#9482,#9490));
#9473 = ORIENTED_EDGE('',*,*,#9452,.T.);
#9474 = ORIENTED_EDGE('',*,*,#9475,.T.);
#9475 = EDGE_CURVE('',#9445,#9476,#9478,.T.);
#9476 = VERTEX_POINT('',#9477);
#9477 = CARTESIAN_POINT('',(98.98,-109.65,0.75));
#9478 = LINE('',#9479,#9480);
#9479 = CARTESIAN_POINT('',(98.98,-107.85,0.75));
#9480 = VECTOR('',#9481,1.);
#9481 = DIRECTION('',(0.,-1.,0.));
#9482 = ORIENTED_EDGE('',*,*,#9483,.F.);
#9483 = EDGE_CURVE('',#9484,#9476,#9486,.T.);
#9484 = VERTEX_POINT('',#9485);
#9485 = CARTESIAN_POINT('',(98.98,-109.65,0.71));
#9486 = LINE('',#9487,#9488);
#9487 = CARTESIAN_POINT('',(98.98,-109.65,0.71));
#9488 = VECTOR('',#9489,1.);
#9489 = DIRECTION('',(0.,0.,1.));
#9490 = ORIENTED_EDGE('',*,*,#9491,.F.);
#9491 = EDGE_CURVE('',#9453,#9484,#9492,.T.);
#9492 = LINE('',#9493,#9494);
#9493 = CARTESIAN_POINT('',(98.98,-107.85,0.71));
#9494 = VECTOR('',#9495,1.);
#9495 = DIRECTION('',(0.,-1.,0.));
#9496 = PLANE('',#9497);
#9497 = AXIS2_PLACEMENT_3D('',#9498,#9499,#9500);
#9498 = CARTESIAN_POINT('',(98.98,-107.85,0.71));
#9499 = DIRECTION('',(1.,0.,-0.));
#9500 = DIRECTION('',(0.,-1.,0.));
#9501 = ADVANCED_FACE('',(#9502),#9518,.T.);
#9502 = FACE_BOUND('',#9503,.T.);
#9503 = EDGE_LOOP('',(#9504,#9505,#9511,#9512));
#9504 = ORIENTED_EDGE('',*,*,#9483,.T.);
#9505 = ORIENTED_EDGE('',*,*,#9506,.T.);
#9506 = EDGE_CURVE('',#9476,#9406,#9507,.T.);
#9507 = LINE('',#9508,#9509);
#9508 = CARTESIAN_POINT('',(98.98,-109.65,0.75));
#9509 = VECTOR('',#9510,1.);
#9510 = DIRECTION('',(-1.,0.,0.));
#9511 = ORIENTED_EDGE('',*,*,#9403,.F.);
#9512 = ORIENTED_EDGE('',*,*,#9513,.F.);
#9513 = EDGE_CURVE('',#9484,#9404,#9514,.T.);
#9514 = LINE('',#9515,#9516);
#9515 = CARTESIAN_POINT('',(98.98,-109.65,0.71));
#9516 = VECTOR('',#9517,1.);
#9517 = DIRECTION('',(-1.,0.,0.));
#9518 = PLANE('',#9519);
#9519 = AXIS2_PLACEMENT_3D('',#9520,#9521,#9522);
#9520 = CARTESIAN_POINT('',(98.98,-109.65,0.71));
#9521 = DIRECTION('',(0.,-1.,0.));
#9522 = DIRECTION('',(-1.,0.,0.));
#9523 = ADVANCED_FACE('',(#9524),#9530,.F.);
#9524 = FACE_BOUND('',#9525,.T.);
#9525 = EDGE_LOOP('',(#9526,#9527,#9528,#9529));
#9526 = ORIENTED_EDGE('',*,*,#9429,.T.);
#9527 = ORIENTED_EDGE('',*,*,#9460,.T.);
#9528 = ORIENTED_EDGE('',*,*,#9491,.T.);
#9529 = ORIENTED_EDGE('',*,*,#9513,.T.);
#9530 = PLANE('',#9531);
#9531 = AXIS2_PLACEMENT_3D('',#9532,#9533,#9534);
#9532 = CARTESIAN_POINT('',(0.,0.,0.71));
#9533 = DIRECTION('',(0.,0.,1.));
#9534 = DIRECTION('',(1.,0.,-0.));
#9535 = ADVANCED_FACE('',(#9536),#9542,.T.);
#9536 = FACE_BOUND('',#9537,.F.);
#9537 = EDGE_LOOP('',(#9538,#9539,#9540,#9541));
#9538 = ORIENTED_EDGE('',*,*,#9413,.T.);
#9539 = ORIENTED_EDGE('',*,*,#9444,.T.);
#9540 = ORIENTED_EDGE('',*,*,#9475,.T.);
#9541 = ORIENTED_EDGE('',*,*,#9506,.T.);
#9542 = PLANE('',#9543);
#9543 = AXIS2_PLACEMENT_3D('',#9544,#9545,#9546);
#9544 = CARTESIAN_POINT('',(0.,0.,0.75));
#9545 = DIRECTION('',(0.,0.,1.));
#9546 = DIRECTION('',(1.,0.,-0.));
#9547 = MANIFOLD_SOLID_BREP('',#9548);
#9548 = CLOSED_SHELL('',(#9549,#9589,#9620,#9651,#9673,#9685));
#9549 = ADVANCED_FACE('',(#9550),#9584,.T.);
#9550 = FACE_BOUND('',#9551,.T.);
#9551 = EDGE_LOOP('',(#9552,#9562,#9570,#9578));
#9552 = ORIENTED_EDGE('',*,*,#9553,.T.);
#9553 = EDGE_CURVE('',#9554,#9556,#9558,.T.);
#9554 = VERTEX_POINT('',#9555);
#9555 = CARTESIAN_POINT('',(99.55,-109.65,0.71));
#9556 = VERTEX_POINT('',#9557);
#9557 = CARTESIAN_POINT('',(99.55,-109.65,0.75));
#9558 = LINE('',#9559,#9560);
#9559 = CARTESIAN_POINT('',(99.55,-109.65,0.71));
#9560 = VECTOR('',#9561,1.);
#9561 = DIRECTION('',(0.,0.,1.));
#9562 = ORIENTED_EDGE('',*,*,#9563,.T.);
#9563 = EDGE_CURVE('',#9556,#9564,#9566,.T.);
#9564 = VERTEX_POINT('',#9565);
#9565 = CARTESIAN_POINT('',(99.55,-107.85,0.75));
#9566 = LINE('',#9567,#9568);
#9567 = CARTESIAN_POINT('',(99.55,-109.65,0.75));
#9568 = VECTOR('',#9569,1.);
#9569 = DIRECTION('',(0.,1.,0.));
#9570 = ORIENTED_EDGE('',*,*,#9571,.F.);
#9571 = EDGE_CURVE('',#9572,#9564,#9574,.T.);
#9572 = VERTEX_POINT('',#9573);
#9573 = CARTESIAN_POINT('',(99.55,-107.85,0.71));
#9574 = LINE('',#9575,#9576);
#9575 = CARTESIAN_POINT('',(99.55,-107.85,0.71));
#9576 = VECTOR('',#9577,1.);
#9577 = DIRECTION('',(0.,0.,1.));
#9578 = ORIENTED_EDGE('',*,*,#9579,.F.);
#9579 = EDGE_CURVE('',#9554,#9572,#9580,.T.);
#9580 = LINE('',#9581,#9582);
#9581 = CARTESIAN_POINT('',(99.55,-109.65,0.71));
#9582 = VECTOR('',#9583,1.);
#9583 = DIRECTION('',(0.,1.,0.));
#9584 = PLANE('',#9585);
#9585 = AXIS2_PLACEMENT_3D('',#9586,#9587,#9588);
#9586 = CARTESIAN_POINT('',(99.55,-109.65,0.71));
#9587 = DIRECTION('',(-1.,0.,0.));
#9588 = DIRECTION('',(0.,1.,0.));
#9589 = ADVANCED_FACE('',(#9590),#9615,.T.);
#9590 = FACE_BOUND('',#9591,.T.);
#9591 = EDGE_LOOP('',(#9592,#9593,#9601,#9609));
#9592 = ORIENTED_EDGE('',*,*,#9571,.T.);
#9593 = ORIENTED_EDGE('',*,*,#9594,.T.);
#9594 = EDGE_CURVE('',#9564,#9595,#9597,.T.);
#9595 = VERTEX_POINT('',#9596);
#9596 = CARTESIAN_POINT('',(100.25,-107.85,0.75));
#9597 = LINE('',#9598,#9599);
#9598 = CARTESIAN_POINT('',(99.55,-107.85,0.75));
#9599 = VECTOR('',#9600,1.);
#9600 = DIRECTION('',(1.,0.,0.));
#9601 = ORIENTED_EDGE('',*,*,#9602,.F.);
#9602 = EDGE_CURVE('',#9603,#9595,#9605,.T.);
#9603 = VERTEX_POINT('',#9604);
#9604 = CARTESIAN_POINT('',(100.25,-107.85,0.71));
#9605 = LINE('',#9606,#9607);
#9606 = CARTESIAN_POINT('',(100.25,-107.85,0.71));
#9607 = VECTOR('',#9608,1.);
#9608 = DIRECTION('',(0.,0.,1.));
#9609 = ORIENTED_EDGE('',*,*,#9610,.F.);
#9610 = EDGE_CURVE('',#9572,#9603,#9611,.T.);
#9611 = LINE('',#9612,#9613);
#9612 = CARTESIAN_POINT('',(99.55,-107.85,0.71));
#9613 = VECTOR('',#9614,1.);
#9614 = DIRECTION('',(1.,0.,0.));
#9615 = PLANE('',#9616);
#9616 = AXIS2_PLACEMENT_3D('',#9617,#9618,#9619);
#9617 = CARTESIAN_POINT('',(99.55,-107.85,0.71));
#9618 = DIRECTION('',(0.,1.,0.));
#9619 = DIRECTION('',(1.,0.,0.));
#9620 = ADVANCED_FACE('',(#9621),#9646,.T.);
#9621 = FACE_BOUND('',#9622,.T.);
#9622 = EDGE_LOOP('',(#9623,#9624,#9632,#9640));
#9623 = ORIENTED_EDGE('',*,*,#9602,.T.);
#9624 = ORIENTED_EDGE('',*,*,#9625,.T.);
#9625 = EDGE_CURVE('',#9595,#9626,#9628,.T.);
#9626 = VERTEX_POINT('',#9627);
#9627 = CARTESIAN_POINT('',(100.25,-109.65,0.75));
#9628 = LINE('',#9629,#9630);
#9629 = CARTESIAN_POINT('',(100.25,-107.85,0.75));
#9630 = VECTOR('',#9631,1.);
#9631 = DIRECTION('',(0.,-1.,0.));
#9632 = ORIENTED_EDGE('',*,*,#9633,.F.);
#9633 = EDGE_CURVE('',#9634,#9626,#9636,.T.);
#9634 = VERTEX_POINT('',#9635);
#9635 = CARTESIAN_POINT('',(100.25,-109.65,0.71));
#9636 = LINE('',#9637,#9638);
#9637 = CARTESIAN_POINT('',(100.25,-109.65,0.71));
#9638 = VECTOR('',#9639,1.);
#9639 = DIRECTION('',(0.,0.,1.));
#9640 = ORIENTED_EDGE('',*,*,#9641,.F.);
#9641 = EDGE_CURVE('',#9603,#9634,#9642,.T.);
#9642 = LINE('',#9643,#9644);
#9643 = CARTESIAN_POINT('',(100.25,-107.85,0.71));
#9644 = VECTOR('',#9645,1.);
#9645 = DIRECTION('',(0.,-1.,0.));
#9646 = PLANE('',#9647);
#9647 = AXIS2_PLACEMENT_3D('',#9648,#9649,#9650);
#9648 = CARTESIAN_POINT('',(100.25,-107.85,0.71));
#9649 = DIRECTION('',(1.,0.,-0.));
#9650 = DIRECTION('',(0.,-1.,0.));
#9651 = ADVANCED_FACE('',(#9652),#9668,.T.);
#9652 = FACE_BOUND('',#9653,.T.);
#9653 = EDGE_LOOP('',(#9654,#9655,#9661,#9662));
#9654 = ORIENTED_EDGE('',*,*,#9633,.T.);
#9655 = ORIENTED_EDGE('',*,*,#9656,.T.);
#9656 = EDGE_CURVE('',#9626,#9556,#9657,.T.);
#9657 = LINE('',#9658,#9659);
#9658 = CARTESIAN_POINT('',(100.25,-109.65,0.75));
#9659 = VECTOR('',#9660,1.);
#9660 = DIRECTION('',(-1.,0.,0.));
#9661 = ORIENTED_EDGE('',*,*,#9553,.F.);
#9662 = ORIENTED_EDGE('',*,*,#9663,.F.);
#9663 = EDGE_CURVE('',#9634,#9554,#9664,.T.);
#9664 = LINE('',#9665,#9666);
#9665 = CARTESIAN_POINT('',(100.25,-109.65,0.71));
#9666 = VECTOR('',#9667,1.);
#9667 = DIRECTION('',(-1.,0.,0.));
#9668 = PLANE('',#9669);
#9669 = AXIS2_PLACEMENT_3D('',#9670,#9671,#9672);
#9670 = CARTESIAN_POINT('',(100.25,-109.65,0.71));
#9671 = DIRECTION('',(0.,-1.,0.));
#9672 = DIRECTION('',(-1.,0.,0.));
#9673 = ADVANCED_FACE('',(#9674),#9680,.F.);
#9674 = FACE_BOUND('',#9675,.T.);
#9675 = EDGE_LOOP('',(#9676,#9677,#9678,#9679));
#9676 = ORIENTED_EDGE('',*,*,#9579,.T.);
#9677 = ORIENTED_EDGE('',*,*,#9610,.T.);
#9678 = ORIENTED_EDGE('',*,*,#9641,.T.);
#9679 = ORIENTED_EDGE('',*,*,#9663,.T.);
#9680 = PLANE('',#9681);
#9681 = AXIS2_PLACEMENT_3D('',#9682,#9683,#9684);
#9682 = CARTESIAN_POINT('',(0.,0.,0.71));
#9683 = DIRECTION('',(0.,0.,1.));
#9684 = DIRECTION('',(1.,0.,-0.));
#9685 = ADVANCED_FACE('',(#9686),#9692,.T.);
#9686 = FACE_BOUND('',#9687,.F.);
#9687 = EDGE_LOOP('',(#9688,#9689,#9690,#9691));
#9688 = ORIENTED_EDGE('',*,*,#9563,.T.);
#9689 = ORIENTED_EDGE('',*,*,#9594,.T.);
#9690 = ORIENTED_EDGE('',*,*,#9625,.T.);
#9691 = ORIENTED_EDGE('',*,*,#9656,.T.);
#9692 = PLANE('',#9693);
#9693 = AXIS2_PLACEMENT_3D('',#9694,#9695,#9696);
#9694 = CARTESIAN_POINT('',(0.,0.,0.75));
#9695 = DIRECTION('',(0.,0.,1.));
#9696 = DIRECTION('',(1.,0.,-0.));
#9697 = MANIFOLD_SOLID_BREP('',#9698);
#9698 = CLOSED_SHELL('',(#9699,#9739,#9770,#9801,#9823,#9835));
#9699 = ADVANCED_FACE('',(#9700),#9734,.T.);
#9700 = FACE_BOUND('',#9701,.T.);
#9701 = EDGE_LOOP('',(#9702,#9712,#9720,#9728));
#9702 = ORIENTED_EDGE('',*,*,#9703,.T.);
#9703 = EDGE_CURVE('',#9704,#9706,#9708,.T.);
#9704 = VERTEX_POINT('',#9705);
#9705 = CARTESIAN_POINT('',(100.82,-109.65,0.71));
#9706 = VERTEX_POINT('',#9707);
#9707 = CARTESIAN_POINT('',(100.82,-109.65,0.75));
#9708 = LINE('',#9709,#9710);
#9709 = CARTESIAN_POINT('',(100.82,-109.65,0.71));
#9710 = VECTOR('',#9711,1.);
#9711 = DIRECTION('',(0.,0.,1.));
#9712 = ORIENTED_EDGE('',*,*,#9713,.T.);
#9713 = EDGE_CURVE('',#9706,#9714,#9716,.T.);
#9714 = VERTEX_POINT('',#9715);
#9715 = CARTESIAN_POINT('',(100.82,-107.85,0.75));
#9716 = LINE('',#9717,#9718);
#9717 = CARTESIAN_POINT('',(100.82,-109.65,0.75));
#9718 = VECTOR('',#9719,1.);
#9719 = DIRECTION('',(0.,1.,0.));
#9720 = ORIENTED_EDGE('',*,*,#9721,.F.);
#9721 = EDGE_CURVE('',#9722,#9714,#9724,.T.);
#9722 = VERTEX_POINT('',#9723);
#9723 = CARTESIAN_POINT('',(100.82,-107.85,0.71));
#9724 = LINE('',#9725,#9726);
#9725 = CARTESIAN_POINT('',(100.82,-107.85,0.71));
#9726 = VECTOR('',#9727,1.);
#9727 = DIRECTION('',(0.,0.,1.));
#9728 = ORIENTED_EDGE('',*,*,#9729,.F.);
#9729 = EDGE_CURVE('',#9704,#9722,#9730,.T.);
#9730 = LINE('',#9731,#9732);
#9731 = CARTESIAN_POINT('',(100.82,-109.65,0.71));
#9732 = VECTOR('',#9733,1.);
#9733 = DIRECTION('',(0.,1.,0.));
#9734 = PLANE('',#9735);
#9735 = AXIS2_PLACEMENT_3D('',#9736,#9737,#9738);
#9736 = CARTESIAN_POINT('',(100.82,-109.65,0.71));
#9737 = DIRECTION('',(-1.,0.,0.));
#9738 = DIRECTION('',(0.,1.,0.));
#9739 = ADVANCED_FACE('',(#9740),#9765,.T.);
#9740 = FACE_BOUND('',#9741,.T.);
#9741 = EDGE_LOOP('',(#9742,#9743,#9751,#9759));
#9742 = ORIENTED_EDGE('',*,*,#9721,.T.);
#9743 = ORIENTED_EDGE('',*,*,#9744,.T.);
#9744 = EDGE_CURVE('',#9714,#9745,#9747,.T.);
#9745 = VERTEX_POINT('',#9746);
#9746 = CARTESIAN_POINT('',(101.52,-107.85,0.75));
#9747 = LINE('',#9748,#9749);
#9748 = CARTESIAN_POINT('',(100.82,-107.85,0.75));
#9749 = VECTOR('',#9750,1.);
#9750 = DIRECTION('',(1.,0.,0.));
#9751 = ORIENTED_EDGE('',*,*,#9752,.F.);
#9752 = EDGE_CURVE('',#9753,#9745,#9755,.T.);
#9753 = VERTEX_POINT('',#9754);
#9754 = CARTESIAN_POINT('',(101.52,-107.85,0.71));
#9755 = LINE('',#9756,#9757);
#9756 = CARTESIAN_POINT('',(101.52,-107.85,0.71));
#9757 = VECTOR('',#9758,1.);
#9758 = DIRECTION('',(0.,0.,1.));
#9759 = ORIENTED_EDGE('',*,*,#9760,.F.);
#9760 = EDGE_CURVE('',#9722,#9753,#9761,.T.);
#9761 = LINE('',#9762,#9763);
#9762 = CARTESIAN_POINT('',(100.82,-107.85,0.71));
#9763 = VECTOR('',#9764,1.);
#9764 = DIRECTION('',(1.,0.,0.));
#9765 = PLANE('',#9766);
#9766 = AXIS2_PLACEMENT_3D('',#9767,#9768,#9769);
#9767 = CARTESIAN_POINT('',(100.82,-107.85,0.71));
#9768 = DIRECTION('',(0.,1.,0.));
#9769 = DIRECTION('',(1.,0.,0.));
#9770 = ADVANCED_FACE('',(#9771),#9796,.T.);
#9771 = FACE_BOUND('',#9772,.T.);
#9772 = EDGE_LOOP('',(#9773,#9774,#9782,#9790));
#9773 = ORIENTED_EDGE('',*,*,#9752,.T.);
#9774 = ORIENTED_EDGE('',*,*,#9775,.T.);
#9775 = EDGE_CURVE('',#9745,#9776,#9778,.T.);
#9776 = VERTEX_POINT('',#9777);
#9777 = CARTESIAN_POINT('',(101.52,-109.65,0.75));
#9778 = LINE('',#9779,#9780);
#9779 = CARTESIAN_POINT('',(101.52,-107.85,0.75));
#9780 = VECTOR('',#9781,1.);
#9781 = DIRECTION('',(0.,-1.,0.));
#9782 = ORIENTED_EDGE('',*,*,#9783,.F.);
#9783 = EDGE_CURVE('',#9784,#9776,#9786,.T.);
#9784 = VERTEX_POINT('',#9785);
#9785 = CARTESIAN_POINT('',(101.52,-109.65,0.71));
#9786 = LINE('',#9787,#9788);
#9787 = CARTESIAN_POINT('',(101.52,-109.65,0.71));
#9788 = VECTOR('',#9789,1.);
#9789 = DIRECTION('',(0.,0.,1.));
#9790 = ORIENTED_EDGE('',*,*,#9791,.F.);
#9791 = EDGE_CURVE('',#9753,#9784,#9792,.T.);
#9792 = LINE('',#9793,#9794);
#9793 = CARTESIAN_POINT('',(101.52,-107.85,0.71));
#9794 = VECTOR('',#9795,1.);
#9795 = DIRECTION('',(0.,-1.,0.));
#9796 = PLANE('',#9797);
#9797 = AXIS2_PLACEMENT_3D('',#9798,#9799,#9800);
#9798 = CARTESIAN_POINT('',(101.52,-107.85,0.71));
#9799 = DIRECTION('',(1.,0.,-0.));
#9800 = DIRECTION('',(0.,-1.,0.));
#9801 = ADVANCED_FACE('',(#9802),#9818,.T.);
#9802 = FACE_BOUND('',#9803,.T.);
#9803 = EDGE_LOOP('',(#9804,#9805,#9811,#9812));
#9804 = ORIENTED_EDGE('',*,*,#9783,.T.);
#9805 = ORIENTED_EDGE('',*,*,#9806,.T.);
#9806 = EDGE_CURVE('',#9776,#9706,#9807,.T.);
#9807 = LINE('',#9808,#9809);
#9808 = CARTESIAN_POINT('',(101.52,-109.65,0.75));
#9809 = VECTOR('',#9810,1.);
#9810 = DIRECTION('',(-1.,0.,0.));
#9811 = ORIENTED_EDGE('',*,*,#9703,.F.);
#9812 = ORIENTED_EDGE('',*,*,#9813,.F.);
#9813 = EDGE_CURVE('',#9784,#9704,#9814,.T.);
#9814 = LINE('',#9815,#9816);
#9815 = CARTESIAN_POINT('',(101.52,-109.65,0.71));
#9816 = VECTOR('',#9817,1.);
#9817 = DIRECTION('',(-1.,0.,0.));
#9818 = PLANE('',#9819);
#9819 = AXIS2_PLACEMENT_3D('',#9820,#9821,#9822);
#9820 = CARTESIAN_POINT('',(101.52,-109.65,0.71));
#9821 = DIRECTION('',(0.,-1.,0.));
#9822 = DIRECTION('',(-1.,0.,0.));
#9823 = ADVANCED_FACE('',(#9824),#9830,.F.);
#9824 = FACE_BOUND('',#9825,.T.);
#9825 = EDGE_LOOP('',(#9826,#9827,#9828,#9829));
#9826 = ORIENTED_EDGE('',*,*,#9729,.T.);
#9827 = ORIENTED_EDGE('',*,*,#9760,.T.);
#9828 = ORIENTED_EDGE('',*,*,#9791,.T.);
#9829 = ORIENTED_EDGE('',*,*,#9813,.T.);
#9830 = PLANE('',#9831);
#9831 = AXIS2_PLACEMENT_3D('',#9832,#9833,#9834);
#9832 = CARTESIAN_POINT('',(0.,0.,0.71));
#9833 = DIRECTION('',(0.,0.,1.));
#9834 = DIRECTION('',(1.,0.,-0.));
#9835 = ADVANCED_FACE('',(#9836),#9842,.T.);
#9836 = FACE_BOUND('',#9837,.F.);
#9837 = EDGE_LOOP('',(#9838,#9839,#9840,#9841));
#9838 = ORIENTED_EDGE('',*,*,#9713,.T.);
#9839 = ORIENTED_EDGE('',*,*,#9744,.T.);
#9840 = ORIENTED_EDGE('',*,*,#9775,.T.);
#9841 = ORIENTED_EDGE('',*,*,#9806,.T.);
#9842 = PLANE('',#9843);
#9843 = AXIS2_PLACEMENT_3D('',#9844,#9845,#9846);
#9844 = CARTESIAN_POINT('',(0.,0.,0.75));
#9845 = DIRECTION('',(0.,0.,1.));
#9846 = DIRECTION('',(1.,0.,-0.));
#9847 = MANIFOLD_SOLID_BREP('',#9848);
#9848 = CLOSED_SHELL('',(#9849,#9889,#9920,#9951,#9973,#9985));
#9849 = ADVANCED_FACE('',(#9850),#9884,.T.);
#9850 = FACE_BOUND('',#9851,.T.);
#9851 = EDGE_LOOP('',(#9852,#9862,#9870,#9878));
#9852 = ORIENTED_EDGE('',*,*,#9853,.T.);
#9853 = EDGE_CURVE('',#9854,#9856,#9858,.T.);
#9854 = VERTEX_POINT('',#9855);
#9855 = CARTESIAN_POINT('',(102.09,-109.65,0.71));
#9856 = VERTEX_POINT('',#9857);
#9857 = CARTESIAN_POINT('',(102.09,-109.65,0.75));
#9858 = LINE('',#9859,#9860);
#9859 = CARTESIAN_POINT('',(102.09,-109.65,0.71));
#9860 = VECTOR('',#9861,1.);
#9861 = DIRECTION('',(0.,0.,1.));
#9862 = ORIENTED_EDGE('',*,*,#9863,.T.);
#9863 = EDGE_CURVE('',#9856,#9864,#9866,.T.);
#9864 = VERTEX_POINT('',#9865);
#9865 = CARTESIAN_POINT('',(102.09,-107.85,0.75));
#9866 = LINE('',#9867,#9868);
#9867 = CARTESIAN_POINT('',(102.09,-109.65,0.75));
#9868 = VECTOR('',#9869,1.);
#9869 = DIRECTION('',(0.,1.,0.));
#9870 = ORIENTED_EDGE('',*,*,#9871,.F.);
#9871 = EDGE_CURVE('',#9872,#9864,#9874,.T.);
#9872 = VERTEX_POINT('',#9873);
#9873 = CARTESIAN_POINT('',(102.09,-107.85,0.71));
#9874 = LINE('',#9875,#9876);
#9875 = CARTESIAN_POINT('',(102.09,-107.85,0.71));
#9876 = VECTOR('',#9877,1.);
#9877 = DIRECTION('',(0.,0.,1.));
#9878 = ORIENTED_EDGE('',*,*,#9879,.F.);
#9879 = EDGE_CURVE('',#9854,#9872,#9880,.T.);
#9880 = LINE('',#9881,#9882);
#9881 = CARTESIAN_POINT('',(102.09,-109.65,0.71));
#9882 = VECTOR('',#9883,1.);
#9883 = DIRECTION('',(0.,1.,0.));
#9884 = PLANE('',#9885);
#9885 = AXIS2_PLACEMENT_3D('',#9886,#9887,#9888);
#9886 = CARTESIAN_POINT('',(102.09,-109.65,0.71));
#9887 = DIRECTION('',(-1.,0.,0.));
#9888 = DIRECTION('',(0.,1.,0.));
#9889 = ADVANCED_FACE('',(#9890),#9915,.T.);
#9890 = FACE_BOUND('',#9891,.T.);
#9891 = EDGE_LOOP('',(#9892,#9893,#9901,#9909));
#9892 = ORIENTED_EDGE('',*,*,#9871,.T.);
#9893 = ORIENTED_EDGE('',*,*,#9894,.T.);
#9894 = EDGE_CURVE('',#9864,#9895,#9897,.T.);
#9895 = VERTEX_POINT('',#9896);
#9896 = CARTESIAN_POINT('',(102.79,-107.85,0.75));
#9897 = LINE('',#9898,#9899);
#9898 = CARTESIAN_POINT('',(102.09,-107.85,0.75));
#9899 = VECTOR('',#9900,1.);
#9900 = DIRECTION('',(1.,0.,0.));
#9901 = ORIENTED_EDGE('',*,*,#9902,.F.);
#9902 = EDGE_CURVE('',#9903,#9895,#9905,.T.);
#9903 = VERTEX_POINT('',#9904);
#9904 = CARTESIAN_POINT('',(102.79,-107.85,0.71));
#9905 = LINE('',#9906,#9907);
#9906 = CARTESIAN_POINT('',(102.79,-107.85,0.71));
#9907 = VECTOR('',#9908,1.);
#9908 = DIRECTION('',(0.,0.,1.));
#9909 = ORIENTED_EDGE('',*,*,#9910,.F.);
#9910 = EDGE_CURVE('',#9872,#9903,#9911,.T.);
#9911 = LINE('',#9912,#9913);
#9912 = CARTESIAN_POINT('',(102.09,-107.85,0.71));
#9913 = VECTOR('',#9914,1.);
#9914 = DIRECTION('',(1.,0.,0.));
#9915 = PLANE('',#9916);
#9916 = AXIS2_PLACEMENT_3D('',#9917,#9918,#9919);
#9917 = CARTESIAN_POINT('',(102.09,-107.85,0.71));
#9918 = DIRECTION('',(0.,1.,0.));
#9919 = DIRECTION('',(1.,0.,0.));
#9920 = ADVANCED_FACE('',(#9921),#9946,.T.);
#9921 = FACE_BOUND('',#9922,.T.);
#9922 = EDGE_LOOP('',(#9923,#9924,#9932,#9940));
#9923 = ORIENTED_EDGE('',*,*,#9902,.T.);
#9924 = ORIENTED_EDGE('',*,*,#9925,.T.);
#9925 = EDGE_CURVE('',#9895,#9926,#9928,.T.);
#9926 = VERTEX_POINT('',#9927);
#9927 = CARTESIAN_POINT('',(102.79,-109.65,0.75));
#9928 = LINE('',#9929,#9930);
#9929 = CARTESIAN_POINT('',(102.79,-107.85,0.75));
#9930 = VECTOR('',#9931,1.);
#9931 = DIRECTION('',(0.,-1.,0.));
#9932 = ORIENTED_EDGE('',*,*,#9933,.F.);
#9933 = EDGE_CURVE('',#9934,#9926,#9936,.T.);
#9934 = VERTEX_POINT('',#9935);
#9935 = CARTESIAN_POINT('',(102.79,-109.65,0.71));
#9936 = LINE('',#9937,#9938);
#9937 = CARTESIAN_POINT('',(102.79,-109.65,0.71));
#9938 = VECTOR('',#9939,1.);
#9939 = DIRECTION('',(0.,0.,1.));
#9940 = ORIENTED_EDGE('',*,*,#9941,.F.);
#9941 = EDGE_CURVE('',#9903,#9934,#9942,.T.);
#9942 = LINE('',#9943,#9944);
#9943 = CARTESIAN_POINT('',(102.79,-107.85,0.71));
#9944 = VECTOR('',#9945,1.);
#9945 = DIRECTION('',(0.,-1.,0.));
#9946 = PLANE('',#9947);
#9947 = AXIS2_PLACEMENT_3D('',#9948,#9949,#9950);
#9948 = CARTESIAN_POINT('',(102.79,-107.85,0.71));
#9949 = DIRECTION('',(1.,0.,-0.));
#9950 = DIRECTION('',(0.,-1.,0.));
#9951 = ADVANCED_FACE('',(#9952),#9968,.T.);
#9952 = FACE_BOUND('',#9953,.T.);
#9953 = EDGE_LOOP('',(#9954,#9955,#9961,#9962));
#9954 = ORIENTED_EDGE('',*,*,#9933,.T.);
#9955 = ORIENTED_EDGE('',*,*,#9956,.T.);
#9956 = EDGE_CURVE('',#9926,#9856,#9957,.T.);
#9957 = LINE('',#9958,#9959);
#9958 = CARTESIAN_POINT('',(102.79,-109.65,0.75));
#9959 = VECTOR('',#9960,1.);
#9960 = DIRECTION('',(-1.,0.,0.));
#9961 = ORIENTED_EDGE('',*,*,#9853,.F.);
#9962 = ORIENTED_EDGE('',*,*,#9963,.F.);
#9963 = EDGE_CURVE('',#9934,#9854,#9964,.T.);
#9964 = LINE('',#9965,#9966);
#9965 = CARTESIAN_POINT('',(102.79,-109.65,0.71));
#9966 = VECTOR('',#9967,1.);
#9967 = DIRECTION('',(-1.,0.,0.));
#9968 = PLANE('',#9969);
#9969 = AXIS2_PLACEMENT_3D('',#9970,#9971,#9972);
#9970 = CARTESIAN_POINT('',(102.79,-109.65,0.71));
#9971 = DIRECTION('',(0.,-1.,0.));
#9972 = DIRECTION('',(-1.,0.,0.));
#9973 = ADVANCED_FACE('',(#9974),#9980,.F.);
#9974 = FACE_BOUND('',#9975,.T.);
#9975 = EDGE_LOOP('',(#9976,#9977,#9978,#9979));
#9976 = ORIENTED_EDGE('',*,*,#9879,.T.);
#9977 = ORIENTED_EDGE('',*,*,#9910,.T.);
#9978 = ORIENTED_EDGE('',*,*,#9941,.T.);
#9979 = ORIENTED_EDGE('',*,*,#9963,.T.);
#9980 = PLANE('',#9981);
#9981 = AXIS2_PLACEMENT_3D('',#9982,#9983,#9984);
#9982 = CARTESIAN_POINT('',(0.,0.,0.71));
#9983 = DIRECTION('',(0.,0.,1.));
#9984 = DIRECTION('',(1.,0.,-0.));
#9985 = ADVANCED_FACE('',(#9986),#9992,.T.);
#9986 = FACE_BOUND('',#9987,.F.);
#9987 = EDGE_LOOP('',(#9988,#9989,#9990,#9991));
#9988 = ORIENTED_EDGE('',*,*,#9863,.T.);
#9989 = ORIENTED_EDGE('',*,*,#9894,.T.);
#9990 = ORIENTED_EDGE('',*,*,#9925,.T.);
#9991 = ORIENTED_EDGE('',*,*,#9956,.T.);
#9992 = PLANE('',#9993);
#9993 = AXIS2_PLACEMENT_3D('',#9994,#9995,#9996);
#9994 = CARTESIAN_POINT('',(0.,0.,0.75));
#9995 = DIRECTION('',(0.,0.,1.));
#9996 = DIRECTION('',(1.,0.,-0.));
#9997 = MANIFOLD_SOLID_BREP('',#9998);
#9998 = CLOSED_SHELL('',(#9999,#10039,#10070,#10101,#10123,#10135));
#9999 = ADVANCED_FACE('',(#10000),#10034,.T.);
#10000 = FACE_BOUND('',#10001,.T.);
#10001 = EDGE_LOOP('',(#10002,#10012,#10020,#10028));
#10002 = ORIENTED_EDGE('',*,*,#10003,.T.);
#10003 = EDGE_CURVE('',#10004,#10006,#10008,.T.);
#10004 = VERTEX_POINT('',#10005);
#10005 = CARTESIAN_POINT('',(103.36,-109.65,0.71));
#10006 = VERTEX_POINT('',#10007);
#10007 = CARTESIAN_POINT('',(103.36,-109.65,0.75));
#10008 = LINE('',#10009,#10010);
#10009 = CARTESIAN_POINT('',(103.36,-109.65,0.71));
#10010 = VECTOR('',#10011,1.);
#10011 = DIRECTION('',(0.,0.,1.));
#10012 = ORIENTED_EDGE('',*,*,#10013,.T.);
#10013 = EDGE_CURVE('',#10006,#10014,#10016,.T.);
#10014 = VERTEX_POINT('',#10015);
#10015 = CARTESIAN_POINT('',(103.36,-107.85,0.75));
#10016 = LINE('',#10017,#10018);
#10017 = CARTESIAN_POINT('',(103.36,-109.65,0.75));
#10018 = VECTOR('',#10019,1.);
#10019 = DIRECTION('',(0.,1.,0.));
#10020 = ORIENTED_EDGE('',*,*,#10021,.F.);
#10021 = EDGE_CURVE('',#10022,#10014,#10024,.T.);
#10022 = VERTEX_POINT('',#10023);
#10023 = CARTESIAN_POINT('',(103.36,-107.85,0.71));
#10024 = LINE('',#10025,#10026);
#10025 = CARTESIAN_POINT('',(103.36,-107.85,0.71));
#10026 = VECTOR('',#10027,1.);
#10027 = DIRECTION('',(0.,0.,1.));
#10028 = ORIENTED_EDGE('',*,*,#10029,.F.);
#10029 = EDGE_CURVE('',#10004,#10022,#10030,.T.);
#10030 = LINE('',#10031,#10032);
#10031 = CARTESIAN_POINT('',(103.36,-109.65,0.71));
#10032 = VECTOR('',#10033,1.);
#10033 = DIRECTION('',(0.,1.,0.));
#10034 = PLANE('',#10035);
#10035 = AXIS2_PLACEMENT_3D('',#10036,#10037,#10038);
#10036 = CARTESIAN_POINT('',(103.36,-109.65,0.71));
#10037 = DIRECTION('',(-1.,0.,0.));
#10038 = DIRECTION('',(0.,1.,0.));
#10039 = ADVANCED_FACE('',(#10040),#10065,.T.);
#10040 = FACE_BOUND('',#10041,.T.);
#10041 = EDGE_LOOP('',(#10042,#10043,#10051,#10059));
#10042 = ORIENTED_EDGE('',*,*,#10021,.T.);
#10043 = ORIENTED_EDGE('',*,*,#10044,.T.);
#10044 = EDGE_CURVE('',#10014,#10045,#10047,.T.);
#10045 = VERTEX_POINT('',#10046);
#10046 = CARTESIAN_POINT('',(104.06,-107.85,0.75));
#10047 = LINE('',#10048,#10049);
#10048 = CARTESIAN_POINT('',(103.36,-107.85,0.75));
#10049 = VECTOR('',#10050,1.);
#10050 = DIRECTION('',(1.,0.,0.));
#10051 = ORIENTED_EDGE('',*,*,#10052,.F.);
#10052 = EDGE_CURVE('',#10053,#10045,#10055,.T.);
#10053 = VERTEX_POINT('',#10054);
#10054 = CARTESIAN_POINT('',(104.06,-107.85,0.71));
#10055 = LINE('',#10056,#10057);
#10056 = CARTESIAN_POINT('',(104.06,-107.85,0.71));
#10057 = VECTOR('',#10058,1.);
#10058 = DIRECTION('',(0.,0.,1.));
#10059 = ORIENTED_EDGE('',*,*,#10060,.F.);
#10060 = EDGE_CURVE('',#10022,#10053,#10061,.T.);
#10061 = LINE('',#10062,#10063);
#10062 = CARTESIAN_POINT('',(103.36,-107.85,0.71));
#10063 = VECTOR('',#10064,1.);
#10064 = DIRECTION('',(1.,0.,0.));
#10065 = PLANE('',#10066);
#10066 = AXIS2_PLACEMENT_3D('',#10067,#10068,#10069);
#10067 = CARTESIAN_POINT('',(103.36,-107.85,0.71));
#10068 = DIRECTION('',(0.,1.,0.));
#10069 = DIRECTION('',(1.,0.,0.));
#10070 = ADVANCED_FACE('',(#10071),#10096,.T.);
#10071 = FACE_BOUND('',#10072,.T.);
#10072 = EDGE_LOOP('',(#10073,#10074,#10082,#10090));
#10073 = ORIENTED_EDGE('',*,*,#10052,.T.);
#10074 = ORIENTED_EDGE('',*,*,#10075,.T.);
#10075 = EDGE_CURVE('',#10045,#10076,#10078,.T.);
#10076 = VERTEX_POINT('',#10077);
#10077 = CARTESIAN_POINT('',(104.06,-109.65,0.75));
#10078 = LINE('',#10079,#10080);
#10079 = CARTESIAN_POINT('',(104.06,-107.85,0.75));
#10080 = VECTOR('',#10081,1.);
#10081 = DIRECTION('',(0.,-1.,0.));
#10082 = ORIENTED_EDGE('',*,*,#10083,.F.);
#10083 = EDGE_CURVE('',#10084,#10076,#10086,.T.);
#10084 = VERTEX_POINT('',#10085);
#10085 = CARTESIAN_POINT('',(104.06,-109.65,0.71));
#10086 = LINE('',#10087,#10088);
#10087 = CARTESIAN_POINT('',(104.06,-109.65,0.71));
#10088 = VECTOR('',#10089,1.);
#10089 = DIRECTION('',(0.,0.,1.));
#10090 = ORIENTED_EDGE('',*,*,#10091,.F.);
#10091 = EDGE_CURVE('',#10053,#10084,#10092,.T.);
#10092 = LINE('',#10093,#10094);
#10093 = CARTESIAN_POINT('',(104.06,-107.85,0.71));
#10094 = VECTOR('',#10095,1.);
#10095 = DIRECTION('',(0.,-1.,0.));
#10096 = PLANE('',#10097);
#10097 = AXIS2_PLACEMENT_3D('',#10098,#10099,#10100);
#10098 = CARTESIAN_POINT('',(104.06,-107.85,0.71));
#10099 = DIRECTION('',(1.,0.,-0.));
#10100 = DIRECTION('',(0.,-1.,0.));
#10101 = ADVANCED_FACE('',(#10102),#10118,.T.);
#10102 = FACE_BOUND('',#10103,.T.);
#10103 = EDGE_LOOP('',(#10104,#10105,#10111,#10112));
#10104 = ORIENTED_EDGE('',*,*,#10083,.T.);
#10105 = ORIENTED_EDGE('',*,*,#10106,.T.);
#10106 = EDGE_CURVE('',#10076,#10006,#10107,.T.);
#10107 = LINE('',#10108,#10109);
#10108 = CARTESIAN_POINT('',(104.06,-109.65,0.75));
#10109 = VECTOR('',#10110,1.);
#10110 = DIRECTION('',(-1.,0.,0.));
#10111 = ORIENTED_EDGE('',*,*,#10003,.F.);
#10112 = ORIENTED_EDGE('',*,*,#10113,.F.);
#10113 = EDGE_CURVE('',#10084,#10004,#10114,.T.);
#10114 = LINE('',#10115,#10116);
#10115 = CARTESIAN_POINT('',(104.06,-109.65,0.71));
#10116 = VECTOR('',#10117,1.);
#10117 = DIRECTION('',(-1.,0.,0.));
#10118 = PLANE('',#10119);
#10119 = AXIS2_PLACEMENT_3D('',#10120,#10121,#10122);
#10120 = CARTESIAN_POINT('',(104.06,-109.65,0.71));
#10121 = DIRECTION('',(0.,-1.,0.));
#10122 = DIRECTION('',(-1.,0.,0.));
#10123 = ADVANCED_FACE('',(#10124),#10130,.F.);
#10124 = FACE_BOUND('',#10125,.T.);
#10125 = EDGE_LOOP('',(#10126,#10127,#10128,#10129));
#10126 = ORIENTED_EDGE('',*,*,#10029,.T.);
#10127 = ORIENTED_EDGE('',*,*,#10060,.T.);
#10128 = ORIENTED_EDGE('',*,*,#10091,.T.);
#10129 = ORIENTED_EDGE('',*,*,#10113,.T.);
#10130 = PLANE('',#10131);
#10131 = AXIS2_PLACEMENT_3D('',#10132,#10133,#10134);
#10132 = CARTESIAN_POINT('',(0.,0.,0.71));
#10133 = DIRECTION('',(0.,0.,1.));
#10134 = DIRECTION('',(1.,0.,-0.));
#10135 = ADVANCED_FACE('',(#10136),#10142,.T.);
#10136 = FACE_BOUND('',#10137,.F.);
#10137 = EDGE_LOOP('',(#10138,#10139,#10140,#10141));
#10138 = ORIENTED_EDGE('',*,*,#10013,.T.);
#10139 = ORIENTED_EDGE('',*,*,#10044,.T.);
#10140 = ORIENTED_EDGE('',*,*,#10075,.T.);
#10141 = ORIENTED_EDGE('',*,*,#10106,.T.);
#10142 = PLANE('',#10143);
#10143 = AXIS2_PLACEMENT_3D('',#10144,#10145,#10146);
#10144 = CARTESIAN_POINT('',(0.,0.,0.75));
#10145 = DIRECTION('',(0.,0.,1.));
#10146 = DIRECTION('',(1.,0.,-0.));
#10147 = MANIFOLD_SOLID_BREP('',#10148);
#10148 = CLOSED_SHELL('',(#10149,#10189,#10220,#10251,#10273,#10285));
#10149 = ADVANCED_FACE('',(#10150),#10184,.T.);
#10150 = FACE_BOUND('',#10151,.T.);
#10151 = EDGE_LOOP('',(#10152,#10162,#10170,#10178));
#10152 = ORIENTED_EDGE('',*,*,#10153,.T.);
#10153 = EDGE_CURVE('',#10154,#10156,#10158,.T.);
#10154 = VERTEX_POINT('',#10155);
#10155 = CARTESIAN_POINT('',(104.63,-109.65,0.71));
#10156 = VERTEX_POINT('',#10157);
#10157 = CARTESIAN_POINT('',(104.63,-109.65,0.75));
#10158 = LINE('',#10159,#10160);
#10159 = CARTESIAN_POINT('',(104.63,-109.65,0.71));
#10160 = VECTOR('',#10161,1.);
#10161 = DIRECTION('',(0.,0.,1.));
#10162 = ORIENTED_EDGE('',*,*,#10163,.T.);
#10163 = EDGE_CURVE('',#10156,#10164,#10166,.T.);
#10164 = VERTEX_POINT('',#10165);
#10165 = CARTESIAN_POINT('',(104.63,-107.85,0.75));
#10166 = LINE('',#10167,#10168);
#10167 = CARTESIAN_POINT('',(104.63,-109.65,0.75));
#10168 = VECTOR('',#10169,1.);
#10169 = DIRECTION('',(0.,1.,0.));
#10170 = ORIENTED_EDGE('',*,*,#10171,.F.);
#10171 = EDGE_CURVE('',#10172,#10164,#10174,.T.);
#10172 = VERTEX_POINT('',#10173);
#10173 = CARTESIAN_POINT('',(104.63,-107.85,0.71));
#10174 = LINE('',#10175,#10176);
#10175 = CARTESIAN_POINT('',(104.63,-107.85,0.71));
#10176 = VECTOR('',#10177,1.);
#10177 = DIRECTION('',(0.,0.,1.));
#10178 = ORIENTED_EDGE('',*,*,#10179,.F.);
#10179 = EDGE_CURVE('',#10154,#10172,#10180,.T.);
#10180 = LINE('',#10181,#10182);
#10181 = CARTESIAN_POINT('',(104.63,-109.65,0.71));
#10182 = VECTOR('',#10183,1.);
#10183 = DIRECTION('',(0.,1.,0.));
#10184 = PLANE('',#10185);
#10185 = AXIS2_PLACEMENT_3D('',#10186,#10187,#10188);
#10186 = CARTESIAN_POINT('',(104.63,-109.65,0.71));
#10187 = DIRECTION('',(-1.,0.,0.));
#10188 = DIRECTION('',(0.,1.,0.));
#10189 = ADVANCED_FACE('',(#10190),#10215,.T.);
#10190 = FACE_BOUND('',#10191,.T.);
#10191 = EDGE_LOOP('',(#10192,#10193,#10201,#10209));
#10192 = ORIENTED_EDGE('',*,*,#10171,.T.);
#10193 = ORIENTED_EDGE('',*,*,#10194,.T.);
#10194 = EDGE_CURVE('',#10164,#10195,#10197,.T.);
#10195 = VERTEX_POINT('',#10196);
#10196 = CARTESIAN_POINT('',(105.33,-107.85,0.75));
#10197 = LINE('',#10198,#10199);
#10198 = CARTESIAN_POINT('',(104.63,-107.85,0.75));
#10199 = VECTOR('',#10200,1.);
#10200 = DIRECTION('',(1.,0.,0.));
#10201 = ORIENTED_EDGE('',*,*,#10202,.F.);
#10202 = EDGE_CURVE('',#10203,#10195,#10205,.T.);
#10203 = VERTEX_POINT('',#10204);
#10204 = CARTESIAN_POINT('',(105.33,-107.85,0.71));
#10205 = LINE('',#10206,#10207);
#10206 = CARTESIAN_POINT('',(105.33,-107.85,0.71));
#10207 = VECTOR('',#10208,1.);
#10208 = DIRECTION('',(0.,0.,1.));
#10209 = ORIENTED_EDGE('',*,*,#10210,.F.);
#10210 = EDGE_CURVE('',#10172,#10203,#10211,.T.);
#10211 = LINE('',#10212,#10213);
#10212 = CARTESIAN_POINT('',(104.63,-107.85,0.71));
#10213 = VECTOR('',#10214,1.);
#10214 = DIRECTION('',(1.,0.,0.));
#10215 = PLANE('',#10216);
#10216 = AXIS2_PLACEMENT_3D('',#10217,#10218,#10219);
#10217 = CARTESIAN_POINT('',(104.63,-107.85,0.71));
#10218 = DIRECTION('',(0.,1.,0.));
#10219 = DIRECTION('',(1.,0.,0.));
#10220 = ADVANCED_FACE('',(#10221),#10246,.T.);
#10221 = FACE_BOUND('',#10222,.T.);
#10222 = EDGE_LOOP('',(#10223,#10224,#10232,#10240));
#10223 = ORIENTED_EDGE('',*,*,#10202,.T.);
#10224 = ORIENTED_EDGE('',*,*,#10225,.T.);
#10225 = EDGE_CURVE('',#10195,#10226,#10228,.T.);
#10226 = VERTEX_POINT('',#10227);
#10227 = CARTESIAN_POINT('',(105.33,-109.65,0.75));
#10228 = LINE('',#10229,#10230);
#10229 = CARTESIAN_POINT('',(105.33,-107.85,0.75));
#10230 = VECTOR('',#10231,1.);
#10231 = DIRECTION('',(0.,-1.,0.));
#10232 = ORIENTED_EDGE('',*,*,#10233,.F.);
#10233 = EDGE_CURVE('',#10234,#10226,#10236,.T.);
#10234 = VERTEX_POINT('',#10235);
#10235 = CARTESIAN_POINT('',(105.33,-109.65,0.71));
#10236 = LINE('',#10237,#10238);
#10237 = CARTESIAN_POINT('',(105.33,-109.65,0.71));
#10238 = VECTOR('',#10239,1.);
#10239 = DIRECTION('',(0.,0.,1.));
#10240 = ORIENTED_EDGE('',*,*,#10241,.F.);
#10241 = EDGE_CURVE('',#10203,#10234,#10242,.T.);
#10242 = LINE('',#10243,#10244);
#10243 = CARTESIAN_POINT('',(105.33,-107.85,0.71));
#10244 = VECTOR('',#10245,1.);
#10245 = DIRECTION('',(0.,-1.,0.));
#10246 = PLANE('',#10247);
#10247 = AXIS2_PLACEMENT_3D('',#10248,#10249,#10250);
#10248 = CARTESIAN_POINT('',(105.33,-107.85,0.71));
#10249 = DIRECTION('',(1.,0.,-0.));
#10250 = DIRECTION('',(0.,-1.,0.));
#10251 = ADVANCED_FACE('',(#10252),#10268,.T.);
#10252 = FACE_BOUND('',#10253,.T.);
#10253 = EDGE_LOOP('',(#10254,#10255,#10261,#10262));
#10254 = ORIENTED_EDGE('',*,*,#10233,.T.);
#10255 = ORIENTED_EDGE('',*,*,#10256,.T.);
#10256 = EDGE_CURVE('',#10226,#10156,#10257,.T.);
#10257 = LINE('',#10258,#10259);
#10258 = CARTESIAN_POINT('',(105.33,-109.65,0.75));
#10259 = VECTOR('',#10260,1.);
#10260 = DIRECTION('',(-1.,0.,0.));
#10261 = ORIENTED_EDGE('',*,*,#10153,.F.);
#10262 = ORIENTED_EDGE('',*,*,#10263,.F.);
#10263 = EDGE_CURVE('',#10234,#10154,#10264,.T.);
#10264 = LINE('',#10265,#10266);
#10265 = CARTESIAN_POINT('',(105.33,-109.65,0.71));
#10266 = VECTOR('',#10267,1.);
#10267 = DIRECTION('',(-1.,0.,0.));
#10268 = PLANE('',#10269);
#10269 = AXIS2_PLACEMENT_3D('',#10270,#10271,#10272);
#10270 = CARTESIAN_POINT('',(105.33,-109.65,0.71));
#10271 = DIRECTION('',(0.,-1.,0.));
#10272 = DIRECTION('',(-1.,0.,0.));
#10273 = ADVANCED_FACE('',(#10274),#10280,.F.);
#10274 = FACE_BOUND('',#10275,.T.);
#10275 = EDGE_LOOP('',(#10276,#10277,#10278,#10279));
#10276 = ORIENTED_EDGE('',*,*,#10179,.T.);
#10277 = ORIENTED_EDGE('',*,*,#10210,.T.);
#10278 = ORIENTED_EDGE('',*,*,#10241,.T.);
#10279 = ORIENTED_EDGE('',*,*,#10263,.T.);
#10280 = PLANE('',#10281);
#10281 = AXIS2_PLACEMENT_3D('',#10282,#10283,#10284);
#10282 = CARTESIAN_POINT('',(0.,0.,0.71));
#10283 = DIRECTION('',(0.,0.,1.));
#10284 = DIRECTION('',(1.,0.,-0.));
#10285 = ADVANCED_FACE('',(#10286),#10292,.T.);
#10286 = FACE_BOUND('',#10287,.F.);
#10287 = EDGE_LOOP('',(#10288,#10289,#10290,#10291));
#10288 = ORIENTED_EDGE('',*,*,#10163,.T.);
#10289 = ORIENTED_EDGE('',*,*,#10194,.T.);
#10290 = ORIENTED_EDGE('',*,*,#10225,.T.);
#10291 = ORIENTED_EDGE('',*,*,#10256,.T.);
#10292 = PLANE('',#10293);
#10293 = AXIS2_PLACEMENT_3D('',#10294,#10295,#10296);
#10294 = CARTESIAN_POINT('',(0.,0.,0.75));
#10295 = DIRECTION('',(0.,0.,1.));
#10296 = DIRECTION('',(1.,0.,-0.));
#10297 = MANIFOLD_SOLID_BREP('',#10298);
#10298 = CLOSED_SHELL('',(#10299,#10339,#10370,#10401,#10423,#10435));
#10299 = ADVANCED_FACE('',(#10300),#10334,.T.);
#10300 = FACE_BOUND('',#10301,.T.);
#10301 = EDGE_LOOP('',(#10302,#10312,#10320,#10328));
#10302 = ORIENTED_EDGE('',*,*,#10303,.T.);
#10303 = EDGE_CURVE('',#10304,#10306,#10308,.T.);
#10304 = VERTEX_POINT('',#10305);
#10305 = CARTESIAN_POINT('',(105.9,-109.65,0.71));
#10306 = VERTEX_POINT('',#10307);
#10307 = CARTESIAN_POINT('',(105.9,-109.65,0.75));
#10308 = LINE('',#10309,#10310);
#10309 = CARTESIAN_POINT('',(105.9,-109.65,0.71));
#10310 = VECTOR('',#10311,1.);
#10311 = DIRECTION('',(0.,0.,1.));
#10312 = ORIENTED_EDGE('',*,*,#10313,.T.);
#10313 = EDGE_CURVE('',#10306,#10314,#10316,.T.);
#10314 = VERTEX_POINT('',#10315);
#10315 = CARTESIAN_POINT('',(105.9,-107.85,0.75));
#10316 = LINE('',#10317,#10318);
#10317 = CARTESIAN_POINT('',(105.9,-109.65,0.75));
#10318 = VECTOR('',#10319,1.);
#10319 = DIRECTION('',(0.,1.,0.));
#10320 = ORIENTED_EDGE('',*,*,#10321,.F.);
#10321 = EDGE_CURVE('',#10322,#10314,#10324,.T.);
#10322 = VERTEX_POINT('',#10323);
#10323 = CARTESIAN_POINT('',(105.9,-107.85,0.71));
#10324 = LINE('',#10325,#10326);
#10325 = CARTESIAN_POINT('',(105.9,-107.85,0.71));
#10326 = VECTOR('',#10327,1.);
#10327 = DIRECTION('',(0.,0.,1.));
#10328 = ORIENTED_EDGE('',*,*,#10329,.F.);
#10329 = EDGE_CURVE('',#10304,#10322,#10330,.T.);
#10330 = LINE('',#10331,#10332);
#10331 = CARTESIAN_POINT('',(105.9,-109.65,0.71));
#10332 = VECTOR('',#10333,1.);
#10333 = DIRECTION('',(0.,1.,0.));
#10334 = PLANE('',#10335);
#10335 = AXIS2_PLACEMENT_3D('',#10336,#10337,#10338);
#10336 = CARTESIAN_POINT('',(105.9,-109.65,0.71));
#10337 = DIRECTION('',(-1.,0.,0.));
#10338 = DIRECTION('',(0.,1.,0.));
#10339 = ADVANCED_FACE('',(#10340),#10365,.T.);
#10340 = FACE_BOUND('',#10341,.T.);
#10341 = EDGE_LOOP('',(#10342,#10343,#10351,#10359));
#10342 = ORIENTED_EDGE('',*,*,#10321,.T.);
#10343 = ORIENTED_EDGE('',*,*,#10344,.T.);
#10344 = EDGE_CURVE('',#10314,#10345,#10347,.T.);
#10345 = VERTEX_POINT('',#10346);
#10346 = CARTESIAN_POINT('',(106.6,-107.85,0.75));
#10347 = LINE('',#10348,#10349);
#10348 = CARTESIAN_POINT('',(105.9,-107.85,0.75));
#10349 = VECTOR('',#10350,1.);
#10350 = DIRECTION('',(1.,0.,0.));
#10351 = ORIENTED_EDGE('',*,*,#10352,.F.);
#10352 = EDGE_CURVE('',#10353,#10345,#10355,.T.);
#10353 = VERTEX_POINT('',#10354);
#10354 = CARTESIAN_POINT('',(106.6,-107.85,0.71));
#10355 = LINE('',#10356,#10357);
#10356 = CARTESIAN_POINT('',(106.6,-107.85,0.71));
#10357 = VECTOR('',#10358,1.);
#10358 = DIRECTION('',(0.,0.,1.));
#10359 = ORIENTED_EDGE('',*,*,#10360,.F.);
#10360 = EDGE_CURVE('',#10322,#10353,#10361,.T.);
#10361 = LINE('',#10362,#10363);
#10362 = CARTESIAN_POINT('',(105.9,-107.85,0.71));
#10363 = VECTOR('',#10364,1.);
#10364 = DIRECTION('',(1.,0.,0.));
#10365 = PLANE('',#10366);
#10366 = AXIS2_PLACEMENT_3D('',#10367,#10368,#10369);
#10367 = CARTESIAN_POINT('',(105.9,-107.85,0.71));
#10368 = DIRECTION('',(0.,1.,0.));
#10369 = DIRECTION('',(1.,0.,0.));
#10370 = ADVANCED_FACE('',(#10371),#10396,.T.);
#10371 = FACE_BOUND('',#10372,.T.);
#10372 = EDGE_LOOP('',(#10373,#10374,#10382,#10390));
#10373 = ORIENTED_EDGE('',*,*,#10352,.T.);
#10374 = ORIENTED_EDGE('',*,*,#10375,.T.);
#10375 = EDGE_CURVE('',#10345,#10376,#10378,.T.);
#10376 = VERTEX_POINT('',#10377);
#10377 = CARTESIAN_POINT('',(106.6,-109.65,0.75));
#10378 = LINE('',#10379,#10380);
#10379 = CARTESIAN_POINT('',(106.6,-107.85,0.75));
#10380 = VECTOR('',#10381,1.);
#10381 = DIRECTION('',(0.,-1.,0.));
#10382 = ORIENTED_EDGE('',*,*,#10383,.F.);
#10383 = EDGE_CURVE('',#10384,#10376,#10386,.T.);
#10384 = VERTEX_POINT('',#10385);
#10385 = CARTESIAN_POINT('',(106.6,-109.65,0.71));
#10386 = LINE('',#10387,#10388);
#10387 = CARTESIAN_POINT('',(106.6,-109.65,0.71));
#10388 = VECTOR('',#10389,1.);
#10389 = DIRECTION('',(0.,0.,1.));
#10390 = ORIENTED_EDGE('',*,*,#10391,.F.);
#10391 = EDGE_CURVE('',#10353,#10384,#10392,.T.);
#10392 = LINE('',#10393,#10394);
#10393 = CARTESIAN_POINT('',(106.6,-107.85,0.71));
#10394 = VECTOR('',#10395,1.);
#10395 = DIRECTION('',(0.,-1.,0.));
#10396 = PLANE('',#10397);
#10397 = AXIS2_PLACEMENT_3D('',#10398,#10399,#10400);
#10398 = CARTESIAN_POINT('',(106.6,-107.85,0.71));
#10399 = DIRECTION('',(1.,0.,-0.));
#10400 = DIRECTION('',(0.,-1.,0.));
#10401 = ADVANCED_FACE('',(#10402),#10418,.T.);
#10402 = FACE_BOUND('',#10403,.T.);
#10403 = EDGE_LOOP('',(#10404,#10405,#10411,#10412));
#10404 = ORIENTED_EDGE('',*,*,#10383,.T.);
#10405 = ORIENTED_EDGE('',*,*,#10406,.T.);
#10406 = EDGE_CURVE('',#10376,#10306,#10407,.T.);
#10407 = LINE('',#10408,#10409);
#10408 = CARTESIAN_POINT('',(106.6,-109.65,0.75));
#10409 = VECTOR('',#10410,1.);
#10410 = DIRECTION('',(-1.,0.,0.));
#10411 = ORIENTED_EDGE('',*,*,#10303,.F.);
#10412 = ORIENTED_EDGE('',*,*,#10413,.F.);
#10413 = EDGE_CURVE('',#10384,#10304,#10414,.T.);
#10414 = LINE('',#10415,#10416);
#10415 = CARTESIAN_POINT('',(106.6,-109.65,0.71));
#10416 = VECTOR('',#10417,1.);
#10417 = DIRECTION('',(-1.,0.,0.));
#10418 = PLANE('',#10419);
#10419 = AXIS2_PLACEMENT_3D('',#10420,#10421,#10422);
#10420 = CARTESIAN_POINT('',(106.6,-109.65,0.71));
#10421 = DIRECTION('',(0.,-1.,0.));
#10422 = DIRECTION('',(-1.,0.,0.));
#10423 = ADVANCED_FACE('',(#10424),#10430,.F.);
#10424 = FACE_BOUND('',#10425,.T.);
#10425 = EDGE_LOOP('',(#10426,#10427,#10428,#10429));
#10426 = ORIENTED_EDGE('',*,*,#10329,.T.);
#10427 = ORIENTED_EDGE('',*,*,#10360,.T.);
#10428 = ORIENTED_EDGE('',*,*,#10391,.T.);
#10429 = ORIENTED_EDGE('',*,*,#10413,.T.);
#10430 = PLANE('',#10431);
#10431 = AXIS2_PLACEMENT_3D('',#10432,#10433,#10434);
#10432 = CARTESIAN_POINT('',(0.,0.,0.71));
#10433 = DIRECTION('',(0.,0.,1.));
#10434 = DIRECTION('',(1.,0.,-0.));
#10435 = ADVANCED_FACE('',(#10436),#10442,.T.);
#10436 = FACE_BOUND('',#10437,.F.);
#10437 = EDGE_LOOP('',(#10438,#10439,#10440,#10441));
#10438 = ORIENTED_EDGE('',*,*,#10313,.T.);
#10439 = ORIENTED_EDGE('',*,*,#10344,.T.);
#10440 = ORIENTED_EDGE('',*,*,#10375,.T.);
#10441 = ORIENTED_EDGE('',*,*,#10406,.T.);
#10442 = PLANE('',#10443);
#10443 = AXIS2_PLACEMENT_3D('',#10444,#10445,#10446);
#10444 = CARTESIAN_POINT('',(0.,0.,0.75));
#10445 = DIRECTION('',(0.,0.,1.));
#10446 = DIRECTION('',(1.,0.,-0.));
#10447 = MANIFOLD_SOLID_BREP('',#10448);
#10448 = CLOSED_SHELL('',(#10449,#10489,#10520,#10551,#10573,#10585));
#10449 = ADVANCED_FACE('',(#10450),#10484,.T.);
#10450 = FACE_BOUND('',#10451,.T.);
#10451 = EDGE_LOOP('',(#10452,#10462,#10470,#10478));
#10452 = ORIENTED_EDGE('',*,*,#10453,.T.);
#10453 = EDGE_CURVE('',#10454,#10456,#10458,.T.);
#10454 = VERTEX_POINT('',#10455);
#10455 = CARTESIAN_POINT('',(107.17,-109.65,0.71));
#10456 = VERTEX_POINT('',#10457);
#10457 = CARTESIAN_POINT('',(107.17,-109.65,0.75));
#10458 = LINE('',#10459,#10460);
#10459 = CARTESIAN_POINT('',(107.17,-109.65,0.71));
#10460 = VECTOR('',#10461,1.);
#10461 = DIRECTION('',(0.,0.,1.));
#10462 = ORIENTED_EDGE('',*,*,#10463,.T.);
#10463 = EDGE_CURVE('',#10456,#10464,#10466,.T.);
#10464 = VERTEX_POINT('',#10465);
#10465 = CARTESIAN_POINT('',(107.17,-107.85,0.75));
#10466 = LINE('',#10467,#10468);
#10467 = CARTESIAN_POINT('',(107.17,-109.65,0.75));
#10468 = VECTOR('',#10469,1.);
#10469 = DIRECTION('',(0.,1.,0.));
#10470 = ORIENTED_EDGE('',*,*,#10471,.F.);
#10471 = EDGE_CURVE('',#10472,#10464,#10474,.T.);
#10472 = VERTEX_POINT('',#10473);
#10473 = CARTESIAN_POINT('',(107.17,-107.85,0.71));
#10474 = LINE('',#10475,#10476);
#10475 = CARTESIAN_POINT('',(107.17,-107.85,0.71));
#10476 = VECTOR('',#10477,1.);
#10477 = DIRECTION('',(0.,0.,1.));
#10478 = ORIENTED_EDGE('',*,*,#10479,.F.);
#10479 = EDGE_CURVE('',#10454,#10472,#10480,.T.);
#10480 = LINE('',#10481,#10482);
#10481 = CARTESIAN_POINT('',(107.17,-109.65,0.71));
#10482 = VECTOR('',#10483,1.);
#10483 = DIRECTION('',(0.,1.,0.));
#10484 = PLANE('',#10485);
#10485 = AXIS2_PLACEMENT_3D('',#10486,#10487,#10488);
#10486 = CARTESIAN_POINT('',(107.17,-109.65,0.71));
#10487 = DIRECTION('',(-1.,0.,0.));
#10488 = DIRECTION('',(0.,1.,0.));
#10489 = ADVANCED_FACE('',(#10490),#10515,.T.);
#10490 = FACE_BOUND('',#10491,.T.);
#10491 = EDGE_LOOP('',(#10492,#10493,#10501,#10509));
#10492 = ORIENTED_EDGE('',*,*,#10471,.T.);
#10493 = ORIENTED_EDGE('',*,*,#10494,.T.);
#10494 = EDGE_CURVE('',#10464,#10495,#10497,.T.);
#10495 = VERTEX_POINT('',#10496);
#10496 = CARTESIAN_POINT('',(107.87,-107.85,0.75));
#10497 = LINE('',#10498,#10499);
#10498 = CARTESIAN_POINT('',(107.17,-107.85,0.75));
#10499 = VECTOR('',#10500,1.);
#10500 = DIRECTION('',(1.,0.,0.));
#10501 = ORIENTED_EDGE('',*,*,#10502,.F.);
#10502 = EDGE_CURVE('',#10503,#10495,#10505,.T.);
#10503 = VERTEX_POINT('',#10504);
#10504 = CARTESIAN_POINT('',(107.87,-107.85,0.71));
#10505 = LINE('',#10506,#10507);
#10506 = CARTESIAN_POINT('',(107.87,-107.85,0.71));
#10507 = VECTOR('',#10508,1.);
#10508 = DIRECTION('',(0.,0.,1.));
#10509 = ORIENTED_EDGE('',*,*,#10510,.F.);
#10510 = EDGE_CURVE('',#10472,#10503,#10511,.T.);
#10511 = LINE('',#10512,#10513);
#10512 = CARTESIAN_POINT('',(107.17,-107.85,0.71));
#10513 = VECTOR('',#10514,1.);
#10514 = DIRECTION('',(1.,0.,0.));
#10515 = PLANE('',#10516);
#10516 = AXIS2_PLACEMENT_3D('',#10517,#10518,#10519);
#10517 = CARTESIAN_POINT('',(107.17,-107.85,0.71));
#10518 = DIRECTION('',(0.,1.,0.));
#10519 = DIRECTION('',(1.,0.,0.));
#10520 = ADVANCED_FACE('',(#10521),#10546,.T.);
#10521 = FACE_BOUND('',#10522,.T.);
#10522 = EDGE_LOOP('',(#10523,#10524,#10532,#10540));
#10523 = ORIENTED_EDGE('',*,*,#10502,.T.);
#10524 = ORIENTED_EDGE('',*,*,#10525,.T.);
#10525 = EDGE_CURVE('',#10495,#10526,#10528,.T.);
#10526 = VERTEX_POINT('',#10527);
#10527 = CARTESIAN_POINT('',(107.87,-109.65,0.75));
#10528 = LINE('',#10529,#10530);
#10529 = CARTESIAN_POINT('',(107.87,-107.85,0.75));
#10530 = VECTOR('',#10531,1.);
#10531 = DIRECTION('',(0.,-1.,0.));
#10532 = ORIENTED_EDGE('',*,*,#10533,.F.);
#10533 = EDGE_CURVE('',#10534,#10526,#10536,.T.);
#10534 = VERTEX_POINT('',#10535);
#10535 = CARTESIAN_POINT('',(107.87,-109.65,0.71));
#10536 = LINE('',#10537,#10538);
#10537 = CARTESIAN_POINT('',(107.87,-109.65,0.71));
#10538 = VECTOR('',#10539,1.);
#10539 = DIRECTION('',(0.,0.,1.));
#10540 = ORIENTED_EDGE('',*,*,#10541,.F.);
#10541 = EDGE_CURVE('',#10503,#10534,#10542,.T.);
#10542 = LINE('',#10543,#10544);
#10543 = CARTESIAN_POINT('',(107.87,-107.85,0.71));
#10544 = VECTOR('',#10545,1.);
#10545 = DIRECTION('',(0.,-1.,0.));
#10546 = PLANE('',#10547);
#10547 = AXIS2_PLACEMENT_3D('',#10548,#10549,#10550);
#10548 = CARTESIAN_POINT('',(107.87,-107.85,0.71));
#10549 = DIRECTION('',(1.,0.,-0.));
#10550 = DIRECTION('',(0.,-1.,0.));
#10551 = ADVANCED_FACE('',(#10552),#10568,.T.);
#10552 = FACE_BOUND('',#10553,.T.);
#10553 = EDGE_LOOP('',(#10554,#10555,#10561,#10562));
#10554 = ORIENTED_EDGE('',*,*,#10533,.T.);
#10555 = ORIENTED_EDGE('',*,*,#10556,.T.);
#10556 = EDGE_CURVE('',#10526,#10456,#10557,.T.);
#10557 = LINE('',#10558,#10559);
#10558 = CARTESIAN_POINT('',(107.87,-109.65,0.75));
#10559 = VECTOR('',#10560,1.);
#10560 = DIRECTION('',(-1.,0.,0.));
#10561 = ORIENTED_EDGE('',*,*,#10453,.F.);
#10562 = ORIENTED_EDGE('',*,*,#10563,.F.);
#10563 = EDGE_CURVE('',#10534,#10454,#10564,.T.);
#10564 = LINE('',#10565,#10566);
#10565 = CARTESIAN_POINT('',(107.87,-109.65,0.71));
#10566 = VECTOR('',#10567,1.);
#10567 = DIRECTION('',(-1.,0.,0.));
#10568 = PLANE('',#10569);
#10569 = AXIS2_PLACEMENT_3D('',#10570,#10571,#10572);
#10570 = CARTESIAN_POINT('',(107.87,-109.65,0.71));
#10571 = DIRECTION('',(0.,-1.,0.));
#10572 = DIRECTION('',(-1.,0.,0.));
#10573 = ADVANCED_FACE('',(#10574),#10580,.F.);
#10574 = FACE_BOUND('',#10575,.T.);
#10575 = EDGE_LOOP('',(#10576,#10577,#10578,#10579));
#10576 = ORIENTED_EDGE('',*,*,#10479,.T.);
#10577 = ORIENTED_EDGE('',*,*,#10510,.T.);
#10578 = ORIENTED_EDGE('',*,*,#10541,.T.);
#10579 = ORIENTED_EDGE('',*,*,#10563,.T.);
#10580 = PLANE('',#10581);
#10581 = AXIS2_PLACEMENT_3D('',#10582,#10583,#10584);
#10582 = CARTESIAN_POINT('',(0.,0.,0.71));
#10583 = DIRECTION('',(0.,0.,1.));
#10584 = DIRECTION('',(1.,0.,-0.));
#10585 = ADVANCED_FACE('',(#10586),#10592,.T.);
#10586 = FACE_BOUND('',#10587,.F.);
#10587 = EDGE_LOOP('',(#10588,#10589,#10590,#10591));
#10588 = ORIENTED_EDGE('',*,*,#10463,.T.);
#10589 = ORIENTED_EDGE('',*,*,#10494,.T.);
#10590 = ORIENTED_EDGE('',*,*,#10525,.T.);
#10591 = ORIENTED_EDGE('',*,*,#10556,.T.);
#10592 = PLANE('',#10593);
#10593 = AXIS2_PLACEMENT_3D('',#10594,#10595,#10596);
#10594 = CARTESIAN_POINT('',(0.,0.,0.75));
#10595 = DIRECTION('',(0.,0.,1.));
#10596 = DIRECTION('',(1.,0.,-0.));
#10597 = MANIFOLD_SOLID_BREP('',#10598);
#10598 = CLOSED_SHELL('',(#10599,#10639,#10670,#10701,#10723,#10735));
#10599 = ADVANCED_FACE('',(#10600),#10634,.T.);
#10600 = FACE_BOUND('',#10601,.T.);
#10601 = EDGE_LOOP('',(#10602,#10612,#10620,#10628));
#10602 = ORIENTED_EDGE('',*,*,#10603,.T.);
#10603 = EDGE_CURVE('',#10604,#10606,#10608,.T.);
#10604 = VERTEX_POINT('',#10605);
#10605 = CARTESIAN_POINT('',(108.44,-109.65,0.71));
#10606 = VERTEX_POINT('',#10607);
#10607 = CARTESIAN_POINT('',(108.44,-109.65,0.75));
#10608 = LINE('',#10609,#10610);
#10609 = CARTESIAN_POINT('',(108.44,-109.65,0.71));
#10610 = VECTOR('',#10611,1.);
#10611 = DIRECTION('',(0.,0.,1.));
#10612 = ORIENTED_EDGE('',*,*,#10613,.T.);
#10613 = EDGE_CURVE('',#10606,#10614,#10616,.T.);
#10614 = VERTEX_POINT('',#10615);
#10615 = CARTESIAN_POINT('',(108.44,-107.85,0.75));
#10616 = LINE('',#10617,#10618);
#10617 = CARTESIAN_POINT('',(108.44,-109.65,0.75));
#10618 = VECTOR('',#10619,1.);
#10619 = DIRECTION('',(0.,1.,0.));
#10620 = ORIENTED_EDGE('',*,*,#10621,.F.);
#10621 = EDGE_CURVE('',#10622,#10614,#10624,.T.);
#10622 = VERTEX_POINT('',#10623);
#10623 = CARTESIAN_POINT('',(108.44,-107.85,0.71));
#10624 = LINE('',#10625,#10626);
#10625 = CARTESIAN_POINT('',(108.44,-107.85,0.71));
#10626 = VECTOR('',#10627,1.);
#10627 = DIRECTION('',(0.,0.,1.));
#10628 = ORIENTED_EDGE('',*,*,#10629,.F.);
#10629 = EDGE_CURVE('',#10604,#10622,#10630,.T.);
#10630 = LINE('',#10631,#10632);
#10631 = CARTESIAN_POINT('',(108.44,-109.65,0.71));
#10632 = VECTOR('',#10633,1.);
#10633 = DIRECTION('',(0.,1.,0.));
#10634 = PLANE('',#10635);
#10635 = AXIS2_PLACEMENT_3D('',#10636,#10637,#10638);
#10636 = CARTESIAN_POINT('',(108.44,-109.65,0.71));
#10637 = DIRECTION('',(-1.,0.,0.));
#10638 = DIRECTION('',(0.,1.,0.));
#10639 = ADVANCED_FACE('',(#10640),#10665,.T.);
#10640 = FACE_BOUND('',#10641,.T.);
#10641 = EDGE_LOOP('',(#10642,#10643,#10651,#10659));
#10642 = ORIENTED_EDGE('',*,*,#10621,.T.);
#10643 = ORIENTED_EDGE('',*,*,#10644,.T.);
#10644 = EDGE_CURVE('',#10614,#10645,#10647,.T.);
#10645 = VERTEX_POINT('',#10646);
#10646 = CARTESIAN_POINT('',(109.14,-107.85,0.75));
#10647 = LINE('',#10648,#10649);
#10648 = CARTESIAN_POINT('',(108.44,-107.85,0.75));
#10649 = VECTOR('',#10650,1.);
#10650 = DIRECTION('',(1.,0.,0.));
#10651 = ORIENTED_EDGE('',*,*,#10652,.F.);
#10652 = EDGE_CURVE('',#10653,#10645,#10655,.T.);
#10653 = VERTEX_POINT('',#10654);
#10654 = CARTESIAN_POINT('',(109.14,-107.85,0.71));
#10655 = LINE('',#10656,#10657);
#10656 = CARTESIAN_POINT('',(109.14,-107.85,0.71));
#10657 = VECTOR('',#10658,1.);
#10658 = DIRECTION('',(0.,0.,1.));
#10659 = ORIENTED_EDGE('',*,*,#10660,.F.);
#10660 = EDGE_CURVE('',#10622,#10653,#10661,.T.);
#10661 = LINE('',#10662,#10663);
#10662 = CARTESIAN_POINT('',(108.44,-107.85,0.71));
#10663 = VECTOR('',#10664,1.);
#10664 = DIRECTION('',(1.,0.,0.));
#10665 = PLANE('',#10666);
#10666 = AXIS2_PLACEMENT_3D('',#10667,#10668,#10669);
#10667 = CARTESIAN_POINT('',(108.44,-107.85,0.71));
#10668 = DIRECTION('',(0.,1.,0.));
#10669 = DIRECTION('',(1.,0.,0.));
#10670 = ADVANCED_FACE('',(#10671),#10696,.T.);
#10671 = FACE_BOUND('',#10672,.T.);
#10672 = EDGE_LOOP('',(#10673,#10674,#10682,#10690));
#10673 = ORIENTED_EDGE('',*,*,#10652,.T.);
#10674 = ORIENTED_EDGE('',*,*,#10675,.T.);
#10675 = EDGE_CURVE('',#10645,#10676,#10678,.T.);
#10676 = VERTEX_POINT('',#10677);
#10677 = CARTESIAN_POINT('',(109.14,-109.65,0.75));
#10678 = LINE('',#10679,#10680);
#10679 = CARTESIAN_POINT('',(109.14,-107.85,0.75));
#10680 = VECTOR('',#10681,1.);
#10681 = DIRECTION('',(0.,-1.,0.));
#10682 = ORIENTED_EDGE('',*,*,#10683,.F.);
#10683 = EDGE_CURVE('',#10684,#10676,#10686,.T.);
#10684 = VERTEX_POINT('',#10685);
#10685 = CARTESIAN_POINT('',(109.14,-109.65,0.71));
#10686 = LINE('',#10687,#10688);
#10687 = CARTESIAN_POINT('',(109.14,-109.65,0.71));
#10688 = VECTOR('',#10689,1.);
#10689 = DIRECTION('',(0.,0.,1.));
#10690 = ORIENTED_EDGE('',*,*,#10691,.F.);
#10691 = EDGE_CURVE('',#10653,#10684,#10692,.T.);
#10692 = LINE('',#10693,#10694);
#10693 = CARTESIAN_POINT('',(109.14,-107.85,0.71));
#10694 = VECTOR('',#10695,1.);
#10695 = DIRECTION('',(0.,-1.,0.));
#10696 = PLANE('',#10697);
#10697 = AXIS2_PLACEMENT_3D('',#10698,#10699,#10700);
#10698 = CARTESIAN_POINT('',(109.14,-107.85,0.71));
#10699 = DIRECTION('',(1.,0.,-0.));
#10700 = DIRECTION('',(0.,-1.,0.));
#10701 = ADVANCED_FACE('',(#10702),#10718,.T.);
#10702 = FACE_BOUND('',#10703,.T.);
#10703 = EDGE_LOOP('',(#10704,#10705,#10711,#10712));
#10704 = ORIENTED_EDGE('',*,*,#10683,.T.);
#10705 = ORIENTED_EDGE('',*,*,#10706,.T.);
#10706 = EDGE_CURVE('',#10676,#10606,#10707,.T.);
#10707 = LINE('',#10708,#10709);
#10708 = CARTESIAN_POINT('',(109.14,-109.65,0.75));
#10709 = VECTOR('',#10710,1.);
#10710 = DIRECTION('',(-1.,0.,0.));
#10711 = ORIENTED_EDGE('',*,*,#10603,.F.);
#10712 = ORIENTED_EDGE('',*,*,#10713,.F.);
#10713 = EDGE_CURVE('',#10684,#10604,#10714,.T.);
#10714 = LINE('',#10715,#10716);
#10715 = CARTESIAN_POINT('',(109.14,-109.65,0.71));
#10716 = VECTOR('',#10717,1.);
#10717 = DIRECTION('',(-1.,0.,0.));
#10718 = PLANE('',#10719);
#10719 = AXIS2_PLACEMENT_3D('',#10720,#10721,#10722);
#10720 = CARTESIAN_POINT('',(109.14,-109.65,0.71));
#10721 = DIRECTION('',(0.,-1.,0.));
#10722 = DIRECTION('',(-1.,0.,0.));
#10723 = ADVANCED_FACE('',(#10724),#10730,.F.);
#10724 = FACE_BOUND('',#10725,.T.);
#10725 = EDGE_LOOP('',(#10726,#10727,#10728,#10729));
#10726 = ORIENTED_EDGE('',*,*,#10629,.T.);
#10727 = ORIENTED_EDGE('',*,*,#10660,.T.);
#10728 = ORIENTED_EDGE('',*,*,#10691,.T.);
#10729 = ORIENTED_EDGE('',*,*,#10713,.T.);
#10730 = PLANE('',#10731);
#10731 = AXIS2_PLACEMENT_3D('',#10732,#10733,#10734);
#10732 = CARTESIAN_POINT('',(0.,0.,0.71));
#10733 = DIRECTION('',(0.,0.,1.));
#10734 = DIRECTION('',(1.,0.,-0.));
#10735 = ADVANCED_FACE('',(#10736),#10742,.T.);
#10736 = FACE_BOUND('',#10737,.F.);
#10737 = EDGE_LOOP('',(#10738,#10739,#10740,#10741));
#10738 = ORIENTED_EDGE('',*,*,#10613,.T.);
#10739 = ORIENTED_EDGE('',*,*,#10644,.T.);
#10740 = ORIENTED_EDGE('',*,*,#10675,.T.);
#10741 = ORIENTED_EDGE('',*,*,#10706,.T.);
#10742 = PLANE('',#10743);
#10743 = AXIS2_PLACEMENT_3D('',#10744,#10745,#10746);
#10744 = CARTESIAN_POINT('',(0.,0.,0.75));
#10745 = DIRECTION('',(0.,0.,1.));
#10746 = DIRECTION('',(1.,0.,-0.));
#10747 = MANIFOLD_SOLID_BREP('',#10748);
#10748 = CLOSED_SHELL('',(#10749,#10789,#10820,#10851,#10873,#10885));
#10749 = ADVANCED_FACE('',(#10750),#10784,.T.);
#10750 = FACE_BOUND('',#10751,.T.);
#10751 = EDGE_LOOP('',(#10752,#10762,#10770,#10778));
#10752 = ORIENTED_EDGE('',*,*,#10753,.T.);
#10753 = EDGE_CURVE('',#10754,#10756,#10758,.T.);
#10754 = VERTEX_POINT('',#10755);
#10755 = CARTESIAN_POINT('',(109.71,-109.65,0.71));
#10756 = VERTEX_POINT('',#10757);
#10757 = CARTESIAN_POINT('',(109.71,-109.65,0.75));
#10758 = LINE('',#10759,#10760);
#10759 = CARTESIAN_POINT('',(109.71,-109.65,0.71));
#10760 = VECTOR('',#10761,1.);
#10761 = DIRECTION('',(0.,0.,1.));
#10762 = ORIENTED_EDGE('',*,*,#10763,.T.);
#10763 = EDGE_CURVE('',#10756,#10764,#10766,.T.);
#10764 = VERTEX_POINT('',#10765);
#10765 = CARTESIAN_POINT('',(109.71,-107.85,0.75));
#10766 = LINE('',#10767,#10768);
#10767 = CARTESIAN_POINT('',(109.71,-109.65,0.75));
#10768 = VECTOR('',#10769,1.);
#10769 = DIRECTION('',(0.,1.,0.));
#10770 = ORIENTED_EDGE('',*,*,#10771,.F.);
#10771 = EDGE_CURVE('',#10772,#10764,#10774,.T.);
#10772 = VERTEX_POINT('',#10773);
#10773 = CARTESIAN_POINT('',(109.71,-107.85,0.71));
#10774 = LINE('',#10775,#10776);
#10775 = CARTESIAN_POINT('',(109.71,-107.85,0.71));
#10776 = VECTOR('',#10777,1.);
#10777 = DIRECTION('',(0.,0.,1.));
#10778 = ORIENTED_EDGE('',*,*,#10779,.F.);
#10779 = EDGE_CURVE('',#10754,#10772,#10780,.T.);
#10780 = LINE('',#10781,#10782);
#10781 = CARTESIAN_POINT('',(109.71,-109.65,0.71));
#10782 = VECTOR('',#10783,1.);
#10783 = DIRECTION('',(0.,1.,0.));
#10784 = PLANE('',#10785);
#10785 = AXIS2_PLACEMENT_3D('',#10786,#10787,#10788);
#10786 = CARTESIAN_POINT('',(109.71,-109.65,0.71));
#10787 = DIRECTION('',(-1.,0.,0.));
#10788 = DIRECTION('',(0.,1.,0.));
#10789 = ADVANCED_FACE('',(#10790),#10815,.T.);
#10790 = FACE_BOUND('',#10791,.T.);
#10791 = EDGE_LOOP('',(#10792,#10793,#10801,#10809));
#10792 = ORIENTED_EDGE('',*,*,#10771,.T.);
#10793 = ORIENTED_EDGE('',*,*,#10794,.T.);
#10794 = EDGE_CURVE('',#10764,#10795,#10797,.T.);
#10795 = VERTEX_POINT('',#10796);
#10796 = CARTESIAN_POINT('',(110.41,-107.85,0.75));
#10797 = LINE('',#10798,#10799);
#10798 = CARTESIAN_POINT('',(109.71,-107.85,0.75));
#10799 = VECTOR('',#10800,1.);
#10800 = DIRECTION('',(1.,0.,0.));
#10801 = ORIENTED_EDGE('',*,*,#10802,.F.);
#10802 = EDGE_CURVE('',#10803,#10795,#10805,.T.);
#10803 = VERTEX_POINT('',#10804);
#10804 = CARTESIAN_POINT('',(110.41,-107.85,0.71));
#10805 = LINE('',#10806,#10807);
#10806 = CARTESIAN_POINT('',(110.41,-107.85,0.71));
#10807 = VECTOR('',#10808,1.);
#10808 = DIRECTION('',(0.,0.,1.));
#10809 = ORIENTED_EDGE('',*,*,#10810,.F.);
#10810 = EDGE_CURVE('',#10772,#10803,#10811,.T.);
#10811 = LINE('',#10812,#10813);
#10812 = CARTESIAN_POINT('',(109.71,-107.85,0.71));
#10813 = VECTOR('',#10814,1.);
#10814 = DIRECTION('',(1.,0.,0.));
#10815 = PLANE('',#10816);
#10816 = AXIS2_PLACEMENT_3D('',#10817,#10818,#10819);
#10817 = CARTESIAN_POINT('',(109.71,-107.85,0.71));
#10818 = DIRECTION('',(0.,1.,0.));
#10819 = DIRECTION('',(1.,0.,0.));
#10820 = ADVANCED_FACE('',(#10821),#10846,.T.);
#10821 = FACE_BOUND('',#10822,.T.);
#10822 = EDGE_LOOP('',(#10823,#10824,#10832,#10840));
#10823 = ORIENTED_EDGE('',*,*,#10802,.T.);
#10824 = ORIENTED_EDGE('',*,*,#10825,.T.);
#10825 = EDGE_CURVE('',#10795,#10826,#10828,.T.);
#10826 = VERTEX_POINT('',#10827);
#10827 = CARTESIAN_POINT('',(110.41,-109.65,0.75));
#10828 = LINE('',#10829,#10830);
#10829 = CARTESIAN_POINT('',(110.41,-107.85,0.75));
#10830 = VECTOR('',#10831,1.);
#10831 = DIRECTION('',(0.,-1.,0.));
#10832 = ORIENTED_EDGE('',*,*,#10833,.F.);
#10833 = EDGE_CURVE('',#10834,#10826,#10836,.T.);
#10834 = VERTEX_POINT('',#10835);
#10835 = CARTESIAN_POINT('',(110.41,-109.65,0.71));
#10836 = LINE('',#10837,#10838);
#10837 = CARTESIAN_POINT('',(110.41,-109.65,0.71));
#10838 = VECTOR('',#10839,1.);
#10839 = DIRECTION('',(0.,0.,1.));
#10840 = ORIENTED_EDGE('',*,*,#10841,.F.);
#10841 = EDGE_CURVE('',#10803,#10834,#10842,.T.);
#10842 = LINE('',#10843,#10844);
#10843 = CARTESIAN_POINT('',(110.41,-107.85,0.71));
#10844 = VECTOR('',#10845,1.);
#10845 = DIRECTION('',(0.,-1.,0.));
#10846 = PLANE('',#10847);
#10847 = AXIS2_PLACEMENT_3D('',#10848,#10849,#10850);
#10848 = CARTESIAN_POINT('',(110.41,-107.85,0.71));
#10849 = DIRECTION('',(1.,0.,-0.));
#10850 = DIRECTION('',(0.,-1.,0.));
#10851 = ADVANCED_FACE('',(#10852),#10868,.T.);
#10852 = FACE_BOUND('',#10853,.T.);
#10853 = EDGE_LOOP('',(#10854,#10855,#10861,#10862));
#10854 = ORIENTED_EDGE('',*,*,#10833,.T.);
#10855 = ORIENTED_EDGE('',*,*,#10856,.T.);
#10856 = EDGE_CURVE('',#10826,#10756,#10857,.T.);
#10857 = LINE('',#10858,#10859);
#10858 = CARTESIAN_POINT('',(110.41,-109.65,0.75));
#10859 = VECTOR('',#10860,1.);
#10860 = DIRECTION('',(-1.,0.,0.));
#10861 = ORIENTED_EDGE('',*,*,#10753,.F.);
#10862 = ORIENTED_EDGE('',*,*,#10863,.F.);
#10863 = EDGE_CURVE('',#10834,#10754,#10864,.T.);
#10864 = LINE('',#10865,#10866);
#10865 = CARTESIAN_POINT('',(110.41,-109.65,0.71));
#10866 = VECTOR('',#10867,1.);
#10867 = DIRECTION('',(-1.,0.,0.));
#10868 = PLANE('',#10869);
#10869 = AXIS2_PLACEMENT_3D('',#10870,#10871,#10872);
#10870 = CARTESIAN_POINT('',(110.41,-109.65,0.71));
#10871 = DIRECTION('',(0.,-1.,0.));
#10872 = DIRECTION('',(-1.,0.,0.));
#10873 = ADVANCED_FACE('',(#10874),#10880,.F.);
#10874 = FACE_BOUND('',#10875,.T.);
#10875 = EDGE_LOOP('',(#10876,#10877,#10878,#10879));
#10876 = ORIENTED_EDGE('',*,*,#10779,.T.);
#10877 = ORIENTED_EDGE('',*,*,#10810,.T.);
#10878 = ORIENTED_EDGE('',*,*,#10841,.T.);
#10879 = ORIENTED_EDGE('',*,*,#10863,.T.);
#10880 = PLANE('',#10881);
#10881 = AXIS2_PLACEMENT_3D('',#10882,#10883,#10884);
#10882 = CARTESIAN_POINT('',(0.,0.,0.71));
#10883 = DIRECTION('',(0.,0.,1.));
#10884 = DIRECTION('',(1.,0.,-0.));
#10885 = ADVANCED_FACE('',(#10886),#10892,.T.);
#10886 = FACE_BOUND('',#10887,.F.);
#10887 = EDGE_LOOP('',(#10888,#10889,#10890,#10891));
#10888 = ORIENTED_EDGE('',*,*,#10763,.T.);
#10889 = ORIENTED_EDGE('',*,*,#10794,.T.);
#10890 = ORIENTED_EDGE('',*,*,#10825,.T.);
#10891 = ORIENTED_EDGE('',*,*,#10856,.T.);
#10892 = PLANE('',#10893);
#10893 = AXIS2_PLACEMENT_3D('',#10894,#10895,#10896);
#10894 = CARTESIAN_POINT('',(0.,0.,0.75));
#10895 = DIRECTION('',(0.,0.,1.));
#10896 = DIRECTION('',(1.,0.,-0.));
#10897 = MANIFOLD_SOLID_BREP('',#10898);
#10898 = CLOSED_SHELL('',(#10899,#10939,#10970,#11001,#11023,#11035));
#10899 = ADVANCED_FACE('',(#10900),#10934,.T.);
#10900 = FACE_BOUND('',#10901,.T.);
#10901 = EDGE_LOOP('',(#10902,#10912,#10920,#10928));
#10902 = ORIENTED_EDGE('',*,*,#10903,.T.);
#10903 = EDGE_CURVE('',#10904,#10906,#10908,.T.);
#10904 = VERTEX_POINT('',#10905);
#10905 = CARTESIAN_POINT('',(110.98,-109.65,0.71));
#10906 = VERTEX_POINT('',#10907);
#10907 = CARTESIAN_POINT('',(110.98,-109.65,0.75));
#10908 = LINE('',#10909,#10910);
#10909 = CARTESIAN_POINT('',(110.98,-109.65,0.71));
#10910 = VECTOR('',#10911,1.);
#10911 = DIRECTION('',(0.,0.,1.));
#10912 = ORIENTED_EDGE('',*,*,#10913,.T.);
#10913 = EDGE_CURVE('',#10906,#10914,#10916,.T.);
#10914 = VERTEX_POINT('',#10915);
#10915 = CARTESIAN_POINT('',(110.98,-107.85,0.75));
#10916 = LINE('',#10917,#10918);
#10917 = CARTESIAN_POINT('',(110.98,-109.65,0.75));
#10918 = VECTOR('',#10919,1.);
#10919 = DIRECTION('',(0.,1.,0.));
#10920 = ORIENTED_EDGE('',*,*,#10921,.F.);
#10921 = EDGE_CURVE('',#10922,#10914,#10924,.T.);
#10922 = VERTEX_POINT('',#10923);
#10923 = CARTESIAN_POINT('',(110.98,-107.85,0.71));
#10924 = LINE('',#10925,#10926);
#10925 = CARTESIAN_POINT('',(110.98,-107.85,0.71));
#10926 = VECTOR('',#10927,1.);
#10927 = DIRECTION('',(0.,0.,1.));
#10928 = ORIENTED_EDGE('',*,*,#10929,.F.);
#10929 = EDGE_CURVE('',#10904,#10922,#10930,.T.);
#10930 = LINE('',#10931,#10932);
#10931 = CARTESIAN_POINT('',(110.98,-109.65,0.71));
#10932 = VECTOR('',#10933,1.);
#10933 = DIRECTION('',(0.,1.,0.));
#10934 = PLANE('',#10935);
#10935 = AXIS2_PLACEMENT_3D('',#10936,#10937,#10938);
#10936 = CARTESIAN_POINT('',(110.98,-109.65,0.71));
#10937 = DIRECTION('',(-1.,0.,0.));
#10938 = DIRECTION('',(0.,1.,0.));
#10939 = ADVANCED_FACE('',(#10940),#10965,.T.);
#10940 = FACE_BOUND('',#10941,.T.);
#10941 = EDGE_LOOP('',(#10942,#10943,#10951,#10959));
#10942 = ORIENTED_EDGE('',*,*,#10921,.T.);
#10943 = ORIENTED_EDGE('',*,*,#10944,.T.);
#10944 = EDGE_CURVE('',#10914,#10945,#10947,.T.);
#10945 = VERTEX_POINT('',#10946);
#10946 = CARTESIAN_POINT('',(111.68,-107.85,0.75));
#10947 = LINE('',#10948,#10949);
#10948 = CARTESIAN_POINT('',(110.98,-107.85,0.75));
#10949 = VECTOR('',#10950,1.);
#10950 = DIRECTION('',(1.,0.,0.));
#10951 = ORIENTED_EDGE('',*,*,#10952,.F.);
#10952 = EDGE_CURVE('',#10953,#10945,#10955,.T.);
#10953 = VERTEX_POINT('',#10954);
#10954 = CARTESIAN_POINT('',(111.68,-107.85,0.71));
#10955 = LINE('',#10956,#10957);
#10956 = CARTESIAN_POINT('',(111.68,-107.85,0.71));
#10957 = VECTOR('',#10958,1.);
#10958 = DIRECTION('',(0.,0.,1.));
#10959 = ORIENTED_EDGE('',*,*,#10960,.F.);
#10960 = EDGE_CURVE('',#10922,#10953,#10961,.T.);
#10961 = LINE('',#10962,#10963);
#10962 = CARTESIAN_POINT('',(110.98,-107.85,0.71));
#10963 = VECTOR('',#10964,1.);
#10964 = DIRECTION('',(1.,0.,0.));
#10965 = PLANE('',#10966);
#10966 = AXIS2_PLACEMENT_3D('',#10967,#10968,#10969);
#10967 = CARTESIAN_POINT('',(110.98,-107.85,0.71));
#10968 = DIRECTION('',(0.,1.,0.));
#10969 = DIRECTION('',(1.,0.,0.));
#10970 = ADVANCED_FACE('',(#10971),#10996,.T.);
#10971 = FACE_BOUND('',#10972,.T.);
#10972 = EDGE_LOOP('',(#10973,#10974,#10982,#10990));
#10973 = ORIENTED_EDGE('',*,*,#10952,.T.);
#10974 = ORIENTED_EDGE('',*,*,#10975,.T.);
#10975 = EDGE_CURVE('',#10945,#10976,#10978,.T.);
#10976 = VERTEX_POINT('',#10977);
#10977 = CARTESIAN_POINT('',(111.68,-109.65,0.75));
#10978 = LINE('',#10979,#10980);
#10979 = CARTESIAN_POINT('',(111.68,-107.85,0.75));
#10980 = VECTOR('',#10981,1.);
#10981 = DIRECTION('',(0.,-1.,0.));
#10982 = ORIENTED_EDGE('',*,*,#10983,.F.);
#10983 = EDGE_CURVE('',#10984,#10976,#10986,.T.);
#10984 = VERTEX_POINT('',#10985);
#10985 = CARTESIAN_POINT('',(111.68,-109.65,0.71));
#10986 = LINE('',#10987,#10988);
#10987 = CARTESIAN_POINT('',(111.68,-109.65,0.71));
#10988 = VECTOR('',#10989,1.);
#10989 = DIRECTION('',(0.,0.,1.));
#10990 = ORIENTED_EDGE('',*,*,#10991,.F.);
#10991 = EDGE_CURVE('',#10953,#10984,#10992,.T.);
#10992 = LINE('',#10993,#10994);
#10993 = CARTESIAN_POINT('',(111.68,-107.85,0.71));
#10994 = VECTOR('',#10995,1.);
#10995 = DIRECTION('',(0.,-1.,0.));
#10996 = PLANE('',#10997);
#10997 = AXIS2_PLACEMENT_3D('',#10998,#10999,#11000);
#10998 = CARTESIAN_POINT('',(111.68,-107.85,0.71));
#10999 = DIRECTION('',(1.,0.,-0.));
#11000 = DIRECTION('',(0.,-1.,0.));
#11001 = ADVANCED_FACE('',(#11002),#11018,.T.);
#11002 = FACE_BOUND('',#11003,.T.);
#11003 = EDGE_LOOP('',(#11004,#11005,#11011,#11012));
#11004 = ORIENTED_EDGE('',*,*,#10983,.T.);
#11005 = ORIENTED_EDGE('',*,*,#11006,.T.);
#11006 = EDGE_CURVE('',#10976,#10906,#11007,.T.);
#11007 = LINE('',#11008,#11009);
#11008 = CARTESIAN_POINT('',(111.68,-109.65,0.75));
#11009 = VECTOR('',#11010,1.);
#11010 = DIRECTION('',(-1.,0.,0.));
#11011 = ORIENTED_EDGE('',*,*,#10903,.F.);
#11012 = ORIENTED_EDGE('',*,*,#11013,.F.);
#11013 = EDGE_CURVE('',#10984,#10904,#11014,.T.);
#11014 = LINE('',#11015,#11016);
#11015 = CARTESIAN_POINT('',(111.68,-109.65,0.71));
#11016 = VECTOR('',#11017,1.);
#11017 = DIRECTION('',(-1.,0.,0.));
#11018 = PLANE('',#11019);
#11019 = AXIS2_PLACEMENT_3D('',#11020,#11021,#11022);
#11020 = CARTESIAN_POINT('',(111.68,-109.65,0.71));
#11021 = DIRECTION('',(0.,-1.,0.));
#11022 = DIRECTION('',(-1.,0.,0.));
#11023 = ADVANCED_FACE('',(#11024),#11030,.F.);
#11024 = FACE_BOUND('',#11025,.T.);
#11025 = EDGE_LOOP('',(#11026,#11027,#11028,#11029));
#11026 = ORIENTED_EDGE('',*,*,#10929,.T.);
#11027 = ORIENTED_EDGE('',*,*,#10960,.T.);
#11028 = ORIENTED_EDGE('',*,*,#10991,.T.);
#11029 = ORIENTED_EDGE('',*,*,#11013,.T.);
#11030 = PLANE('',#11031);
#11031 = AXIS2_PLACEMENT_3D('',#11032,#11033,#11034);
#11032 = CARTESIAN_POINT('',(0.,0.,0.71));
#11033 = DIRECTION('',(0.,0.,1.));
#11034 = DIRECTION('',(1.,0.,-0.));
#11035 = ADVANCED_FACE('',(#11036),#11042,.T.);
#11036 = FACE_BOUND('',#11037,.F.);
#11037 = EDGE_LOOP('',(#11038,#11039,#11040,#11041));
#11038 = ORIENTED_EDGE('',*,*,#10913,.T.);
#11039 = ORIENTED_EDGE('',*,*,#10944,.T.);
#11040 = ORIENTED_EDGE('',*,*,#10975,.T.);
#11041 = ORIENTED_EDGE('',*,*,#11006,.T.);
#11042 = PLANE('',#11043);
#11043 = AXIS2_PLACEMENT_3D('',#11044,#11045,#11046);
#11044 = CARTESIAN_POINT('',(0.,0.,0.75));
#11045 = DIRECTION('',(0.,0.,1.));
#11046 = DIRECTION('',(1.,0.,-0.));
#11047 = MANIFOLD_SOLID_BREP('',#11048);
#11048 = CLOSED_SHELL('',(#11049,#11089,#11120,#11151,#11173,#11185));
#11049 = ADVANCED_FACE('',(#11050),#11084,.T.);
#11050 = FACE_BOUND('',#11051,.T.);
#11051 = EDGE_LOOP('',(#11052,#11062,#11070,#11078));
#11052 = ORIENTED_EDGE('',*,*,#11053,.T.);
#11053 = EDGE_CURVE('',#11054,#11056,#11058,.T.);
#11054 = VERTEX_POINT('',#11055);
#11055 = CARTESIAN_POINT('',(113.45,-106.065,0.71));
#11056 = VERTEX_POINT('',#11057);
#11057 = CARTESIAN_POINT('',(113.45,-106.065,0.75));
#11058 = LINE('',#11059,#11060);
#11059 = CARTESIAN_POINT('',(113.45,-106.065,0.71));
#11060 = VECTOR('',#11061,1.);
#11061 = DIRECTION('',(0.,0.,1.));
#11062 = ORIENTED_EDGE('',*,*,#11063,.T.);
#11063 = EDGE_CURVE('',#11056,#11064,#11066,.T.);
#11064 = VERTEX_POINT('',#11065);
#11065 = CARTESIAN_POINT('',(113.45,-105.365,0.75));
#11066 = LINE('',#11067,#11068);
#11067 = CARTESIAN_POINT('',(113.45,-106.065,0.75));
#11068 = VECTOR('',#11069,1.);
#11069 = DIRECTION('',(0.,1.,0.));
#11070 = ORIENTED_EDGE('',*,*,#11071,.F.);
#11071 = EDGE_CURVE('',#11072,#11064,#11074,.T.);
#11072 = VERTEX_POINT('',#11073);
#11073 = CARTESIAN_POINT('',(113.45,-105.365,0.71));
#11074 = LINE('',#11075,#11076);
#11075 = CARTESIAN_POINT('',(113.45,-105.365,0.71));
#11076 = VECTOR('',#11077,1.);
#11077 = DIRECTION('',(0.,0.,1.));
#11078 = ORIENTED_EDGE('',*,*,#11079,.F.);
#11079 = EDGE_CURVE('',#11054,#11072,#11080,.T.);
#11080 = LINE('',#11081,#11082);
#11081 = CARTESIAN_POINT('',(113.45,-106.065,0.71));
#11082 = VECTOR('',#11083,1.);
#11083 = DIRECTION('',(0.,1.,0.));
#11084 = PLANE('',#11085);
#11085 = AXIS2_PLACEMENT_3D('',#11086,#11087,#11088);
#11086 = CARTESIAN_POINT('',(113.45,-106.065,0.71));
#11087 = DIRECTION('',(-1.,0.,0.));
#11088 = DIRECTION('',(0.,1.,0.));
#11089 = ADVANCED_FACE('',(#11090),#11115,.T.);
#11090 = FACE_BOUND('',#11091,.T.);
#11091 = EDGE_LOOP('',(#11092,#11093,#11101,#11109));
#11092 = ORIENTED_EDGE('',*,*,#11071,.T.);
#11093 = ORIENTED_EDGE('',*,*,#11094,.T.);
#11094 = EDGE_CURVE('',#11064,#11095,#11097,.T.);
#11095 = VERTEX_POINT('',#11096);
#11096 = CARTESIAN_POINT('',(115.25,-105.365,0.75));
#11097 = LINE('',#11098,#11099);
#11098 = CARTESIAN_POINT('',(113.45,-105.365,0.75));
#11099 = VECTOR('',#11100,1.);
#11100 = DIRECTION('',(1.,0.,0.));
#11101 = ORIENTED_EDGE('',*,*,#11102,.F.);
#11102 = EDGE_CURVE('',#11103,#11095,#11105,.T.);
#11103 = VERTEX_POINT('',#11104);
#11104 = CARTESIAN_POINT('',(115.25,-105.365,0.71));
#11105 = LINE('',#11106,#11107);
#11106 = CARTESIAN_POINT('',(115.25,-105.365,0.71));
#11107 = VECTOR('',#11108,1.);
#11108 = DIRECTION('',(0.,0.,1.));
#11109 = ORIENTED_EDGE('',*,*,#11110,.F.);
#11110 = EDGE_CURVE('',#11072,#11103,#11111,.T.);
#11111 = LINE('',#11112,#11113);
#11112 = CARTESIAN_POINT('',(113.45,-105.365,0.71));
#11113 = VECTOR('',#11114,1.);
#11114 = DIRECTION('',(1.,0.,0.));
#11115 = PLANE('',#11116);
#11116 = AXIS2_PLACEMENT_3D('',#11117,#11118,#11119);
#11117 = CARTESIAN_POINT('',(113.45,-105.365,0.71));
#11118 = DIRECTION('',(0.,1.,0.));
#11119 = DIRECTION('',(1.,0.,0.));
#11120 = ADVANCED_FACE('',(#11121),#11146,.T.);
#11121 = FACE_BOUND('',#11122,.T.);
#11122 = EDGE_LOOP('',(#11123,#11124,#11132,#11140));
#11123 = ORIENTED_EDGE('',*,*,#11102,.T.);
#11124 = ORIENTED_EDGE('',*,*,#11125,.T.);
#11125 = EDGE_CURVE('',#11095,#11126,#11128,.T.);
#11126 = VERTEX_POINT('',#11127);
#11127 = CARTESIAN_POINT('',(115.25,-106.065,0.75));
#11128 = LINE('',#11129,#11130);
#11129 = CARTESIAN_POINT('',(115.25,-105.365,0.75));
#11130 = VECTOR('',#11131,1.);
#11131 = DIRECTION('',(0.,-1.,0.));
#11132 = ORIENTED_EDGE('',*,*,#11133,.F.);
#11133 = EDGE_CURVE('',#11134,#11126,#11136,.T.);
#11134 = VERTEX_POINT('',#11135);
#11135 = CARTESIAN_POINT('',(115.25,-106.065,0.71));
#11136 = LINE('',#11137,#11138);
#11137 = CARTESIAN_POINT('',(115.25,-106.065,0.71));
#11138 = VECTOR('',#11139,1.);
#11139 = DIRECTION('',(0.,0.,1.));
#11140 = ORIENTED_EDGE('',*,*,#11141,.F.);
#11141 = EDGE_CURVE('',#11103,#11134,#11142,.T.);
#11142 = LINE('',#11143,#11144);
#11143 = CARTESIAN_POINT('',(115.25,-105.365,0.71));
#11144 = VECTOR('',#11145,1.);
#11145 = DIRECTION('',(0.,-1.,0.));
#11146 = PLANE('',#11147);
#11147 = AXIS2_PLACEMENT_3D('',#11148,#11149,#11150);
#11148 = CARTESIAN_POINT('',(115.25,-105.365,0.71));
#11149 = DIRECTION('',(1.,0.,-0.));
#11150 = DIRECTION('',(0.,-1.,0.));
#11151 = ADVANCED_FACE('',(#11152),#11168,.T.);
#11152 = FACE_BOUND('',#11153,.T.);
#11153 = EDGE_LOOP('',(#11154,#11155,#11161,#11162));
#11154 = ORIENTED_EDGE('',*,*,#11133,.T.);
#11155 = ORIENTED_EDGE('',*,*,#11156,.T.);
#11156 = EDGE_CURVE('',#11126,#11056,#11157,.T.);
#11157 = LINE('',#11158,#11159);
#11158 = CARTESIAN_POINT('',(115.25,-106.065,0.75));
#11159 = VECTOR('',#11160,1.);
#11160 = DIRECTION('',(-1.,0.,0.));
#11161 = ORIENTED_EDGE('',*,*,#11053,.F.);
#11162 = ORIENTED_EDGE('',*,*,#11163,.F.);
#11163 = EDGE_CURVE('',#11134,#11054,#11164,.T.);
#11164 = LINE('',#11165,#11166);
#11165 = CARTESIAN_POINT('',(115.25,-106.065,0.71));
#11166 = VECTOR('',#11167,1.);
#11167 = DIRECTION('',(-1.,0.,0.));
#11168 = PLANE('',#11169);
#11169 = AXIS2_PLACEMENT_3D('',#11170,#11171,#11172);
#11170 = CARTESIAN_POINT('',(115.25,-106.065,0.71));
#11171 = DIRECTION('',(0.,-1.,0.));
#11172 = DIRECTION('',(-1.,0.,0.));
#11173 = ADVANCED_FACE('',(#11174),#11180,.F.);
#11174 = FACE_BOUND('',#11175,.T.);
#11175 = EDGE_LOOP('',(#11176,#11177,#11178,#11179));
#11176 = ORIENTED_EDGE('',*,*,#11079,.T.);
#11177 = ORIENTED_EDGE('',*,*,#11110,.T.);
#11178 = ORIENTED_EDGE('',*,*,#11141,.T.);
#11179 = ORIENTED_EDGE('',*,*,#11163,.T.);
#11180 = PLANE('',#11181);
#11181 = AXIS2_PLACEMENT_3D('',#11182,#11183,#11184);
#11182 = CARTESIAN_POINT('',(0.,0.,0.71));
#11183 = DIRECTION('',(0.,0.,1.));
#11184 = DIRECTION('',(1.,0.,-0.));
#11185 = ADVANCED_FACE('',(#11186),#11192,.T.);
#11186 = FACE_BOUND('',#11187,.F.);
#11187 = EDGE_LOOP('',(#11188,#11189,#11190,#11191));
#11188 = ORIENTED_EDGE('',*,*,#11063,.T.);
#11189 = ORIENTED_EDGE('',*,*,#11094,.T.);
#11190 = ORIENTED_EDGE('',*,*,#11125,.T.);
#11191 = ORIENTED_EDGE('',*,*,#11156,.T.);
#11192 = PLANE('',#11193);
#11193 = AXIS2_PLACEMENT_3D('',#11194,#11195,#11196);
#11194 = CARTESIAN_POINT('',(0.,0.,0.75));
#11195 = DIRECTION('',(0.,0.,1.));
#11196 = DIRECTION('',(1.,0.,-0.));
#11197 = MANIFOLD_SOLID_BREP('',#11198);
#11198 = CLOSED_SHELL('',(#11199,#11239,#11270,#11301,#11323,#11335));
#11199 = ADVANCED_FACE('',(#11200),#11234,.T.);
#11200 = FACE_BOUND('',#11201,.T.);
#11201 = EDGE_LOOP('',(#11202,#11212,#11220,#11228));
#11202 = ORIENTED_EDGE('',*,*,#11203,.T.);
#11203 = EDGE_CURVE('',#11204,#11206,#11208,.T.);
#11204 = VERTEX_POINT('',#11205);
#11205 = CARTESIAN_POINT('',(113.45,-104.795,0.71));
#11206 = VERTEX_POINT('',#11207);
#11207 = CARTESIAN_POINT('',(113.45,-104.795,0.75));
#11208 = LINE('',#11209,#11210);
#11209 = CARTESIAN_POINT('',(113.45,-104.795,0.71));
#11210 = VECTOR('',#11211,1.);
#11211 = DIRECTION('',(0.,0.,1.));
#11212 = ORIENTED_EDGE('',*,*,#11213,.T.);
#11213 = EDGE_CURVE('',#11206,#11214,#11216,.T.);
#11214 = VERTEX_POINT('',#11215);
#11215 = CARTESIAN_POINT('',(113.45,-104.095,0.75));
#11216 = LINE('',#11217,#11218);
#11217 = CARTESIAN_POINT('',(113.45,-104.795,0.75));
#11218 = VECTOR('',#11219,1.);
#11219 = DIRECTION('',(0.,1.,0.));
#11220 = ORIENTED_EDGE('',*,*,#11221,.F.);
#11221 = EDGE_CURVE('',#11222,#11214,#11224,.T.);
#11222 = VERTEX_POINT('',#11223);
#11223 = CARTESIAN_POINT('',(113.45,-104.095,0.71));
#11224 = LINE('',#11225,#11226);
#11225 = CARTESIAN_POINT('',(113.45,-104.095,0.71));
#11226 = VECTOR('',#11227,1.);
#11227 = DIRECTION('',(0.,0.,1.));
#11228 = ORIENTED_EDGE('',*,*,#11229,.F.);
#11229 = EDGE_CURVE('',#11204,#11222,#11230,.T.);
#11230 = LINE('',#11231,#11232);
#11231 = CARTESIAN_POINT('',(113.45,-104.795,0.71));
#11232 = VECTOR('',#11233,1.);
#11233 = DIRECTION('',(0.,1.,0.));
#11234 = PLANE('',#11235);
#11235 = AXIS2_PLACEMENT_3D('',#11236,#11237,#11238);
#11236 = CARTESIAN_POINT('',(113.45,-104.795,0.71));
#11237 = DIRECTION('',(-1.,0.,0.));
#11238 = DIRECTION('',(0.,1.,0.));
#11239 = ADVANCED_FACE('',(#11240),#11265,.T.);
#11240 = FACE_BOUND('',#11241,.T.);
#11241 = EDGE_LOOP('',(#11242,#11243,#11251,#11259));
#11242 = ORIENTED_EDGE('',*,*,#11221,.T.);
#11243 = ORIENTED_EDGE('',*,*,#11244,.T.);
#11244 = EDGE_CURVE('',#11214,#11245,#11247,.T.);
#11245 = VERTEX_POINT('',#11246);
#11246 = CARTESIAN_POINT('',(115.25,-104.095,0.75));
#11247 = LINE('',#11248,#11249);
#11248 = CARTESIAN_POINT('',(113.45,-104.095,0.75));
#11249 = VECTOR('',#11250,1.);
#11250 = DIRECTION('',(1.,0.,0.));
#11251 = ORIENTED_EDGE('',*,*,#11252,.F.);
#11252 = EDGE_CURVE('',#11253,#11245,#11255,.T.);
#11253 = VERTEX_POINT('',#11254);
#11254 = CARTESIAN_POINT('',(115.25,-104.095,0.71));
#11255 = LINE('',#11256,#11257);
#11256 = CARTESIAN_POINT('',(115.25,-104.095,0.71));
#11257 = VECTOR('',#11258,1.);
#11258 = DIRECTION('',(0.,0.,1.));
#11259 = ORIENTED_EDGE('',*,*,#11260,.F.);
#11260 = EDGE_CURVE('',#11222,#11253,#11261,.T.);
#11261 = LINE('',#11262,#11263);
#11262 = CARTESIAN_POINT('',(113.45,-104.095,0.71));
#11263 = VECTOR('',#11264,1.);
#11264 = DIRECTION('',(1.,0.,0.));
#11265 = PLANE('',#11266);
#11266 = AXIS2_PLACEMENT_3D('',#11267,#11268,#11269);
#11267 = CARTESIAN_POINT('',(113.45,-104.095,0.71));
#11268 = DIRECTION('',(0.,1.,0.));
#11269 = DIRECTION('',(1.,0.,0.));
#11270 = ADVANCED_FACE('',(#11271),#11296,.T.);
#11271 = FACE_BOUND('',#11272,.T.);
#11272 = EDGE_LOOP('',(#11273,#11274,#11282,#11290));
#11273 = ORIENTED_EDGE('',*,*,#11252,.T.);
#11274 = ORIENTED_EDGE('',*,*,#11275,.T.);
#11275 = EDGE_CURVE('',#11245,#11276,#11278,.T.);
#11276 = VERTEX_POINT('',#11277);
#11277 = CARTESIAN_POINT('',(115.25,-104.795,0.75));
#11278 = LINE('',#11279,#11280);
#11279 = CARTESIAN_POINT('',(115.25,-104.095,0.75));
#11280 = VECTOR('',#11281,1.);
#11281 = DIRECTION('',(0.,-1.,0.));
#11282 = ORIENTED_EDGE('',*,*,#11283,.F.);
#11283 = EDGE_CURVE('',#11284,#11276,#11286,.T.);
#11284 = VERTEX_POINT('',#11285);
#11285 = CARTESIAN_POINT('',(115.25,-104.795,0.71));
#11286 = LINE('',#11287,#11288);
#11287 = CARTESIAN_POINT('',(115.25,-104.795,0.71));
#11288 = VECTOR('',#11289,1.);
#11289 = DIRECTION('',(0.,0.,1.));
#11290 = ORIENTED_EDGE('',*,*,#11291,.F.);
#11291 = EDGE_CURVE('',#11253,#11284,#11292,.T.);
#11292 = LINE('',#11293,#11294);
#11293 = CARTESIAN_POINT('',(115.25,-104.095,0.71));
#11294 = VECTOR('',#11295,1.);
#11295 = DIRECTION('',(0.,-1.,0.));
#11296 = PLANE('',#11297);
#11297 = AXIS2_PLACEMENT_3D('',#11298,#11299,#11300);
#11298 = CARTESIAN_POINT('',(115.25,-104.095,0.71));
#11299 = DIRECTION('',(1.,0.,-0.));
#11300 = DIRECTION('',(0.,-1.,0.));
#11301 = ADVANCED_FACE('',(#11302),#11318,.T.);
#11302 = FACE_BOUND('',#11303,.T.);
#11303 = EDGE_LOOP('',(#11304,#11305,#11311,#11312));
#11304 = ORIENTED_EDGE('',*,*,#11283,.T.);
#11305 = ORIENTED_EDGE('',*,*,#11306,.T.);
#11306 = EDGE_CURVE('',#11276,#11206,#11307,.T.);
#11307 = LINE('',#11308,#11309);
#11308 = CARTESIAN_POINT('',(115.25,-104.795,0.75));
#11309 = VECTOR('',#11310,1.);
#11310 = DIRECTION('',(-1.,0.,0.));
#11311 = ORIENTED_EDGE('',*,*,#11203,.F.);
#11312 = ORIENTED_EDGE('',*,*,#11313,.F.);
#11313 = EDGE_CURVE('',#11284,#11204,#11314,.T.);
#11314 = LINE('',#11315,#11316);
#11315 = CARTESIAN_POINT('',(115.25,-104.795,0.71));
#11316 = VECTOR('',#11317,1.);
#11317 = DIRECTION('',(-1.,0.,0.));
#11318 = PLANE('',#11319);
#11319 = AXIS2_PLACEMENT_3D('',#11320,#11321,#11322);
#11320 = CARTESIAN_POINT('',(115.25,-104.795,0.71));
#11321 = DIRECTION('',(0.,-1.,0.));
#11322 = DIRECTION('',(-1.,0.,0.));
#11323 = ADVANCED_FACE('',(#11324),#11330,.F.);
#11324 = FACE_BOUND('',#11325,.T.);
#11325 = EDGE_LOOP('',(#11326,#11327,#11328,#11329));
#11326 = ORIENTED_EDGE('',*,*,#11229,.T.);
#11327 = ORIENTED_EDGE('',*,*,#11260,.T.);
#11328 = ORIENTED_EDGE('',*,*,#11291,.T.);
#11329 = ORIENTED_EDGE('',*,*,#11313,.T.);
#11330 = PLANE('',#11331);
#11331 = AXIS2_PLACEMENT_3D('',#11332,#11333,#11334);
#11332 = CARTESIAN_POINT('',(0.,0.,0.71));
#11333 = DIRECTION('',(0.,0.,1.));
#11334 = DIRECTION('',(1.,0.,-0.));
#11335 = ADVANCED_FACE('',(#11336),#11342,.T.);
#11336 = FACE_BOUND('',#11337,.F.);
#11337 = EDGE_LOOP('',(#11338,#11339,#11340,#11341));
#11338 = ORIENTED_EDGE('',*,*,#11213,.T.);
#11339 = ORIENTED_EDGE('',*,*,#11244,.T.);
#11340 = ORIENTED_EDGE('',*,*,#11275,.T.);
#11341 = ORIENTED_EDGE('',*,*,#11306,.T.);
#11342 = PLANE('',#11343);
#11343 = AXIS2_PLACEMENT_3D('',#11344,#11345,#11346);
#11344 = CARTESIAN_POINT('',(0.,0.,0.75));
#11345 = DIRECTION('',(0.,0.,1.));
#11346 = DIRECTION('',(1.,0.,-0.));
#11347 = MANIFOLD_SOLID_BREP('',#11348);
#11348 = CLOSED_SHELL('',(#11349,#11389,#11420,#11451,#11473,#11485));
#11349 = ADVANCED_FACE('',(#11350),#11384,.T.);
#11350 = FACE_BOUND('',#11351,.T.);
#11351 = EDGE_LOOP('',(#11352,#11362,#11370,#11378));
#11352 = ORIENTED_EDGE('',*,*,#11353,.T.);
#11353 = EDGE_CURVE('',#11354,#11356,#11358,.T.);
#11354 = VERTEX_POINT('',#11355);
#11355 = CARTESIAN_POINT('',(113.45,-103.525,0.71));
#11356 = VERTEX_POINT('',#11357);
#11357 = CARTESIAN_POINT('',(113.45,-103.525,0.75));
#11358 = LINE('',#11359,#11360);
#11359 = CARTESIAN_POINT('',(113.45,-103.525,0.71));
#11360 = VECTOR('',#11361,1.);
#11361 = DIRECTION('',(0.,0.,1.));
#11362 = ORIENTED_EDGE('',*,*,#11363,.T.);
#11363 = EDGE_CURVE('',#11356,#11364,#11366,.T.);
#11364 = VERTEX_POINT('',#11365);
#11365 = CARTESIAN_POINT('',(113.45,-102.825,0.75));
#11366 = LINE('',#11367,#11368);
#11367 = CARTESIAN_POINT('',(113.45,-103.525,0.75));
#11368 = VECTOR('',#11369,1.);
#11369 = DIRECTION('',(0.,1.,0.));
#11370 = ORIENTED_EDGE('',*,*,#11371,.F.);
#11371 = EDGE_CURVE('',#11372,#11364,#11374,.T.);
#11372 = VERTEX_POINT('',#11373);
#11373 = CARTESIAN_POINT('',(113.45,-102.825,0.71));
#11374 = LINE('',#11375,#11376);
#11375 = CARTESIAN_POINT('',(113.45,-102.825,0.71));
#11376 = VECTOR('',#11377,1.);
#11377 = DIRECTION('',(0.,0.,1.));
#11378 = ORIENTED_EDGE('',*,*,#11379,.F.);
#11379 = EDGE_CURVE('',#11354,#11372,#11380,.T.);
#11380 = LINE('',#11381,#11382);
#11381 = CARTESIAN_POINT('',(113.45,-103.525,0.71));
#11382 = VECTOR('',#11383,1.);
#11383 = DIRECTION('',(0.,1.,0.));
#11384 = PLANE('',#11385);
#11385 = AXIS2_PLACEMENT_3D('',#11386,#11387,#11388);
#11386 = CARTESIAN_POINT('',(113.45,-103.525,0.71));
#11387 = DIRECTION('',(-1.,0.,0.));
#11388 = DIRECTION('',(0.,1.,0.));
#11389 = ADVANCED_FACE('',(#11390),#11415,.T.);
#11390 = FACE_BOUND('',#11391,.T.);
#11391 = EDGE_LOOP('',(#11392,#11393,#11401,#11409));
#11392 = ORIENTED_EDGE('',*,*,#11371,.T.);
#11393 = ORIENTED_EDGE('',*,*,#11394,.T.);
#11394 = EDGE_CURVE('',#11364,#11395,#11397,.T.);
#11395 = VERTEX_POINT('',#11396);
#11396 = CARTESIAN_POINT('',(115.25,-102.825,0.75));
#11397 = LINE('',#11398,#11399);
#11398 = CARTESIAN_POINT('',(113.45,-102.825,0.75));
#11399 = VECTOR('',#11400,1.);
#11400 = DIRECTION('',(1.,0.,0.));
#11401 = ORIENTED_EDGE('',*,*,#11402,.F.);
#11402 = EDGE_CURVE('',#11403,#11395,#11405,.T.);
#11403 = VERTEX_POINT('',#11404);
#11404 = CARTESIAN_POINT('',(115.25,-102.825,0.71));
#11405 = LINE('',#11406,#11407);
#11406 = CARTESIAN_POINT('',(115.25,-102.825,0.71));
#11407 = VECTOR('',#11408,1.);
#11408 = DIRECTION('',(0.,0.,1.));
#11409 = ORIENTED_EDGE('',*,*,#11410,.F.);
#11410 = EDGE_CURVE('',#11372,#11403,#11411,.T.);
#11411 = LINE('',#11412,#11413);
#11412 = CARTESIAN_POINT('',(113.45,-102.825,0.71));
#11413 = VECTOR('',#11414,1.);
#11414 = DIRECTION('',(1.,0.,0.));
#11415 = PLANE('',#11416);
#11416 = AXIS2_PLACEMENT_3D('',#11417,#11418,#11419);
#11417 = CARTESIAN_POINT('',(113.45,-102.825,0.71));
#11418 = DIRECTION('',(0.,1.,0.));
#11419 = DIRECTION('',(1.,0.,0.));
#11420 = ADVANCED_FACE('',(#11421),#11446,.T.);
#11421 = FACE_BOUND('',#11422,.T.);
#11422 = EDGE_LOOP('',(#11423,#11424,#11432,#11440));
#11423 = ORIENTED_EDGE('',*,*,#11402,.T.);
#11424 = ORIENTED_EDGE('',*,*,#11425,.T.);
#11425 = EDGE_CURVE('',#11395,#11426,#11428,.T.);
#11426 = VERTEX_POINT('',#11427);
#11427 = CARTESIAN_POINT('',(115.25,-103.525,0.75));
#11428 = LINE('',#11429,#11430);
#11429 = CARTESIAN_POINT('',(115.25,-102.825,0.75));
#11430 = VECTOR('',#11431,1.);
#11431 = DIRECTION('',(0.,-1.,0.));
#11432 = ORIENTED_EDGE('',*,*,#11433,.F.);
#11433 = EDGE_CURVE('',#11434,#11426,#11436,.T.);
#11434 = VERTEX_POINT('',#11435);
#11435 = CARTESIAN_POINT('',(115.25,-103.525,0.71));
#11436 = LINE('',#11437,#11438);
#11437 = CARTESIAN_POINT('',(115.25,-103.525,0.71));
#11438 = VECTOR('',#11439,1.);
#11439 = DIRECTION('',(0.,0.,1.));
#11440 = ORIENTED_EDGE('',*,*,#11441,.F.);
#11441 = EDGE_CURVE('',#11403,#11434,#11442,.T.);
#11442 = LINE('',#11443,#11444);
#11443 = CARTESIAN_POINT('',(115.25,-102.825,0.71));
#11444 = VECTOR('',#11445,1.);
#11445 = DIRECTION('',(0.,-1.,0.));
#11446 = PLANE('',#11447);
#11447 = AXIS2_PLACEMENT_3D('',#11448,#11449,#11450);
#11448 = CARTESIAN_POINT('',(115.25,-102.825,0.71));
#11449 = DIRECTION('',(1.,0.,-0.));
#11450 = DIRECTION('',(0.,-1.,0.));
#11451 = ADVANCED_FACE('',(#11452),#11468,.T.);
#11452 = FACE_BOUND('',#11453,.T.);
#11453 = EDGE_LOOP('',(#11454,#11455,#11461,#11462));
#11454 = ORIENTED_EDGE('',*,*,#11433,.T.);
#11455 = ORIENTED_EDGE('',*,*,#11456,.T.);
#11456 = EDGE_CURVE('',#11426,#11356,#11457,.T.);
#11457 = LINE('',#11458,#11459);
#11458 = CARTESIAN_POINT('',(115.25,-103.525,0.75));
#11459 = VECTOR('',#11460,1.);
#11460 = DIRECTION('',(-1.,0.,0.));
#11461 = ORIENTED_EDGE('',*,*,#11353,.F.);
#11462 = ORIENTED_EDGE('',*,*,#11463,.F.);
#11463 = EDGE_CURVE('',#11434,#11354,#11464,.T.);
#11464 = LINE('',#11465,#11466);
#11465 = CARTESIAN_POINT('',(115.25,-103.525,0.71));
#11466 = VECTOR('',#11467,1.);
#11467 = DIRECTION('',(-1.,0.,0.));
#11468 = PLANE('',#11469);
#11469 = AXIS2_PLACEMENT_3D('',#11470,#11471,#11472);
#11470 = CARTESIAN_POINT('',(115.25,-103.525,0.71));
#11471 = DIRECTION('',(0.,-1.,0.));
#11472 = DIRECTION('',(-1.,0.,0.));
#11473 = ADVANCED_FACE('',(#11474),#11480,.F.);
#11474 = FACE_BOUND('',#11475,.T.);
#11475 = EDGE_LOOP('',(#11476,#11477,#11478,#11479));
#11476 = ORIENTED_EDGE('',*,*,#11379,.T.);
#11477 = ORIENTED_EDGE('',*,*,#11410,.T.);
#11478 = ORIENTED_EDGE('',*,*,#11441,.T.);
#11479 = ORIENTED_EDGE('',*,*,#11463,.T.);
#11480 = PLANE('',#11481);
#11481 = AXIS2_PLACEMENT_3D('',#11482,#11483,#11484);
#11482 = CARTESIAN_POINT('',(0.,0.,0.71));
#11483 = DIRECTION('',(0.,0.,1.));
#11484 = DIRECTION('',(1.,0.,-0.));
#11485 = ADVANCED_FACE('',(#11486),#11492,.T.);
#11486 = FACE_BOUND('',#11487,.F.);
#11487 = EDGE_LOOP('',(#11488,#11489,#11490,#11491));
#11488 = ORIENTED_EDGE('',*,*,#11363,.T.);
#11489 = ORIENTED_EDGE('',*,*,#11394,.T.);
#11490 = ORIENTED_EDGE('',*,*,#11425,.T.);
#11491 = ORIENTED_EDGE('',*,*,#11456,.T.);
#11492 = PLANE('',#11493);
#11493 = AXIS2_PLACEMENT_3D('',#11494,#11495,#11496);
#11494 = CARTESIAN_POINT('',(0.,0.,0.75));
#11495 = DIRECTION('',(0.,0.,1.));
#11496 = DIRECTION('',(1.,0.,-0.));
#11497 = MANIFOLD_SOLID_BREP('',#11498);
#11498 = CLOSED_SHELL('',(#11499,#11539,#11570,#11601,#11623,#11635));
#11499 = ADVANCED_FACE('',(#11500),#11534,.T.);
#11500 = FACE_BOUND('',#11501,.T.);
#11501 = EDGE_LOOP('',(#11502,#11512,#11520,#11528));
#11502 = ORIENTED_EDGE('',*,*,#11503,.T.);
#11503 = EDGE_CURVE('',#11504,#11506,#11508,.T.);
#11504 = VERTEX_POINT('',#11505);
#11505 = CARTESIAN_POINT('',(113.45,-102.255,0.71));
#11506 = VERTEX_POINT('',#11507);
#11507 = CARTESIAN_POINT('',(113.45,-102.255,0.75));
#11508 = LINE('',#11509,#11510);
#11509 = CARTESIAN_POINT('',(113.45,-102.255,0.71));
#11510 = VECTOR('',#11511,1.);
#11511 = DIRECTION('',(0.,0.,1.));
#11512 = ORIENTED_EDGE('',*,*,#11513,.T.);
#11513 = EDGE_CURVE('',#11506,#11514,#11516,.T.);
#11514 = VERTEX_POINT('',#11515);
#11515 = CARTESIAN_POINT('',(113.45,-101.555,0.75));
#11516 = LINE('',#11517,#11518);
#11517 = CARTESIAN_POINT('',(113.45,-102.255,0.75));
#11518 = VECTOR('',#11519,1.);
#11519 = DIRECTION('',(0.,1.,0.));
#11520 = ORIENTED_EDGE('',*,*,#11521,.F.);
#11521 = EDGE_CURVE('',#11522,#11514,#11524,.T.);
#11522 = VERTEX_POINT('',#11523);
#11523 = CARTESIAN_POINT('',(113.45,-101.555,0.71));
#11524 = LINE('',#11525,#11526);
#11525 = CARTESIAN_POINT('',(113.45,-101.555,0.71));
#11526 = VECTOR('',#11527,1.);
#11527 = DIRECTION('',(0.,0.,1.));
#11528 = ORIENTED_EDGE('',*,*,#11529,.F.);
#11529 = EDGE_CURVE('',#11504,#11522,#11530,.T.);
#11530 = LINE('',#11531,#11532);
#11531 = CARTESIAN_POINT('',(113.45,-102.255,0.71));
#11532 = VECTOR('',#11533,1.);
#11533 = DIRECTION('',(0.,1.,0.));
#11534 = PLANE('',#11535);
#11535 = AXIS2_PLACEMENT_3D('',#11536,#11537,#11538);
#11536 = CARTESIAN_POINT('',(113.45,-102.255,0.71));
#11537 = DIRECTION('',(-1.,0.,0.));
#11538 = DIRECTION('',(0.,1.,0.));
#11539 = ADVANCED_FACE('',(#11540),#11565,.T.);
#11540 = FACE_BOUND('',#11541,.T.);
#11541 = EDGE_LOOP('',(#11542,#11543,#11551,#11559));
#11542 = ORIENTED_EDGE('',*,*,#11521,.T.);
#11543 = ORIENTED_EDGE('',*,*,#11544,.T.);
#11544 = EDGE_CURVE('',#11514,#11545,#11547,.T.);
#11545 = VERTEX_POINT('',#11546);
#11546 = CARTESIAN_POINT('',(115.25,-101.555,0.75));
#11547 = LINE('',#11548,#11549);
#11548 = CARTESIAN_POINT('',(113.45,-101.555,0.75));
#11549 = VECTOR('',#11550,1.);
#11550 = DIRECTION('',(1.,0.,0.));
#11551 = ORIENTED_EDGE('',*,*,#11552,.F.);
#11552 = EDGE_CURVE('',#11553,#11545,#11555,.T.);
#11553 = VERTEX_POINT('',#11554);
#11554 = CARTESIAN_POINT('',(115.25,-101.555,0.71));
#11555 = LINE('',#11556,#11557);
#11556 = CARTESIAN_POINT('',(115.25,-101.555,0.71));
#11557 = VECTOR('',#11558,1.);
#11558 = DIRECTION('',(0.,0.,1.));
#11559 = ORIENTED_EDGE('',*,*,#11560,.F.);
#11560 = EDGE_CURVE('',#11522,#11553,#11561,.T.);
#11561 = LINE('',#11562,#11563);
#11562 = CARTESIAN_POINT('',(113.45,-101.555,0.71));
#11563 = VECTOR('',#11564,1.);
#11564 = DIRECTION('',(1.,0.,0.));
#11565 = PLANE('',#11566);
#11566 = AXIS2_PLACEMENT_3D('',#11567,#11568,#11569);
#11567 = CARTESIAN_POINT('',(113.45,-101.555,0.71));
#11568 = DIRECTION('',(0.,1.,0.));
#11569 = DIRECTION('',(1.,0.,0.));
#11570 = ADVANCED_FACE('',(#11571),#11596,.T.);
#11571 = FACE_BOUND('',#11572,.T.);
#11572 = EDGE_LOOP('',(#11573,#11574,#11582,#11590));
#11573 = ORIENTED_EDGE('',*,*,#11552,.T.);
#11574 = ORIENTED_EDGE('',*,*,#11575,.T.);
#11575 = EDGE_CURVE('',#11545,#11576,#11578,.T.);
#11576 = VERTEX_POINT('',#11577);
#11577 = CARTESIAN_POINT('',(115.25,-102.255,0.75));
#11578 = LINE('',#11579,#11580);
#11579 = CARTESIAN_POINT('',(115.25,-101.555,0.75));
#11580 = VECTOR('',#11581,1.);
#11581 = DIRECTION('',(0.,-1.,0.));
#11582 = ORIENTED_EDGE('',*,*,#11583,.F.);
#11583 = EDGE_CURVE('',#11584,#11576,#11586,.T.);
#11584 = VERTEX_POINT('',#11585);
#11585 = CARTESIAN_POINT('',(115.25,-102.255,0.71));
#11586 = LINE('',#11587,#11588);
#11587 = CARTESIAN_POINT('',(115.25,-102.255,0.71));
#11588 = VECTOR('',#11589,1.);
#11589 = DIRECTION('',(0.,0.,1.));
#11590 = ORIENTED_EDGE('',*,*,#11591,.F.);
#11591 = EDGE_CURVE('',#11553,#11584,#11592,.T.);
#11592 = LINE('',#11593,#11594);
#11593 = CARTESIAN_POINT('',(115.25,-101.555,0.71));
#11594 = VECTOR('',#11595,1.);
#11595 = DIRECTION('',(0.,-1.,0.));
#11596 = PLANE('',#11597);
#11597 = AXIS2_PLACEMENT_3D('',#11598,#11599,#11600);
#11598 = CARTESIAN_POINT('',(115.25,-101.555,0.71));
#11599 = DIRECTION('',(1.,0.,-0.));
#11600 = DIRECTION('',(0.,-1.,0.));
#11601 = ADVANCED_FACE('',(#11602),#11618,.T.);
#11602 = FACE_BOUND('',#11603,.T.);
#11603 = EDGE_LOOP('',(#11604,#11605,#11611,#11612));
#11604 = ORIENTED_EDGE('',*,*,#11583,.T.);
#11605 = ORIENTED_EDGE('',*,*,#11606,.T.);
#11606 = EDGE_CURVE('',#11576,#11506,#11607,.T.);
#11607 = LINE('',#11608,#11609);
#11608 = CARTESIAN_POINT('',(115.25,-102.255,0.75));
#11609 = VECTOR('',#11610,1.);
#11610 = DIRECTION('',(-1.,0.,0.));
#11611 = ORIENTED_EDGE('',*,*,#11503,.F.);
#11612 = ORIENTED_EDGE('',*,*,#11613,.F.);
#11613 = EDGE_CURVE('',#11584,#11504,#11614,.T.);
#11614 = LINE('',#11615,#11616);
#11615 = CARTESIAN_POINT('',(115.25,-102.255,0.71));
#11616 = VECTOR('',#11617,1.);
#11617 = DIRECTION('',(-1.,0.,0.));
#11618 = PLANE('',#11619);
#11619 = AXIS2_PLACEMENT_3D('',#11620,#11621,#11622);
#11620 = CARTESIAN_POINT('',(115.25,-102.255,0.71));
#11621 = DIRECTION('',(0.,-1.,0.));
#11622 = DIRECTION('',(-1.,0.,0.));
#11623 = ADVANCED_FACE('',(#11624),#11630,.F.);
#11624 = FACE_BOUND('',#11625,.T.);
#11625 = EDGE_LOOP('',(#11626,#11627,#11628,#11629));
#11626 = ORIENTED_EDGE('',*,*,#11529,.T.);
#11627 = ORIENTED_EDGE('',*,*,#11560,.T.);
#11628 = ORIENTED_EDGE('',*,*,#11591,.T.);
#11629 = ORIENTED_EDGE('',*,*,#11613,.T.);
#11630 = PLANE('',#11631);
#11631 = AXIS2_PLACEMENT_3D('',#11632,#11633,#11634);
#11632 = CARTESIAN_POINT('',(0.,0.,0.71));
#11633 = DIRECTION('',(0.,0.,1.));
#11634 = DIRECTION('',(1.,0.,-0.));
#11635 = ADVANCED_FACE('',(#11636),#11642,.T.);
#11636 = FACE_BOUND('',#11637,.F.);
#11637 = EDGE_LOOP('',(#11638,#11639,#11640,#11641));
#11638 = ORIENTED_EDGE('',*,*,#11513,.T.);
#11639 = ORIENTED_EDGE('',*,*,#11544,.T.);
#11640 = ORIENTED_EDGE('',*,*,#11575,.T.);
#11641 = ORIENTED_EDGE('',*,*,#11606,.T.);
#11642 = PLANE('',#11643);
#11643 = AXIS2_PLACEMENT_3D('',#11644,#11645,#11646);
#11644 = CARTESIAN_POINT('',(0.,0.,0.75));
#11645 = DIRECTION('',(0.,0.,1.));
#11646 = DIRECTION('',(1.,0.,-0.));
#11647 = MANIFOLD_SOLID_BREP('',#11648);
#11648 = CLOSED_SHELL('',(#11649,#11689,#11720,#11751,#11773,#11785));
#11649 = ADVANCED_FACE('',(#11650),#11684,.T.);
#11650 = FACE_BOUND('',#11651,.T.);
#11651 = EDGE_LOOP('',(#11652,#11662,#11670,#11678));
#11652 = ORIENTED_EDGE('',*,*,#11653,.T.);
#11653 = EDGE_CURVE('',#11654,#11656,#11658,.T.);
#11654 = VERTEX_POINT('',#11655);
#11655 = CARTESIAN_POINT('',(113.45,-100.985,0.71));
#11656 = VERTEX_POINT('',#11657);
#11657 = CARTESIAN_POINT('',(113.45,-100.985,0.75));
#11658 = LINE('',#11659,#11660);
#11659 = CARTESIAN_POINT('',(113.45,-100.985,0.71));
#11660 = VECTOR('',#11661,1.);
#11661 = DIRECTION('',(0.,0.,1.));
#11662 = ORIENTED_EDGE('',*,*,#11663,.T.);
#11663 = EDGE_CURVE('',#11656,#11664,#11666,.T.);
#11664 = VERTEX_POINT('',#11665);
#11665 = CARTESIAN_POINT('',(113.45,-100.285,0.75));
#11666 = LINE('',#11667,#11668);
#11667 = CARTESIAN_POINT('',(113.45,-100.985,0.75));
#11668 = VECTOR('',#11669,1.);
#11669 = DIRECTION('',(0.,1.,0.));
#11670 = ORIENTED_EDGE('',*,*,#11671,.F.);
#11671 = EDGE_CURVE('',#11672,#11664,#11674,.T.);
#11672 = VERTEX_POINT('',#11673);
#11673 = CARTESIAN_POINT('',(113.45,-100.285,0.71));
#11674 = LINE('',#11675,#11676);
#11675 = CARTESIAN_POINT('',(113.45,-100.285,0.71));
#11676 = VECTOR('',#11677,1.);
#11677 = DIRECTION('',(0.,0.,1.));
#11678 = ORIENTED_EDGE('',*,*,#11679,.F.);
#11679 = EDGE_CURVE('',#11654,#11672,#11680,.T.);
#11680 = LINE('',#11681,#11682);
#11681 = CARTESIAN_POINT('',(113.45,-100.985,0.71));
#11682 = VECTOR('',#11683,1.);
#11683 = DIRECTION('',(0.,1.,0.));
#11684 = PLANE('',#11685);
#11685 = AXIS2_PLACEMENT_3D('',#11686,#11687,#11688);
#11686 = CARTESIAN_POINT('',(113.45,-100.985,0.71));
#11687 = DIRECTION('',(-1.,0.,0.));
#11688 = DIRECTION('',(0.,1.,0.));
#11689 = ADVANCED_FACE('',(#11690),#11715,.T.);
#11690 = FACE_BOUND('',#11691,.T.);
#11691 = EDGE_LOOP('',(#11692,#11693,#11701,#11709));
#11692 = ORIENTED_EDGE('',*,*,#11671,.T.);
#11693 = ORIENTED_EDGE('',*,*,#11694,.T.);
#11694 = EDGE_CURVE('',#11664,#11695,#11697,.T.);
#11695 = VERTEX_POINT('',#11696);
#11696 = CARTESIAN_POINT('',(115.25,-100.285,0.75));
#11697 = LINE('',#11698,#11699);
#11698 = CARTESIAN_POINT('',(113.45,-100.285,0.75));
#11699 = VECTOR('',#11700,1.);
#11700 = DIRECTION('',(1.,0.,0.));
#11701 = ORIENTED_EDGE('',*,*,#11702,.F.);
#11702 = EDGE_CURVE('',#11703,#11695,#11705,.T.);
#11703 = VERTEX_POINT('',#11704);
#11704 = CARTESIAN_POINT('',(115.25,-100.285,0.71));
#11705 = LINE('',#11706,#11707);
#11706 = CARTESIAN_POINT('',(115.25,-100.285,0.71));
#11707 = VECTOR('',#11708,1.);
#11708 = DIRECTION('',(0.,0.,1.));
#11709 = ORIENTED_EDGE('',*,*,#11710,.F.);
#11710 = EDGE_CURVE('',#11672,#11703,#11711,.T.);
#11711 = LINE('',#11712,#11713);
#11712 = CARTESIAN_POINT('',(113.45,-100.285,0.71));
#11713 = VECTOR('',#11714,1.);
#11714 = DIRECTION('',(1.,0.,0.));
#11715 = PLANE('',#11716);
#11716 = AXIS2_PLACEMENT_3D('',#11717,#11718,#11719);
#11717 = CARTESIAN_POINT('',(113.45,-100.285,0.71));
#11718 = DIRECTION('',(0.,1.,0.));
#11719 = DIRECTION('',(1.,0.,0.));
#11720 = ADVANCED_FACE('',(#11721),#11746,.T.);
#11721 = FACE_BOUND('',#11722,.T.);
#11722 = EDGE_LOOP('',(#11723,#11724,#11732,#11740));
#11723 = ORIENTED_EDGE('',*,*,#11702,.T.);
#11724 = ORIENTED_EDGE('',*,*,#11725,.T.);
#11725 = EDGE_CURVE('',#11695,#11726,#11728,.T.);
#11726 = VERTEX_POINT('',#11727);
#11727 = CARTESIAN_POINT('',(115.25,-100.985,0.75));
#11728 = LINE('',#11729,#11730);
#11729 = CARTESIAN_POINT('',(115.25,-100.285,0.75));
#11730 = VECTOR('',#11731,1.);
#11731 = DIRECTION('',(0.,-1.,0.));
#11732 = ORIENTED_EDGE('',*,*,#11733,.F.);
#11733 = EDGE_CURVE('',#11734,#11726,#11736,.T.);
#11734 = VERTEX_POINT('',#11735);
#11735 = CARTESIAN_POINT('',(115.25,-100.985,0.71));
#11736 = LINE('',#11737,#11738);
#11737 = CARTESIAN_POINT('',(115.25,-100.985,0.71));
#11738 = VECTOR('',#11739,1.);
#11739 = DIRECTION('',(0.,0.,1.));
#11740 = ORIENTED_EDGE('',*,*,#11741,.F.);
#11741 = EDGE_CURVE('',#11703,#11734,#11742,.T.);
#11742 = LINE('',#11743,#11744);
#11743 = CARTESIAN_POINT('',(115.25,-100.285,0.71));
#11744 = VECTOR('',#11745,1.);
#11745 = DIRECTION('',(0.,-1.,0.));
#11746 = PLANE('',#11747);
#11747 = AXIS2_PLACEMENT_3D('',#11748,#11749,#11750);
#11748 = CARTESIAN_POINT('',(115.25,-100.285,0.71));
#11749 = DIRECTION('',(1.,0.,-0.));
#11750 = DIRECTION('',(0.,-1.,0.));
#11751 = ADVANCED_FACE('',(#11752),#11768,.T.);
#11752 = FACE_BOUND('',#11753,.T.);
#11753 = EDGE_LOOP('',(#11754,#11755,#11761,#11762));
#11754 = ORIENTED_EDGE('',*,*,#11733,.T.);
#11755 = ORIENTED_EDGE('',*,*,#11756,.T.);
#11756 = EDGE_CURVE('',#11726,#11656,#11757,.T.);
#11757 = LINE('',#11758,#11759);
#11758 = CARTESIAN_POINT('',(115.25,-100.985,0.75));
#11759 = VECTOR('',#11760,1.);
#11760 = DIRECTION('',(-1.,0.,0.));
#11761 = ORIENTED_EDGE('',*,*,#11653,.F.);
#11762 = ORIENTED_EDGE('',*,*,#11763,.F.);
#11763 = EDGE_CURVE('',#11734,#11654,#11764,.T.);
#11764 = LINE('',#11765,#11766);
#11765 = CARTESIAN_POINT('',(115.25,-100.985,0.71));
#11766 = VECTOR('',#11767,1.);
#11767 = DIRECTION('',(-1.,0.,0.));
#11768 = PLANE('',#11769);
#11769 = AXIS2_PLACEMENT_3D('',#11770,#11771,#11772);
#11770 = CARTESIAN_POINT('',(115.25,-100.985,0.71));
#11771 = DIRECTION('',(0.,-1.,0.));
#11772 = DIRECTION('',(-1.,0.,0.));
#11773 = ADVANCED_FACE('',(#11774),#11780,.F.);
#11774 = FACE_BOUND('',#11775,.T.);
#11775 = EDGE_LOOP('',(#11776,#11777,#11778,#11779));
#11776 = ORIENTED_EDGE('',*,*,#11679,.T.);
#11777 = ORIENTED_EDGE('',*,*,#11710,.T.);
#11778 = ORIENTED_EDGE('',*,*,#11741,.T.);
#11779 = ORIENTED_EDGE('',*,*,#11763,.T.);
#11780 = PLANE('',#11781);
#11781 = AXIS2_PLACEMENT_3D('',#11782,#11783,#11784);
#11782 = CARTESIAN_POINT('',(0.,0.,0.71));
#11783 = DIRECTION('',(0.,0.,1.));
#11784 = DIRECTION('',(1.,0.,-0.));
#11785 = ADVANCED_FACE('',(#11786),#11792,.T.);
#11786 = FACE_BOUND('',#11787,.F.);
#11787 = EDGE_LOOP('',(#11788,#11789,#11790,#11791));
#11788 = ORIENTED_EDGE('',*,*,#11663,.T.);
#11789 = ORIENTED_EDGE('',*,*,#11694,.T.);
#11790 = ORIENTED_EDGE('',*,*,#11725,.T.);
#11791 = ORIENTED_EDGE('',*,*,#11756,.T.);
#11792 = PLANE('',#11793);
#11793 = AXIS2_PLACEMENT_3D('',#11794,#11795,#11796);
#11794 = CARTESIAN_POINT('',(0.,0.,0.75));
#11795 = DIRECTION('',(0.,0.,1.));
#11796 = DIRECTION('',(1.,0.,-0.));
#11797 = MANIFOLD_SOLID_BREP('',#11798);
#11798 = CLOSED_SHELL('',(#11799,#11839,#11870,#11901,#11923,#11935));
#11799 = ADVANCED_FACE('',(#11800),#11834,.T.);
#11800 = FACE_BOUND('',#11801,.T.);
#11801 = EDGE_LOOP('',(#11802,#11812,#11820,#11828));
#11802 = ORIENTED_EDGE('',*,*,#11803,.T.);
#11803 = EDGE_CURVE('',#11804,#11806,#11808,.T.);
#11804 = VERTEX_POINT('',#11805);
#11805 = CARTESIAN_POINT('',(113.45,-99.715,0.71));
#11806 = VERTEX_POINT('',#11807);
#11807 = CARTESIAN_POINT('',(113.45,-99.715,0.75));
#11808 = LINE('',#11809,#11810);
#11809 = CARTESIAN_POINT('',(113.45,-99.715,0.71));
#11810 = VECTOR('',#11811,1.);
#11811 = DIRECTION('',(0.,0.,1.));
#11812 = ORIENTED_EDGE('',*,*,#11813,.T.);
#11813 = EDGE_CURVE('',#11806,#11814,#11816,.T.);
#11814 = VERTEX_POINT('',#11815);
#11815 = CARTESIAN_POINT('',(113.45,-99.015,0.75));
#11816 = LINE('',#11817,#11818);
#11817 = CARTESIAN_POINT('',(113.45,-99.715,0.75));
#11818 = VECTOR('',#11819,1.);
#11819 = DIRECTION('',(0.,1.,0.));
#11820 = ORIENTED_EDGE('',*,*,#11821,.F.);
#11821 = EDGE_CURVE('',#11822,#11814,#11824,.T.);
#11822 = VERTEX_POINT('',#11823);
#11823 = CARTESIAN_POINT('',(113.45,-99.015,0.71));
#11824 = LINE('',#11825,#11826);
#11825 = CARTESIAN_POINT('',(113.45,-99.015,0.71));
#11826 = VECTOR('',#11827,1.);
#11827 = DIRECTION('',(0.,0.,1.));
#11828 = ORIENTED_EDGE('',*,*,#11829,.F.);
#11829 = EDGE_CURVE('',#11804,#11822,#11830,.T.);
#11830 = LINE('',#11831,#11832);
#11831 = CARTESIAN_POINT('',(113.45,-99.715,0.71));
#11832 = VECTOR('',#11833,1.);
#11833 = DIRECTION('',(0.,1.,0.));
#11834 = PLANE('',#11835);
#11835 = AXIS2_PLACEMENT_3D('',#11836,#11837,#11838);
#11836 = CARTESIAN_POINT('',(113.45,-99.715,0.71));
#11837 = DIRECTION('',(-1.,0.,0.));
#11838 = DIRECTION('',(0.,1.,0.));
#11839 = ADVANCED_FACE('',(#11840),#11865,.T.);
#11840 = FACE_BOUND('',#11841,.T.);
#11841 = EDGE_LOOP('',(#11842,#11843,#11851,#11859));
#11842 = ORIENTED_EDGE('',*,*,#11821,.T.);
#11843 = ORIENTED_EDGE('',*,*,#11844,.T.);
#11844 = EDGE_CURVE('',#11814,#11845,#11847,.T.);
#11845 = VERTEX_POINT('',#11846);
#11846 = CARTESIAN_POINT('',(115.25,-99.015,0.75));
#11847 = LINE('',#11848,#11849);
#11848 = CARTESIAN_POINT('',(113.45,-99.015,0.75));
#11849 = VECTOR('',#11850,1.);
#11850 = DIRECTION('',(1.,0.,0.));
#11851 = ORIENTED_EDGE('',*,*,#11852,.F.);
#11852 = EDGE_CURVE('',#11853,#11845,#11855,.T.);
#11853 = VERTEX_POINT('',#11854);
#11854 = CARTESIAN_POINT('',(115.25,-99.015,0.71));
#11855 = LINE('',#11856,#11857);
#11856 = CARTESIAN_POINT('',(115.25,-99.015,0.71));
#11857 = VECTOR('',#11858,1.);
#11858 = DIRECTION('',(0.,0.,1.));
#11859 = ORIENTED_EDGE('',*,*,#11860,.F.);
#11860 = EDGE_CURVE('',#11822,#11853,#11861,.T.);
#11861 = LINE('',#11862,#11863);
#11862 = CARTESIAN_POINT('',(113.45,-99.015,0.71));
#11863 = VECTOR('',#11864,1.);
#11864 = DIRECTION('',(1.,0.,0.));
#11865 = PLANE('',#11866);
#11866 = AXIS2_PLACEMENT_3D('',#11867,#11868,#11869);
#11867 = CARTESIAN_POINT('',(113.45,-99.015,0.71));
#11868 = DIRECTION('',(0.,1.,0.));
#11869 = DIRECTION('',(1.,0.,0.));
#11870 = ADVANCED_FACE('',(#11871),#11896,.T.);
#11871 = FACE_BOUND('',#11872,.T.);
#11872 = EDGE_LOOP('',(#11873,#11874,#11882,#11890));
#11873 = ORIENTED_EDGE('',*,*,#11852,.T.);
#11874 = ORIENTED_EDGE('',*,*,#11875,.T.);
#11875 = EDGE_CURVE('',#11845,#11876,#11878,.T.);
#11876 = VERTEX_POINT('',#11877);
#11877 = CARTESIAN_POINT('',(115.25,-99.715,0.75));
#11878 = LINE('',#11879,#11880);
#11879 = CARTESIAN_POINT('',(115.25,-99.015,0.75));
#11880 = VECTOR('',#11881,1.);
#11881 = DIRECTION('',(0.,-1.,0.));
#11882 = ORIENTED_EDGE('',*,*,#11883,.F.);
#11883 = EDGE_CURVE('',#11884,#11876,#11886,.T.);
#11884 = VERTEX_POINT('',#11885);
#11885 = CARTESIAN_POINT('',(115.25,-99.715,0.71));
#11886 = LINE('',#11887,#11888);
#11887 = CARTESIAN_POINT('',(115.25,-99.715,0.71));
#11888 = VECTOR('',#11889,1.);
#11889 = DIRECTION('',(0.,0.,1.));
#11890 = ORIENTED_EDGE('',*,*,#11891,.F.);
#11891 = EDGE_CURVE('',#11853,#11884,#11892,.T.);
#11892 = LINE('',#11893,#11894);
#11893 = CARTESIAN_POINT('',(115.25,-99.015,0.71));
#11894 = VECTOR('',#11895,1.);
#11895 = DIRECTION('',(0.,-1.,0.));
#11896 = PLANE('',#11897);
#11897 = AXIS2_PLACEMENT_3D('',#11898,#11899,#11900);
#11898 = CARTESIAN_POINT('',(115.25,-99.015,0.71));
#11899 = DIRECTION('',(1.,0.,-0.));
#11900 = DIRECTION('',(0.,-1.,0.));
#11901 = ADVANCED_FACE('',(#11902),#11918,.T.);
#11902 = FACE_BOUND('',#11903,.T.);
#11903 = EDGE_LOOP('',(#11904,#11905,#11911,#11912));
#11904 = ORIENTED_EDGE('',*,*,#11883,.T.);
#11905 = ORIENTED_EDGE('',*,*,#11906,.T.);
#11906 = EDGE_CURVE('',#11876,#11806,#11907,.T.);
#11907 = LINE('',#11908,#11909);
#11908 = CARTESIAN_POINT('',(115.25,-99.715,0.75));
#11909 = VECTOR('',#11910,1.);
#11910 = DIRECTION('',(-1.,0.,0.));
#11911 = ORIENTED_EDGE('',*,*,#11803,.F.);
#11912 = ORIENTED_EDGE('',*,*,#11913,.F.);
#11913 = EDGE_CURVE('',#11884,#11804,#11914,.T.);
#11914 = LINE('',#11915,#11916);
#11915 = CARTESIAN_POINT('',(115.25,-99.715,0.71));
#11916 = VECTOR('',#11917,1.);
#11917 = DIRECTION('',(-1.,0.,0.));
#11918 = PLANE('',#11919);
#11919 = AXIS2_PLACEMENT_3D('',#11920,#11921,#11922);
#11920 = CARTESIAN_POINT('',(115.25,-99.715,0.71));
#11921 = DIRECTION('',(0.,-1.,0.));
#11922 = DIRECTION('',(-1.,0.,0.));
#11923 = ADVANCED_FACE('',(#11924),#11930,.F.);
#11924 = FACE_BOUND('',#11925,.T.);
#11925 = EDGE_LOOP('',(#11926,#11927,#11928,#11929));
#11926 = ORIENTED_EDGE('',*,*,#11829,.T.);
#11927 = ORIENTED_EDGE('',*,*,#11860,.T.);
#11928 = ORIENTED_EDGE('',*,*,#11891,.T.);
#11929 = ORIENTED_EDGE('',*,*,#11913,.T.);
#11930 = PLANE('',#11931);
#11931 = AXIS2_PLACEMENT_3D('',#11932,#11933,#11934);
#11932 = CARTESIAN_POINT('',(0.,0.,0.71));
#11933 = DIRECTION('',(0.,0.,1.));
#11934 = DIRECTION('',(1.,0.,-0.));
#11935 = ADVANCED_FACE('',(#11936),#11942,.T.);
#11936 = FACE_BOUND('',#11937,.F.);
#11937 = EDGE_LOOP('',(#11938,#11939,#11940,#11941));
#11938 = ORIENTED_EDGE('',*,*,#11813,.T.);
#11939 = ORIENTED_EDGE('',*,*,#11844,.T.);
#11940 = ORIENTED_EDGE('',*,*,#11875,.T.);
#11941 = ORIENTED_EDGE('',*,*,#11906,.T.);
#11942 = PLANE('',#11943);
#11943 = AXIS2_PLACEMENT_3D('',#11944,#11945,#11946);
#11944 = CARTESIAN_POINT('',(0.,0.,0.75));
#11945 = DIRECTION('',(0.,0.,1.));
#11946 = DIRECTION('',(1.,0.,-0.));
#11947 = MANIFOLD_SOLID_BREP('',#11948);
#11948 = CLOSED_SHELL('',(#11949,#11989,#12020,#12051,#12073,#12085));
#11949 = ADVANCED_FACE('',(#11950),#11984,.T.);
#11950 = FACE_BOUND('',#11951,.T.);
#11951 = EDGE_LOOP('',(#11952,#11962,#11970,#11978));
#11952 = ORIENTED_EDGE('',*,*,#11953,.T.);
#11953 = EDGE_CURVE('',#11954,#11956,#11958,.T.);
#11954 = VERTEX_POINT('',#11955);
#11955 = CARTESIAN_POINT('',(113.45,-98.445,0.71));
#11956 = VERTEX_POINT('',#11957);
#11957 = CARTESIAN_POINT('',(113.45,-98.445,0.75));
#11958 = LINE('',#11959,#11960);
#11959 = CARTESIAN_POINT('',(113.45,-98.445,0.71));
#11960 = VECTOR('',#11961,1.);
#11961 = DIRECTION('',(0.,0.,1.));
#11962 = ORIENTED_EDGE('',*,*,#11963,.T.);
#11963 = EDGE_CURVE('',#11956,#11964,#11966,.T.);
#11964 = VERTEX_POINT('',#11965);
#11965 = CARTESIAN_POINT('',(113.45,-97.745,0.75));
#11966 = LINE('',#11967,#11968);
#11967 = CARTESIAN_POINT('',(113.45,-98.445,0.75));
#11968 = VECTOR('',#11969,1.);
#11969 = DIRECTION('',(0.,1.,0.));
#11970 = ORIENTED_EDGE('',*,*,#11971,.F.);
#11971 = EDGE_CURVE('',#11972,#11964,#11974,.T.);
#11972 = VERTEX_POINT('',#11973);
#11973 = CARTESIAN_POINT('',(113.45,-97.745,0.71));
#11974 = LINE('',#11975,#11976);
#11975 = CARTESIAN_POINT('',(113.45,-97.745,0.71));
#11976 = VECTOR('',#11977,1.);
#11977 = DIRECTION('',(0.,0.,1.));
#11978 = ORIENTED_EDGE('',*,*,#11979,.F.);
#11979 = EDGE_CURVE('',#11954,#11972,#11980,.T.);
#11980 = LINE('',#11981,#11982);
#11981 = CARTESIAN_POINT('',(113.45,-98.445,0.71));
#11982 = VECTOR('',#11983,1.);
#11983 = DIRECTION('',(0.,1.,0.));
#11984 = PLANE('',#11985);
#11985 = AXIS2_PLACEMENT_3D('',#11986,#11987,#11988);
#11986 = CARTESIAN_POINT('',(113.45,-98.445,0.71));
#11987 = DIRECTION('',(-1.,0.,0.));
#11988 = DIRECTION('',(0.,1.,0.));
#11989 = ADVANCED_FACE('',(#11990),#12015,.T.);
#11990 = FACE_BOUND('',#11991,.T.);
#11991 = EDGE_LOOP('',(#11992,#11993,#12001,#12009));
#11992 = ORIENTED_EDGE('',*,*,#11971,.T.);
#11993 = ORIENTED_EDGE('',*,*,#11994,.T.);
#11994 = EDGE_CURVE('',#11964,#11995,#11997,.T.);
#11995 = VERTEX_POINT('',#11996);
#11996 = CARTESIAN_POINT('',(115.25,-97.745,0.75));
#11997 = LINE('',#11998,#11999);
#11998 = CARTESIAN_POINT('',(113.45,-97.745,0.75));
#11999 = VECTOR('',#12000,1.);
#12000 = DIRECTION('',(1.,0.,0.));
#12001 = ORIENTED_EDGE('',*,*,#12002,.F.);
#12002 = EDGE_CURVE('',#12003,#11995,#12005,.T.);
#12003 = VERTEX_POINT('',#12004);
#12004 = CARTESIAN_POINT('',(115.25,-97.745,0.71));
#12005 = LINE('',#12006,#12007);
#12006 = CARTESIAN_POINT('',(115.25,-97.745,0.71));
#12007 = VECTOR('',#12008,1.);
#12008 = DIRECTION('',(0.,0.,1.));
#12009 = ORIENTED_EDGE('',*,*,#12010,.F.);
#12010 = EDGE_CURVE('',#11972,#12003,#12011,.T.);
#12011 = LINE('',#12012,#12013);
#12012 = CARTESIAN_POINT('',(113.45,-97.745,0.71));
#12013 = VECTOR('',#12014,1.);
#12014 = DIRECTION('',(1.,0.,0.));
#12015 = PLANE('',#12016);
#12016 = AXIS2_PLACEMENT_3D('',#12017,#12018,#12019);
#12017 = CARTESIAN_POINT('',(113.45,-97.745,0.71));
#12018 = DIRECTION('',(0.,1.,0.));
#12019 = DIRECTION('',(1.,0.,0.));
#12020 = ADVANCED_FACE('',(#12021),#12046,.T.);
#12021 = FACE_BOUND('',#12022,.T.);
#12022 = EDGE_LOOP('',(#12023,#12024,#12032,#12040));
#12023 = ORIENTED_EDGE('',*,*,#12002,.T.);
#12024 = ORIENTED_EDGE('',*,*,#12025,.T.);
#12025 = EDGE_CURVE('',#11995,#12026,#12028,.T.);
#12026 = VERTEX_POINT('',#12027);
#12027 = CARTESIAN_POINT('',(115.25,-98.445,0.75));
#12028 = LINE('',#12029,#12030);
#12029 = CARTESIAN_POINT('',(115.25,-97.745,0.75));
#12030 = VECTOR('',#12031,1.);
#12031 = DIRECTION('',(0.,-1.,0.));
#12032 = ORIENTED_EDGE('',*,*,#12033,.F.);
#12033 = EDGE_CURVE('',#12034,#12026,#12036,.T.);
#12034 = VERTEX_POINT('',#12035);
#12035 = CARTESIAN_POINT('',(115.25,-98.445,0.71));
#12036 = LINE('',#12037,#12038);
#12037 = CARTESIAN_POINT('',(115.25,-98.445,0.71));
#12038 = VECTOR('',#12039,1.);
#12039 = DIRECTION('',(0.,0.,1.));
#12040 = ORIENTED_EDGE('',*,*,#12041,.F.);
#12041 = EDGE_CURVE('',#12003,#12034,#12042,.T.);
#12042 = LINE('',#12043,#12044);
#12043 = CARTESIAN_POINT('',(115.25,-97.745,0.71));
#12044 = VECTOR('',#12045,1.);
#12045 = DIRECTION('',(0.,-1.,0.));
#12046 = PLANE('',#12047);
#12047 = AXIS2_PLACEMENT_3D('',#12048,#12049,#12050);
#12048 = CARTESIAN_POINT('',(115.25,-97.745,0.71));
#12049 = DIRECTION('',(1.,0.,-0.));
#12050 = DIRECTION('',(0.,-1.,0.));
#12051 = ADVANCED_FACE('',(#12052),#12068,.T.);
#12052 = FACE_BOUND('',#12053,.T.);
#12053 = EDGE_LOOP('',(#12054,#12055,#12061,#12062));
#12054 = ORIENTED_EDGE('',*,*,#12033,.T.);
#12055 = ORIENTED_EDGE('',*,*,#12056,.T.);
#12056 = EDGE_CURVE('',#12026,#11956,#12057,.T.);
#12057 = LINE('',#12058,#12059);
#12058 = CARTESIAN_POINT('',(115.25,-98.445,0.75));
#12059 = VECTOR('',#12060,1.);
#12060 = DIRECTION('',(-1.,0.,0.));
#12061 = ORIENTED_EDGE('',*,*,#11953,.F.);
#12062 = ORIENTED_EDGE('',*,*,#12063,.F.);
#12063 = EDGE_CURVE('',#12034,#11954,#12064,.T.);
#12064 = LINE('',#12065,#12066);
#12065 = CARTESIAN_POINT('',(115.25,-98.445,0.71));
#12066 = VECTOR('',#12067,1.);
#12067 = DIRECTION('',(-1.,0.,0.));
#12068 = PLANE('',#12069);
#12069 = AXIS2_PLACEMENT_3D('',#12070,#12071,#12072);
#12070 = CARTESIAN_POINT('',(115.25,-98.445,0.71));
#12071 = DIRECTION('',(0.,-1.,0.));
#12072 = DIRECTION('',(-1.,0.,0.));
#12073 = ADVANCED_FACE('',(#12074),#12080,.F.);
#12074 = FACE_BOUND('',#12075,.T.);
#12075 = EDGE_LOOP('',(#12076,#12077,#12078,#12079));
#12076 = ORIENTED_EDGE('',*,*,#11979,.T.);
#12077 = ORIENTED_EDGE('',*,*,#12010,.T.);
#12078 = ORIENTED_EDGE('',*,*,#12041,.T.);
#12079 = ORIENTED_EDGE('',*,*,#12063,.T.);
#12080 = PLANE('',#12081);
#12081 = AXIS2_PLACEMENT_3D('',#12082,#12083,#12084);
#12082 = CARTESIAN_POINT('',(0.,0.,0.71));
#12083 = DIRECTION('',(0.,0.,1.));
#12084 = DIRECTION('',(1.,0.,-0.));
#12085 = ADVANCED_FACE('',(#12086),#12092,.T.);
#12086 = FACE_BOUND('',#12087,.F.);
#12087 = EDGE_LOOP('',(#12088,#12089,#12090,#12091));
#12088 = ORIENTED_EDGE('',*,*,#11963,.T.);
#12089 = ORIENTED_EDGE('',*,*,#11994,.T.);
#12090 = ORIENTED_EDGE('',*,*,#12025,.T.);
#12091 = ORIENTED_EDGE('',*,*,#12056,.T.);
#12092 = PLANE('',#12093);
#12093 = AXIS2_PLACEMENT_3D('',#12094,#12095,#12096);
#12094 = CARTESIAN_POINT('',(0.,0.,0.75));
#12095 = DIRECTION('',(0.,0.,1.));
#12096 = DIRECTION('',(1.,0.,-0.));
#12097 = MANIFOLD_SOLID_BREP('',#12098);
#12098 = CLOSED_SHELL('',(#12099,#12139,#12170,#12201,#12223,#12235));
#12099 = ADVANCED_FACE('',(#12100),#12134,.T.);
#12100 = FACE_BOUND('',#12101,.T.);
#12101 = EDGE_LOOP('',(#12102,#12112,#12120,#12128));
#12102 = ORIENTED_EDGE('',*,*,#12103,.T.);
#12103 = EDGE_CURVE('',#12104,#12106,#12108,.T.);
#12104 = VERTEX_POINT('',#12105);
#12105 = CARTESIAN_POINT('',(113.45,-97.175,0.71));
#12106 = VERTEX_POINT('',#12107);
#12107 = CARTESIAN_POINT('',(113.45,-97.175,0.75));
#12108 = LINE('',#12109,#12110);
#12109 = CARTESIAN_POINT('',(113.45,-97.175,0.71));
#12110 = VECTOR('',#12111,1.);
#12111 = DIRECTION('',(0.,0.,1.));
#12112 = ORIENTED_EDGE('',*,*,#12113,.T.);
#12113 = EDGE_CURVE('',#12106,#12114,#12116,.T.);
#12114 = VERTEX_POINT('',#12115);
#12115 = CARTESIAN_POINT('',(113.45,-96.475,0.75));
#12116 = LINE('',#12117,#12118);
#12117 = CARTESIAN_POINT('',(113.45,-97.175,0.75));
#12118 = VECTOR('',#12119,1.);
#12119 = DIRECTION('',(0.,1.,0.));
#12120 = ORIENTED_EDGE('',*,*,#12121,.F.);
#12121 = EDGE_CURVE('',#12122,#12114,#12124,.T.);
#12122 = VERTEX_POINT('',#12123);
#12123 = CARTESIAN_POINT('',(113.45,-96.475,0.71));
#12124 = LINE('',#12125,#12126);
#12125 = CARTESIAN_POINT('',(113.45,-96.475,0.71));
#12126 = VECTOR('',#12127,1.);
#12127 = DIRECTION('',(0.,0.,1.));
#12128 = ORIENTED_EDGE('',*,*,#12129,.F.);
#12129 = EDGE_CURVE('',#12104,#12122,#12130,.T.);
#12130 = LINE('',#12131,#12132);
#12131 = CARTESIAN_POINT('',(113.45,-97.175,0.71));
#12132 = VECTOR('',#12133,1.);
#12133 = DIRECTION('',(0.,1.,0.));
#12134 = PLANE('',#12135);
#12135 = AXIS2_PLACEMENT_3D('',#12136,#12137,#12138);
#12136 = CARTESIAN_POINT('',(113.45,-97.175,0.71));
#12137 = DIRECTION('',(-1.,0.,0.));
#12138 = DIRECTION('',(0.,1.,0.));
#12139 = ADVANCED_FACE('',(#12140),#12165,.T.);
#12140 = FACE_BOUND('',#12141,.T.);
#12141 = EDGE_LOOP('',(#12142,#12143,#12151,#12159));
#12142 = ORIENTED_EDGE('',*,*,#12121,.T.);
#12143 = ORIENTED_EDGE('',*,*,#12144,.T.);
#12144 = EDGE_CURVE('',#12114,#12145,#12147,.T.);
#12145 = VERTEX_POINT('',#12146);
#12146 = CARTESIAN_POINT('',(115.25,-96.475,0.75));
#12147 = LINE('',#12148,#12149);
#12148 = CARTESIAN_POINT('',(113.45,-96.475,0.75));
#12149 = VECTOR('',#12150,1.);
#12150 = DIRECTION('',(1.,0.,0.));
#12151 = ORIENTED_EDGE('',*,*,#12152,.F.);
#12152 = EDGE_CURVE('',#12153,#12145,#12155,.T.);
#12153 = VERTEX_POINT('',#12154);
#12154 = CARTESIAN_POINT('',(115.25,-96.475,0.71));
#12155 = LINE('',#12156,#12157);
#12156 = CARTESIAN_POINT('',(115.25,-96.475,0.71));
#12157 = VECTOR('',#12158,1.);
#12158 = DIRECTION('',(0.,0.,1.));
#12159 = ORIENTED_EDGE('',*,*,#12160,.F.);
#12160 = EDGE_CURVE('',#12122,#12153,#12161,.T.);
#12161 = LINE('',#12162,#12163);
#12162 = CARTESIAN_POINT('',(113.45,-96.475,0.71));
#12163 = VECTOR('',#12164,1.);
#12164 = DIRECTION('',(1.,0.,0.));
#12165 = PLANE('',#12166);
#12166 = AXIS2_PLACEMENT_3D('',#12167,#12168,#12169);
#12167 = CARTESIAN_POINT('',(113.45,-96.475,0.71));
#12168 = DIRECTION('',(0.,1.,0.));
#12169 = DIRECTION('',(1.,0.,0.));
#12170 = ADVANCED_FACE('',(#12171),#12196,.T.);
#12171 = FACE_BOUND('',#12172,.T.);
#12172 = EDGE_LOOP('',(#12173,#12174,#12182,#12190));
#12173 = ORIENTED_EDGE('',*,*,#12152,.T.);
#12174 = ORIENTED_EDGE('',*,*,#12175,.T.);
#12175 = EDGE_CURVE('',#12145,#12176,#12178,.T.);
#12176 = VERTEX_POINT('',#12177);
#12177 = CARTESIAN_POINT('',(115.25,-97.175,0.75));
#12178 = LINE('',#12179,#12180);
#12179 = CARTESIAN_POINT('',(115.25,-96.475,0.75));
#12180 = VECTOR('',#12181,1.);
#12181 = DIRECTION('',(0.,-1.,0.));
#12182 = ORIENTED_EDGE('',*,*,#12183,.F.);
#12183 = EDGE_CURVE('',#12184,#12176,#12186,.T.);
#12184 = VERTEX_POINT('',#12185);
#12185 = CARTESIAN_POINT('',(115.25,-97.175,0.71));
#12186 = LINE('',#12187,#12188);
#12187 = CARTESIAN_POINT('',(115.25,-97.175,0.71));
#12188 = VECTOR('',#12189,1.);
#12189 = DIRECTION('',(0.,0.,1.));
#12190 = ORIENTED_EDGE('',*,*,#12191,.F.);
#12191 = EDGE_CURVE('',#12153,#12184,#12192,.T.);
#12192 = LINE('',#12193,#12194);
#12193 = CARTESIAN_POINT('',(115.25,-96.475,0.71));
#12194 = VECTOR('',#12195,1.);
#12195 = DIRECTION('',(0.,-1.,0.));
#12196 = PLANE('',#12197);
#12197 = AXIS2_PLACEMENT_3D('',#12198,#12199,#12200);
#12198 = CARTESIAN_POINT('',(115.25,-96.475,0.71));
#12199 = DIRECTION('',(1.,0.,-0.));
#12200 = DIRECTION('',(0.,-1.,0.));
#12201 = ADVANCED_FACE('',(#12202),#12218,.T.);
#12202 = FACE_BOUND('',#12203,.T.);
#12203 = EDGE_LOOP('',(#12204,#12205,#12211,#12212));
#12204 = ORIENTED_EDGE('',*,*,#12183,.T.);
#12205 = ORIENTED_EDGE('',*,*,#12206,.T.);
#12206 = EDGE_CURVE('',#12176,#12106,#12207,.T.);
#12207 = LINE('',#12208,#12209);
#12208 = CARTESIAN_POINT('',(115.25,-97.175,0.75));
#12209 = VECTOR('',#12210,1.);
#12210 = DIRECTION('',(-1.,0.,0.));
#12211 = ORIENTED_EDGE('',*,*,#12103,.F.);
#12212 = ORIENTED_EDGE('',*,*,#12213,.F.);
#12213 = EDGE_CURVE('',#12184,#12104,#12214,.T.);
#12214 = LINE('',#12215,#12216);
#12215 = CARTESIAN_POINT('',(115.25,-97.175,0.71));
#12216 = VECTOR('',#12217,1.);
#12217 = DIRECTION('',(-1.,0.,0.));
#12218 = PLANE('',#12219);
#12219 = AXIS2_PLACEMENT_3D('',#12220,#12221,#12222);
#12220 = CARTESIAN_POINT('',(115.25,-97.175,0.71));
#12221 = DIRECTION('',(0.,-1.,0.));
#12222 = DIRECTION('',(-1.,0.,0.));
#12223 = ADVANCED_FACE('',(#12224),#12230,.F.);
#12224 = FACE_BOUND('',#12225,.T.);
#12225 = EDGE_LOOP('',(#12226,#12227,#12228,#12229));
#12226 = ORIENTED_EDGE('',*,*,#12129,.T.);
#12227 = ORIENTED_EDGE('',*,*,#12160,.T.);
#12228 = ORIENTED_EDGE('',*,*,#12191,.T.);
#12229 = ORIENTED_EDGE('',*,*,#12213,.T.);
#12230 = PLANE('',#12231);
#12231 = AXIS2_PLACEMENT_3D('',#12232,#12233,#12234);
#12232 = CARTESIAN_POINT('',(0.,0.,0.71));
#12233 = DIRECTION('',(0.,0.,1.));
#12234 = DIRECTION('',(1.,0.,-0.));
#12235 = ADVANCED_FACE('',(#12236),#12242,.T.);
#12236 = FACE_BOUND('',#12237,.F.);
#12237 = EDGE_LOOP('',(#12238,#12239,#12240,#12241));
#12238 = ORIENTED_EDGE('',*,*,#12113,.T.);
#12239 = ORIENTED_EDGE('',*,*,#12144,.T.);
#12240 = ORIENTED_EDGE('',*,*,#12175,.T.);
#12241 = ORIENTED_EDGE('',*,*,#12206,.T.);
#12242 = PLANE('',#12243);
#12243 = AXIS2_PLACEMENT_3D('',#12244,#12245,#12246);
#12244 = CARTESIAN_POINT('',(0.,0.,0.75));
#12245 = DIRECTION('',(0.,0.,1.));
#12246 = DIRECTION('',(1.,0.,-0.));
#12247 = MANIFOLD_SOLID_BREP('',#12248);
#12248 = CLOSED_SHELL('',(#12249,#12289,#12320,#12351,#12373,#12385));
#12249 = ADVANCED_FACE('',(#12250),#12284,.T.);
#12250 = FACE_BOUND('',#12251,.T.);
#12251 = EDGE_LOOP('',(#12252,#12262,#12270,#12278));
#12252 = ORIENTED_EDGE('',*,*,#12253,.T.);
#12253 = EDGE_CURVE('',#12254,#12256,#12258,.T.);
#12254 = VERTEX_POINT('',#12255);
#12255 = CARTESIAN_POINT('',(113.45,-95.905,0.71));
#12256 = VERTEX_POINT('',#12257);
#12257 = CARTESIAN_POINT('',(113.45,-95.905,0.75));
#12258 = LINE('',#12259,#12260);
#12259 = CARTESIAN_POINT('',(113.45,-95.905,0.71));
#12260 = VECTOR('',#12261,1.);
#12261 = DIRECTION('',(0.,0.,1.));
#12262 = ORIENTED_EDGE('',*,*,#12263,.T.);
#12263 = EDGE_CURVE('',#12256,#12264,#12266,.T.);
#12264 = VERTEX_POINT('',#12265);
#12265 = CARTESIAN_POINT('',(113.45,-95.205,0.75));
#12266 = LINE('',#12267,#12268);
#12267 = CARTESIAN_POINT('',(113.45,-95.905,0.75));
#12268 = VECTOR('',#12269,1.);
#12269 = DIRECTION('',(0.,1.,0.));
#12270 = ORIENTED_EDGE('',*,*,#12271,.F.);
#12271 = EDGE_CURVE('',#12272,#12264,#12274,.T.);
#12272 = VERTEX_POINT('',#12273);
#12273 = CARTESIAN_POINT('',(113.45,-95.205,0.71));
#12274 = LINE('',#12275,#12276);
#12275 = CARTESIAN_POINT('',(113.45,-95.205,0.71));
#12276 = VECTOR('',#12277,1.);
#12277 = DIRECTION('',(0.,0.,1.));
#12278 = ORIENTED_EDGE('',*,*,#12279,.F.);
#12279 = EDGE_CURVE('',#12254,#12272,#12280,.T.);
#12280 = LINE('',#12281,#12282);
#12281 = CARTESIAN_POINT('',(113.45,-95.905,0.71));
#12282 = VECTOR('',#12283,1.);
#12283 = DIRECTION('',(0.,1.,0.));
#12284 = PLANE('',#12285);
#12285 = AXIS2_PLACEMENT_3D('',#12286,#12287,#12288);
#12286 = CARTESIAN_POINT('',(113.45,-95.905,0.71));
#12287 = DIRECTION('',(-1.,0.,0.));
#12288 = DIRECTION('',(0.,1.,0.));
#12289 = ADVANCED_FACE('',(#12290),#12315,.T.);
#12290 = FACE_BOUND('',#12291,.T.);
#12291 = EDGE_LOOP('',(#12292,#12293,#12301,#12309));
#12292 = ORIENTED_EDGE('',*,*,#12271,.T.);
#12293 = ORIENTED_EDGE('',*,*,#12294,.T.);
#12294 = EDGE_CURVE('',#12264,#12295,#12297,.T.);
#12295 = VERTEX_POINT('',#12296);
#12296 = CARTESIAN_POINT('',(115.25,-95.205,0.75));
#12297 = LINE('',#12298,#12299);
#12298 = CARTESIAN_POINT('',(113.45,-95.205,0.75));
#12299 = VECTOR('',#12300,1.);
#12300 = DIRECTION('',(1.,0.,0.));
#12301 = ORIENTED_EDGE('',*,*,#12302,.F.);
#12302 = EDGE_CURVE('',#12303,#12295,#12305,.T.);
#12303 = VERTEX_POINT('',#12304);
#12304 = CARTESIAN_POINT('',(115.25,-95.205,0.71));
#12305 = LINE('',#12306,#12307);
#12306 = CARTESIAN_POINT('',(115.25,-95.205,0.71));
#12307 = VECTOR('',#12308,1.);
#12308 = DIRECTION('',(0.,0.,1.));
#12309 = ORIENTED_EDGE('',*,*,#12310,.F.);
#12310 = EDGE_CURVE('',#12272,#12303,#12311,.T.);
#12311 = LINE('',#12312,#12313);
#12312 = CARTESIAN_POINT('',(113.45,-95.205,0.71));
#12313 = VECTOR('',#12314,1.);
#12314 = DIRECTION('',(1.,0.,0.));
#12315 = PLANE('',#12316);
#12316 = AXIS2_PLACEMENT_3D('',#12317,#12318,#12319);
#12317 = CARTESIAN_POINT('',(113.45,-95.205,0.71));
#12318 = DIRECTION('',(0.,1.,0.));
#12319 = DIRECTION('',(1.,0.,0.));
#12320 = ADVANCED_FACE('',(#12321),#12346,.T.);
#12321 = FACE_BOUND('',#12322,.T.);
#12322 = EDGE_LOOP('',(#12323,#12324,#12332,#12340));
#12323 = ORIENTED_EDGE('',*,*,#12302,.T.);
#12324 = ORIENTED_EDGE('',*,*,#12325,.T.);
#12325 = EDGE_CURVE('',#12295,#12326,#12328,.T.);
#12326 = VERTEX_POINT('',#12327);
#12327 = CARTESIAN_POINT('',(115.25,-95.905,0.75));
#12328 = LINE('',#12329,#12330);
#12329 = CARTESIAN_POINT('',(115.25,-95.205,0.75));
#12330 = VECTOR('',#12331,1.);
#12331 = DIRECTION('',(0.,-1.,0.));
#12332 = ORIENTED_EDGE('',*,*,#12333,.F.);
#12333 = EDGE_CURVE('',#12334,#12326,#12336,.T.);
#12334 = VERTEX_POINT('',#12335);
#12335 = CARTESIAN_POINT('',(115.25,-95.905,0.71));
#12336 = LINE('',#12337,#12338);
#12337 = CARTESIAN_POINT('',(115.25,-95.905,0.71));
#12338 = VECTOR('',#12339,1.);
#12339 = DIRECTION('',(0.,0.,1.));
#12340 = ORIENTED_EDGE('',*,*,#12341,.F.);
#12341 = EDGE_CURVE('',#12303,#12334,#12342,.T.);
#12342 = LINE('',#12343,#12344);
#12343 = CARTESIAN_POINT('',(115.25,-95.205,0.71));
#12344 = VECTOR('',#12345,1.);
#12345 = DIRECTION('',(0.,-1.,0.));
#12346 = PLANE('',#12347);
#12347 = AXIS2_PLACEMENT_3D('',#12348,#12349,#12350);
#12348 = CARTESIAN_POINT('',(115.25,-95.205,0.71));
#12349 = DIRECTION('',(1.,0.,-0.));
#12350 = DIRECTION('',(0.,-1.,0.));
#12351 = ADVANCED_FACE('',(#12352),#12368,.T.);
#12352 = FACE_BOUND('',#12353,.T.);
#12353 = EDGE_LOOP('',(#12354,#12355,#12361,#12362));
#12354 = ORIENTED_EDGE('',*,*,#12333,.T.);
#12355 = ORIENTED_EDGE('',*,*,#12356,.T.);
#12356 = EDGE_CURVE('',#12326,#12256,#12357,.T.);
#12357 = LINE('',#12358,#12359);
#12358 = CARTESIAN_POINT('',(115.25,-95.905,0.75));
#12359 = VECTOR('',#12360,1.);
#12360 = DIRECTION('',(-1.,0.,0.));
#12361 = ORIENTED_EDGE('',*,*,#12253,.F.);
#12362 = ORIENTED_EDGE('',*,*,#12363,.F.);
#12363 = EDGE_CURVE('',#12334,#12254,#12364,.T.);
#12364 = LINE('',#12365,#12366);
#12365 = CARTESIAN_POINT('',(115.25,-95.905,0.71));
#12366 = VECTOR('',#12367,1.);
#12367 = DIRECTION('',(-1.,0.,0.));
#12368 = PLANE('',#12369);
#12369 = AXIS2_PLACEMENT_3D('',#12370,#12371,#12372);
#12370 = CARTESIAN_POINT('',(115.25,-95.905,0.71));
#12371 = DIRECTION('',(0.,-1.,0.));
#12372 = DIRECTION('',(-1.,0.,0.));
#12373 = ADVANCED_FACE('',(#12374),#12380,.F.);
#12374 = FACE_BOUND('',#12375,.T.);
#12375 = EDGE_LOOP('',(#12376,#12377,#12378,#12379));
#12376 = ORIENTED_EDGE('',*,*,#12279,.T.);
#12377 = ORIENTED_EDGE('',*,*,#12310,.T.);
#12378 = ORIENTED_EDGE('',*,*,#12341,.T.);
#12379 = ORIENTED_EDGE('',*,*,#12363,.T.);
#12380 = PLANE('',#12381);
#12381 = AXIS2_PLACEMENT_3D('',#12382,#12383,#12384);
#12382 = CARTESIAN_POINT('',(0.,0.,0.71));
#12383 = DIRECTION('',(0.,0.,1.));
#12384 = DIRECTION('',(1.,0.,-0.));
#12385 = ADVANCED_FACE('',(#12386),#12392,.T.);
#12386 = FACE_BOUND('',#12387,.F.);
#12387 = EDGE_LOOP('',(#12388,#12389,#12390,#12391));
#12388 = ORIENTED_EDGE('',*,*,#12263,.T.);
#12389 = ORIENTED_EDGE('',*,*,#12294,.T.);
#12390 = ORIENTED_EDGE('',*,*,#12325,.T.);
#12391 = ORIENTED_EDGE('',*,*,#12356,.T.);
#12392 = PLANE('',#12393);
#12393 = AXIS2_PLACEMENT_3D('',#12394,#12395,#12396);
#12394 = CARTESIAN_POINT('',(0.,0.,0.75));
#12395 = DIRECTION('',(0.,0.,1.));
#12396 = DIRECTION('',(1.,0.,-0.));
#12397 = MANIFOLD_SOLID_BREP('',#12398);
#12398 = CLOSED_SHELL('',(#12399,#12439,#12470,#12501,#12523,#12535));
#12399 = ADVANCED_FACE('',(#12400),#12434,.T.);
#12400 = FACE_BOUND('',#12401,.T.);
#12401 = EDGE_LOOP('',(#12402,#12412,#12420,#12428));
#12402 = ORIENTED_EDGE('',*,*,#12403,.T.);
#12403 = EDGE_CURVE('',#12404,#12406,#12408,.T.);
#12404 = VERTEX_POINT('',#12405);
#12405 = CARTESIAN_POINT('',(113.45,-94.635,0.71));
#12406 = VERTEX_POINT('',#12407);
#12407 = CARTESIAN_POINT('',(113.45,-94.635,0.75));
#12408 = LINE('',#12409,#12410);
#12409 = CARTESIAN_POINT('',(113.45,-94.635,0.71));
#12410 = VECTOR('',#12411,1.);
#12411 = DIRECTION('',(0.,0.,1.));
#12412 = ORIENTED_EDGE('',*,*,#12413,.T.);
#12413 = EDGE_CURVE('',#12406,#12414,#12416,.T.);
#12414 = VERTEX_POINT('',#12415);
#12415 = CARTESIAN_POINT('',(113.45,-93.935,0.75));
#12416 = LINE('',#12417,#12418);
#12417 = CARTESIAN_POINT('',(113.45,-94.635,0.75));
#12418 = VECTOR('',#12419,1.);
#12419 = DIRECTION('',(0.,1.,0.));
#12420 = ORIENTED_EDGE('',*,*,#12421,.F.);
#12421 = EDGE_CURVE('',#12422,#12414,#12424,.T.);
#12422 = VERTEX_POINT('',#12423);
#12423 = CARTESIAN_POINT('',(113.45,-93.935,0.71));
#12424 = LINE('',#12425,#12426);
#12425 = CARTESIAN_POINT('',(113.45,-93.935,0.71));
#12426 = VECTOR('',#12427,1.);
#12427 = DIRECTION('',(0.,0.,1.));
#12428 = ORIENTED_EDGE('',*,*,#12429,.F.);
#12429 = EDGE_CURVE('',#12404,#12422,#12430,.T.);
#12430 = LINE('',#12431,#12432);
#12431 = CARTESIAN_POINT('',(113.45,-94.635,0.71));
#12432 = VECTOR('',#12433,1.);
#12433 = DIRECTION('',(0.,1.,0.));
#12434 = PLANE('',#12435);
#12435 = AXIS2_PLACEMENT_3D('',#12436,#12437,#12438);
#12436 = CARTESIAN_POINT('',(113.45,-94.635,0.71));
#12437 = DIRECTION('',(-1.,0.,0.));
#12438 = DIRECTION('',(0.,1.,0.));
#12439 = ADVANCED_FACE('',(#12440),#12465,.T.);
#12440 = FACE_BOUND('',#12441,.T.);
#12441 = EDGE_LOOP('',(#12442,#12443,#12451,#12459));
#12442 = ORIENTED_EDGE('',*,*,#12421,.T.);
#12443 = ORIENTED_EDGE('',*,*,#12444,.T.);
#12444 = EDGE_CURVE('',#12414,#12445,#12447,.T.);
#12445 = VERTEX_POINT('',#12446);
#12446 = CARTESIAN_POINT('',(115.25,-93.935,0.75));
#12447 = LINE('',#12448,#12449);
#12448 = CARTESIAN_POINT('',(113.45,-93.935,0.75));
#12449 = VECTOR('',#12450,1.);
#12450 = DIRECTION('',(1.,0.,0.));
#12451 = ORIENTED_EDGE('',*,*,#12452,.F.);
#12452 = EDGE_CURVE('',#12453,#12445,#12455,.T.);
#12453 = VERTEX_POINT('',#12454);
#12454 = CARTESIAN_POINT('',(115.25,-93.935,0.71));
#12455 = LINE('',#12456,#12457);
#12456 = CARTESIAN_POINT('',(115.25,-93.935,0.71));
#12457 = VECTOR('',#12458,1.);
#12458 = DIRECTION('',(0.,0.,1.));
#12459 = ORIENTED_EDGE('',*,*,#12460,.F.);
#12460 = EDGE_CURVE('',#12422,#12453,#12461,.T.);
#12461 = LINE('',#12462,#12463);
#12462 = CARTESIAN_POINT('',(113.45,-93.935,0.71));
#12463 = VECTOR('',#12464,1.);
#12464 = DIRECTION('',(1.,0.,0.));
#12465 = PLANE('',#12466);
#12466 = AXIS2_PLACEMENT_3D('',#12467,#12468,#12469);
#12467 = CARTESIAN_POINT('',(113.45,-93.935,0.71));
#12468 = DIRECTION('',(0.,1.,0.));
#12469 = DIRECTION('',(1.,0.,0.));
#12470 = ADVANCED_FACE('',(#12471),#12496,.T.);
#12471 = FACE_BOUND('',#12472,.T.);
#12472 = EDGE_LOOP('',(#12473,#12474,#12482,#12490));
#12473 = ORIENTED_EDGE('',*,*,#12452,.T.);
#12474 = ORIENTED_EDGE('',*,*,#12475,.T.);
#12475 = EDGE_CURVE('',#12445,#12476,#12478,.T.);
#12476 = VERTEX_POINT('',#12477);
#12477 = CARTESIAN_POINT('',(115.25,-94.635,0.75));
#12478 = LINE('',#12479,#12480);
#12479 = CARTESIAN_POINT('',(115.25,-93.935,0.75));
#12480 = VECTOR('',#12481,1.);
#12481 = DIRECTION('',(0.,-1.,0.));
#12482 = ORIENTED_EDGE('',*,*,#12483,.F.);
#12483 = EDGE_CURVE('',#12484,#12476,#12486,.T.);
#12484 = VERTEX_POINT('',#12485);
#12485 = CARTESIAN_POINT('',(115.25,-94.635,0.71));
#12486 = LINE('',#12487,#12488);
#12487 = CARTESIAN_POINT('',(115.25,-94.635,0.71));
#12488 = VECTOR('',#12489,1.);
#12489 = DIRECTION('',(0.,0.,1.));
#12490 = ORIENTED_EDGE('',*,*,#12491,.F.);
#12491 = EDGE_CURVE('',#12453,#12484,#12492,.T.);
#12492 = LINE('',#12493,#12494);
#12493 = CARTESIAN_POINT('',(115.25,-93.935,0.71));
#12494 = VECTOR('',#12495,1.);
#12495 = DIRECTION('',(0.,-1.,0.));
#12496 = PLANE('',#12497);
#12497 = AXIS2_PLACEMENT_3D('',#12498,#12499,#12500);
#12498 = CARTESIAN_POINT('',(115.25,-93.935,0.71));
#12499 = DIRECTION('',(1.,0.,-0.));
#12500 = DIRECTION('',(0.,-1.,0.));
#12501 = ADVANCED_FACE('',(#12502),#12518,.T.);
#12502 = FACE_BOUND('',#12503,.T.);
#12503 = EDGE_LOOP('',(#12504,#12505,#12511,#12512));
#12504 = ORIENTED_EDGE('',*,*,#12483,.T.);
#12505 = ORIENTED_EDGE('',*,*,#12506,.T.);
#12506 = EDGE_CURVE('',#12476,#12406,#12507,.T.);
#12507 = LINE('',#12508,#12509);
#12508 = CARTESIAN_POINT('',(115.25,-94.635,0.75));
#12509 = VECTOR('',#12510,1.);
#12510 = DIRECTION('',(-1.,0.,0.));
#12511 = ORIENTED_EDGE('',*,*,#12403,.F.);
#12512 = ORIENTED_EDGE('',*,*,#12513,.F.);
#12513 = EDGE_CURVE('',#12484,#12404,#12514,.T.);
#12514 = LINE('',#12515,#12516);
#12515 = CARTESIAN_POINT('',(115.25,-94.635,0.71));
#12516 = VECTOR('',#12517,1.);
#12517 = DIRECTION('',(-1.,0.,0.));
#12518 = PLANE('',#12519);
#12519 = AXIS2_PLACEMENT_3D('',#12520,#12521,#12522);
#12520 = CARTESIAN_POINT('',(115.25,-94.635,0.71));
#12521 = DIRECTION('',(0.,-1.,0.));
#12522 = DIRECTION('',(-1.,0.,0.));
#12523 = ADVANCED_FACE('',(#12524),#12530,.F.);
#12524 = FACE_BOUND('',#12525,.T.);
#12525 = EDGE_LOOP('',(#12526,#12527,#12528,#12529));
#12526 = ORIENTED_EDGE('',*,*,#12429,.T.);
#12527 = ORIENTED_EDGE('',*,*,#12460,.T.);
#12528 = ORIENTED_EDGE('',*,*,#12491,.T.);
#12529 = ORIENTED_EDGE('',*,*,#12513,.T.);
#12530 = PLANE('',#12531);
#12531 = AXIS2_PLACEMENT_3D('',#12532,#12533,#12534);
#12532 = CARTESIAN_POINT('',(0.,0.,0.71));
#12533 = DIRECTION('',(0.,0.,1.));
#12534 = DIRECTION('',(1.,0.,-0.));
#12535 = ADVANCED_FACE('',(#12536),#12542,.T.);
#12536 = FACE_BOUND('',#12537,.F.);
#12537 = EDGE_LOOP('',(#12538,#12539,#12540,#12541));
#12538 = ORIENTED_EDGE('',*,*,#12413,.T.);
#12539 = ORIENTED_EDGE('',*,*,#12444,.T.);
#12540 = ORIENTED_EDGE('',*,*,#12475,.T.);
#12541 = ORIENTED_EDGE('',*,*,#12506,.T.);
#12542 = PLANE('',#12543);
#12543 = AXIS2_PLACEMENT_3D('',#12544,#12545,#12546);
#12544 = CARTESIAN_POINT('',(0.,0.,0.75));
#12545 = DIRECTION('',(0.,0.,1.));
#12546 = DIRECTION('',(1.,0.,-0.));
#12547 = MANIFOLD_SOLID_BREP('',#12548);
#12548 = CLOSED_SHELL('',(#12549,#12589,#12620,#12651,#12673,#12685));
#12549 = ADVANCED_FACE('',(#12550),#12584,.T.);
#12550 = FACE_BOUND('',#12551,.T.);
#12551 = EDGE_LOOP('',(#12552,#12562,#12570,#12578));
#12552 = ORIENTED_EDGE('',*,*,#12553,.T.);
#12553 = EDGE_CURVE('',#12554,#12556,#12558,.T.);
#12554 = VERTEX_POINT('',#12555);
#12555 = CARTESIAN_POINT('',(113.45,-93.365,0.71));
#12556 = VERTEX_POINT('',#12557);
#12557 = CARTESIAN_POINT('',(113.45,-93.365,0.75));
#12558 = LINE('',#12559,#12560);
#12559 = CARTESIAN_POINT('',(113.45,-93.365,0.71));
#12560 = VECTOR('',#12561,1.);
#12561 = DIRECTION('',(0.,0.,1.));
#12562 = ORIENTED_EDGE('',*,*,#12563,.T.);
#12563 = EDGE_CURVE('',#12556,#12564,#12566,.T.);
#12564 = VERTEX_POINT('',#12565);
#12565 = CARTESIAN_POINT('',(113.45,-92.665,0.75));
#12566 = LINE('',#12567,#12568);
#12567 = CARTESIAN_POINT('',(113.45,-93.365,0.75));
#12568 = VECTOR('',#12569,1.);
#12569 = DIRECTION('',(0.,1.,0.));
#12570 = ORIENTED_EDGE('',*,*,#12571,.F.);
#12571 = EDGE_CURVE('',#12572,#12564,#12574,.T.);
#12572 = VERTEX_POINT('',#12573);
#12573 = CARTESIAN_POINT('',(113.45,-92.665,0.71));
#12574 = LINE('',#12575,#12576);
#12575 = CARTESIAN_POINT('',(113.45,-92.665,0.71));
#12576 = VECTOR('',#12577,1.);
#12577 = DIRECTION('',(0.,0.,1.));
#12578 = ORIENTED_EDGE('',*,*,#12579,.F.);
#12579 = EDGE_CURVE('',#12554,#12572,#12580,.T.);
#12580 = LINE('',#12581,#12582);
#12581 = CARTESIAN_POINT('',(113.45,-93.365,0.71));
#12582 = VECTOR('',#12583,1.);
#12583 = DIRECTION('',(0.,1.,0.));
#12584 = PLANE('',#12585);
#12585 = AXIS2_PLACEMENT_3D('',#12586,#12587,#12588);
#12586 = CARTESIAN_POINT('',(113.45,-93.365,0.71));
#12587 = DIRECTION('',(-1.,0.,0.));
#12588 = DIRECTION('',(0.,1.,0.));
#12589 = ADVANCED_FACE('',(#12590),#12615,.T.);
#12590 = FACE_BOUND('',#12591,.T.);
#12591 = EDGE_LOOP('',(#12592,#12593,#12601,#12609));
#12592 = ORIENTED_EDGE('',*,*,#12571,.T.);
#12593 = ORIENTED_EDGE('',*,*,#12594,.T.);
#12594 = EDGE_CURVE('',#12564,#12595,#12597,.T.);
#12595 = VERTEX_POINT('',#12596);
#12596 = CARTESIAN_POINT('',(115.25,-92.665,0.75));
#12597 = LINE('',#12598,#12599);
#12598 = CARTESIAN_POINT('',(113.45,-92.665,0.75));
#12599 = VECTOR('',#12600,1.);
#12600 = DIRECTION('',(1.,0.,0.));
#12601 = ORIENTED_EDGE('',*,*,#12602,.F.);
#12602 = EDGE_CURVE('',#12603,#12595,#12605,.T.);
#12603 = VERTEX_POINT('',#12604);
#12604 = CARTESIAN_POINT('',(115.25,-92.665,0.71));
#12605 = LINE('',#12606,#12607);
#12606 = CARTESIAN_POINT('',(115.25,-92.665,0.71));
#12607 = VECTOR('',#12608,1.);
#12608 = DIRECTION('',(0.,0.,1.));
#12609 = ORIENTED_EDGE('',*,*,#12610,.F.);
#12610 = EDGE_CURVE('',#12572,#12603,#12611,.T.);
#12611 = LINE('',#12612,#12613);
#12612 = CARTESIAN_POINT('',(113.45,-92.665,0.71));
#12613 = VECTOR('',#12614,1.);
#12614 = DIRECTION('',(1.,0.,0.));
#12615 = PLANE('',#12616);
#12616 = AXIS2_PLACEMENT_3D('',#12617,#12618,#12619);
#12617 = CARTESIAN_POINT('',(113.45,-92.665,0.71));
#12618 = DIRECTION('',(0.,1.,0.));
#12619 = DIRECTION('',(1.,0.,0.));
#12620 = ADVANCED_FACE('',(#12621),#12646,.T.);
#12621 = FACE_BOUND('',#12622,.T.);
#12622 = EDGE_LOOP('',(#12623,#12624,#12632,#12640));
#12623 = ORIENTED_EDGE('',*,*,#12602,.T.);
#12624 = ORIENTED_EDGE('',*,*,#12625,.T.);
#12625 = EDGE_CURVE('',#12595,#12626,#12628,.T.);
#12626 = VERTEX_POINT('',#12627);
#12627 = CARTESIAN_POINT('',(115.25,-93.365,0.75));
#12628 = LINE('',#12629,#12630);
#12629 = CARTESIAN_POINT('',(115.25,-92.665,0.75));
#12630 = VECTOR('',#12631,1.);
#12631 = DIRECTION('',(0.,-1.,0.));
#12632 = ORIENTED_EDGE('',*,*,#12633,.F.);
#12633 = EDGE_CURVE('',#12634,#12626,#12636,.T.);
#12634 = VERTEX_POINT('',#12635);
#12635 = CARTESIAN_POINT('',(115.25,-93.365,0.71));
#12636 = LINE('',#12637,#12638);
#12637 = CARTESIAN_POINT('',(115.25,-93.365,0.71));
#12638 = VECTOR('',#12639,1.);
#12639 = DIRECTION('',(0.,0.,1.));
#12640 = ORIENTED_EDGE('',*,*,#12641,.F.);
#12641 = EDGE_CURVE('',#12603,#12634,#12642,.T.);
#12642 = LINE('',#12643,#12644);
#12643 = CARTESIAN_POINT('',(115.25,-92.665,0.71));
#12644 = VECTOR('',#12645,1.);
#12645 = DIRECTION('',(0.,-1.,0.));
#12646 = PLANE('',#12647);
#12647 = AXIS2_PLACEMENT_3D('',#12648,#12649,#12650);
#12648 = CARTESIAN_POINT('',(115.25,-92.665,0.71));
#12649 = DIRECTION('',(1.,0.,-0.));
#12650 = DIRECTION('',(0.,-1.,0.));
#12651 = ADVANCED_FACE('',(#12652),#12668,.T.);
#12652 = FACE_BOUND('',#12653,.T.);
#12653 = EDGE_LOOP('',(#12654,#12655,#12661,#12662));
#12654 = ORIENTED_EDGE('',*,*,#12633,.T.);
#12655 = ORIENTED_EDGE('',*,*,#12656,.T.);
#12656 = EDGE_CURVE('',#12626,#12556,#12657,.T.);
#12657 = LINE('',#12658,#12659);
#12658 = CARTESIAN_POINT('',(115.25,-93.365,0.75));
#12659 = VECTOR('',#12660,1.);
#12660 = DIRECTION('',(-1.,0.,0.));
#12661 = ORIENTED_EDGE('',*,*,#12553,.F.);
#12662 = ORIENTED_EDGE('',*,*,#12663,.F.);
#12663 = EDGE_CURVE('',#12634,#12554,#12664,.T.);
#12664 = LINE('',#12665,#12666);
#12665 = CARTESIAN_POINT('',(115.25,-93.365,0.71));
#12666 = VECTOR('',#12667,1.);
#12667 = DIRECTION('',(-1.,0.,0.));
#12668 = PLANE('',#12669);
#12669 = AXIS2_PLACEMENT_3D('',#12670,#12671,#12672);
#12670 = CARTESIAN_POINT('',(115.25,-93.365,0.71));
#12671 = DIRECTION('',(0.,-1.,0.));
#12672 = DIRECTION('',(-1.,0.,0.));
#12673 = ADVANCED_FACE('',(#12674),#12680,.F.);
#12674 = FACE_BOUND('',#12675,.T.);
#12675 = EDGE_LOOP('',(#12676,#12677,#12678,#12679));
#12676 = ORIENTED_EDGE('',*,*,#12579,.T.);
#12677 = ORIENTED_EDGE('',*,*,#12610,.T.);
#12678 = ORIENTED_EDGE('',*,*,#12641,.T.);
#12679 = ORIENTED_EDGE('',*,*,#12663,.T.);
#12680 = PLANE('',#12681);
#12681 = AXIS2_PLACEMENT_3D('',#12682,#12683,#12684);
#12682 = CARTESIAN_POINT('',(0.,0.,0.71));
#12683 = DIRECTION('',(0.,0.,1.));
#12684 = DIRECTION('',(1.,0.,-0.));
#12685 = ADVANCED_FACE('',(#12686),#12692,.T.);
#12686 = FACE_BOUND('',#12687,.F.);
#12687 = EDGE_LOOP('',(#12688,#12689,#12690,#12691));
#12688 = ORIENTED_EDGE('',*,*,#12563,.T.);
#12689 = ORIENTED_EDGE('',*,*,#12594,.T.);
#12690 = ORIENTED_EDGE('',*,*,#12625,.T.);
#12691 = ORIENTED_EDGE('',*,*,#12656,.T.);
#12692 = PLANE('',#12693);
#12693 = AXIS2_PLACEMENT_3D('',#12694,#12695,#12696);
#12694 = CARTESIAN_POINT('',(0.,0.,0.75));
#12695 = DIRECTION('',(0.,0.,1.));
#12696 = DIRECTION('',(1.,0.,-0.));
#12697 = MANIFOLD_SOLID_BREP('',#12698);
#12698 = CLOSED_SHELL('',(#12699,#12739,#12770,#12801,#12823,#12835));
#12699 = ADVANCED_FACE('',(#12700),#12734,.T.);
#12700 = FACE_BOUND('',#12701,.T.);
#12701 = EDGE_LOOP('',(#12702,#12712,#12720,#12728));
#12702 = ORIENTED_EDGE('',*,*,#12703,.T.);
#12703 = EDGE_CURVE('',#12704,#12706,#12708,.T.);
#12704 = VERTEX_POINT('',#12705);
#12705 = CARTESIAN_POINT('',(112.25,-92.15,0.71));
#12706 = VERTEX_POINT('',#12707);
#12707 = CARTESIAN_POINT('',(112.25,-92.15,0.75));
#12708 = LINE('',#12709,#12710);
#12709 = CARTESIAN_POINT('',(112.25,-92.15,0.71));
#12710 = VECTOR('',#12711,1.);
#12711 = DIRECTION('',(0.,0.,1.));
#12712 = ORIENTED_EDGE('',*,*,#12713,.T.);
#12713 = EDGE_CURVE('',#12706,#12714,#12716,.T.);
#12714 = VERTEX_POINT('',#12715);
#12715 = CARTESIAN_POINT('',(112.25,-90.35,0.75));
#12716 = LINE('',#12717,#12718);
#12717 = CARTESIAN_POINT('',(112.25,-92.15,0.75));
#12718 = VECTOR('',#12719,1.);
#12719 = DIRECTION('',(0.,1.,0.));
#12720 = ORIENTED_EDGE('',*,*,#12721,.F.);
#12721 = EDGE_CURVE('',#12722,#12714,#12724,.T.);
#12722 = VERTEX_POINT('',#12723);
#12723 = CARTESIAN_POINT('',(112.25,-90.35,0.71));
#12724 = LINE('',#12725,#12726);
#12725 = CARTESIAN_POINT('',(112.25,-90.35,0.71));
#12726 = VECTOR('',#12727,1.);
#12727 = DIRECTION('',(0.,0.,1.));
#12728 = ORIENTED_EDGE('',*,*,#12729,.F.);
#12729 = EDGE_CURVE('',#12704,#12722,#12730,.T.);
#12730 = LINE('',#12731,#12732);
#12731 = CARTESIAN_POINT('',(112.25,-92.15,0.71));
#12732 = VECTOR('',#12733,1.);
#12733 = DIRECTION('',(0.,1.,0.));
#12734 = PLANE('',#12735);
#12735 = AXIS2_PLACEMENT_3D('',#12736,#12737,#12738);
#12736 = CARTESIAN_POINT('',(112.25,-92.15,0.71));
#12737 = DIRECTION('',(-1.,0.,0.));
#12738 = DIRECTION('',(0.,1.,0.));
#12739 = ADVANCED_FACE('',(#12740),#12765,.T.);
#12740 = FACE_BOUND('',#12741,.T.);
#12741 = EDGE_LOOP('',(#12742,#12743,#12751,#12759));
#12742 = ORIENTED_EDGE('',*,*,#12721,.T.);
#12743 = ORIENTED_EDGE('',*,*,#12744,.T.);
#12744 = EDGE_CURVE('',#12714,#12745,#12747,.T.);
#12745 = VERTEX_POINT('',#12746);
#12746 = CARTESIAN_POINT('',(112.95,-90.35,0.75));
#12747 = LINE('',#12748,#12749);
#12748 = CARTESIAN_POINT('',(112.25,-90.35,0.75));
#12749 = VECTOR('',#12750,1.);
#12750 = DIRECTION('',(1.,0.,0.));
#12751 = ORIENTED_EDGE('',*,*,#12752,.F.);
#12752 = EDGE_CURVE('',#12753,#12745,#12755,.T.);
#12753 = VERTEX_POINT('',#12754);
#12754 = CARTESIAN_POINT('',(112.95,-90.35,0.71));
#12755 = LINE('',#12756,#12757);
#12756 = CARTESIAN_POINT('',(112.95,-90.35,0.71));
#12757 = VECTOR('',#12758,1.);
#12758 = DIRECTION('',(0.,0.,1.));
#12759 = ORIENTED_EDGE('',*,*,#12760,.F.);
#12760 = EDGE_CURVE('',#12722,#12753,#12761,.T.);
#12761 = LINE('',#12762,#12763);
#12762 = CARTESIAN_POINT('',(112.25,-90.35,0.71));
#12763 = VECTOR('',#12764,1.);
#12764 = DIRECTION('',(1.,0.,0.));
#12765 = PLANE('',#12766);
#12766 = AXIS2_PLACEMENT_3D('',#12767,#12768,#12769);
#12767 = CARTESIAN_POINT('',(112.25,-90.35,0.71));
#12768 = DIRECTION('',(0.,1.,0.));
#12769 = DIRECTION('',(1.,0.,0.));
#12770 = ADVANCED_FACE('',(#12771),#12796,.T.);
#12771 = FACE_BOUND('',#12772,.T.);
#12772 = EDGE_LOOP('',(#12773,#12774,#12782,#12790));
#12773 = ORIENTED_EDGE('',*,*,#12752,.T.);
#12774 = ORIENTED_EDGE('',*,*,#12775,.T.);
#12775 = EDGE_CURVE('',#12745,#12776,#12778,.T.);
#12776 = VERTEX_POINT('',#12777);
#12777 = CARTESIAN_POINT('',(112.95,-92.15,0.75));
#12778 = LINE('',#12779,#12780);
#12779 = CARTESIAN_POINT('',(112.95,-90.35,0.75));
#12780 = VECTOR('',#12781,1.);
#12781 = DIRECTION('',(0.,-1.,0.));
#12782 = ORIENTED_EDGE('',*,*,#12783,.F.);
#12783 = EDGE_CURVE('',#12784,#12776,#12786,.T.);
#12784 = VERTEX_POINT('',#12785);
#12785 = CARTESIAN_POINT('',(112.95,-92.15,0.71));
#12786 = LINE('',#12787,#12788);
#12787 = CARTESIAN_POINT('',(112.95,-92.15,0.71));
#12788 = VECTOR('',#12789,1.);
#12789 = DIRECTION('',(0.,0.,1.));
#12790 = ORIENTED_EDGE('',*,*,#12791,.F.);
#12791 = EDGE_CURVE('',#12753,#12784,#12792,.T.);
#12792 = LINE('',#12793,#12794);
#12793 = CARTESIAN_POINT('',(112.95,-90.35,0.71));
#12794 = VECTOR('',#12795,1.);
#12795 = DIRECTION('',(0.,-1.,0.));
#12796 = PLANE('',#12797);
#12797 = AXIS2_PLACEMENT_3D('',#12798,#12799,#12800);
#12798 = CARTESIAN_POINT('',(112.95,-90.35,0.71));
#12799 = DIRECTION('',(1.,0.,-0.));
#12800 = DIRECTION('',(0.,-1.,0.));
#12801 = ADVANCED_FACE('',(#12802),#12818,.T.);
#12802 = FACE_BOUND('',#12803,.T.);
#12803 = EDGE_LOOP('',(#12804,#12805,#12811,#12812));
#12804 = ORIENTED_EDGE('',*,*,#12783,.T.);
#12805 = ORIENTED_EDGE('',*,*,#12806,.T.);
#12806 = EDGE_CURVE('',#12776,#12706,#12807,.T.);
#12807 = LINE('',#12808,#12809);
#12808 = CARTESIAN_POINT('',(112.95,-92.15,0.75));
#12809 = VECTOR('',#12810,1.);
#12810 = DIRECTION('',(-1.,0.,0.));
#12811 = ORIENTED_EDGE('',*,*,#12703,.F.);
#12812 = ORIENTED_EDGE('',*,*,#12813,.F.);
#12813 = EDGE_CURVE('',#12784,#12704,#12814,.T.);
#12814 = LINE('',#12815,#12816);
#12815 = CARTESIAN_POINT('',(112.95,-92.15,0.71));
#12816 = VECTOR('',#12817,1.);
#12817 = DIRECTION('',(-1.,0.,0.));
#12818 = PLANE('',#12819);
#12819 = AXIS2_PLACEMENT_3D('',#12820,#12821,#12822);
#12820 = CARTESIAN_POINT('',(112.95,-92.15,0.71));
#12821 = DIRECTION('',(0.,-1.,0.));
#12822 = DIRECTION('',(-1.,0.,0.));
#12823 = ADVANCED_FACE('',(#12824),#12830,.F.);
#12824 = FACE_BOUND('',#12825,.T.);
#12825 = EDGE_LOOP('',(#12826,#12827,#12828,#12829));
#12826 = ORIENTED_EDGE('',*,*,#12729,.T.);
#12827 = ORIENTED_EDGE('',*,*,#12760,.T.);
#12828 = ORIENTED_EDGE('',*,*,#12791,.T.);
#12829 = ORIENTED_EDGE('',*,*,#12813,.T.);
#12830 = PLANE('',#12831);
#12831 = AXIS2_PLACEMENT_3D('',#12832,#12833,#12834);
#12832 = CARTESIAN_POINT('',(0.,0.,0.71));
#12833 = DIRECTION('',(0.,0.,1.));
#12834 = DIRECTION('',(1.,0.,-0.));
#12835 = ADVANCED_FACE('',(#12836),#12842,.T.);
#12836 = FACE_BOUND('',#12837,.F.);
#12837 = EDGE_LOOP('',(#12838,#12839,#12840,#12841));
#12838 = ORIENTED_EDGE('',*,*,#12713,.T.);
#12839 = ORIENTED_EDGE('',*,*,#12744,.T.);
#12840 = ORIENTED_EDGE('',*,*,#12775,.T.);
#12841 = ORIENTED_EDGE('',*,*,#12806,.T.);
#12842 = PLANE('',#12843);
#12843 = AXIS2_PLACEMENT_3D('',#12844,#12845,#12846);
#12844 = CARTESIAN_POINT('',(0.,0.,0.75));
#12845 = DIRECTION('',(0.,0.,1.));
#12846 = DIRECTION('',(1.,0.,-0.));
#12847 = MANIFOLD_SOLID_BREP('',#12848);
#12848 = CLOSED_SHELL('',(#12849,#12889,#12920,#12951,#12973,#12985));
#12849 = ADVANCED_FACE('',(#12850),#12884,.T.);
#12850 = FACE_BOUND('',#12851,.T.);
#12851 = EDGE_LOOP('',(#12852,#12862,#12870,#12878));
#12852 = ORIENTED_EDGE('',*,*,#12853,.T.);
#12853 = EDGE_CURVE('',#12854,#12856,#12858,.T.);
#12854 = VERTEX_POINT('',#12855);
#12855 = CARTESIAN_POINT('',(110.98,-92.15,0.71));
#12856 = VERTEX_POINT('',#12857);
#12857 = CARTESIAN_POINT('',(110.98,-92.15,0.75));
#12858 = LINE('',#12859,#12860);
#12859 = CARTESIAN_POINT('',(110.98,-92.15,0.71));
#12860 = VECTOR('',#12861,1.);
#12861 = DIRECTION('',(0.,0.,1.));
#12862 = ORIENTED_EDGE('',*,*,#12863,.T.);
#12863 = EDGE_CURVE('',#12856,#12864,#12866,.T.);
#12864 = VERTEX_POINT('',#12865);
#12865 = CARTESIAN_POINT('',(110.98,-90.35,0.75));
#12866 = LINE('',#12867,#12868);
#12867 = CARTESIAN_POINT('',(110.98,-92.15,0.75));
#12868 = VECTOR('',#12869,1.);
#12869 = DIRECTION('',(0.,1.,0.));
#12870 = ORIENTED_EDGE('',*,*,#12871,.F.);
#12871 = EDGE_CURVE('',#12872,#12864,#12874,.T.);
#12872 = VERTEX_POINT('',#12873);
#12873 = CARTESIAN_POINT('',(110.98,-90.35,0.71));
#12874 = LINE('',#12875,#12876);
#12875 = CARTESIAN_POINT('',(110.98,-90.35,0.71));
#12876 = VECTOR('',#12877,1.);
#12877 = DIRECTION('',(0.,0.,1.));
#12878 = ORIENTED_EDGE('',*,*,#12879,.F.);
#12879 = EDGE_CURVE('',#12854,#12872,#12880,.T.);
#12880 = LINE('',#12881,#12882);
#12881 = CARTESIAN_POINT('',(110.98,-92.15,0.71));
#12882 = VECTOR('',#12883,1.);
#12883 = DIRECTION('',(0.,1.,0.));
#12884 = PLANE('',#12885);
#12885 = AXIS2_PLACEMENT_3D('',#12886,#12887,#12888);
#12886 = CARTESIAN_POINT('',(110.98,-92.15,0.71));
#12887 = DIRECTION('',(-1.,0.,0.));
#12888 = DIRECTION('',(0.,1.,0.));
#12889 = ADVANCED_FACE('',(#12890),#12915,.T.);
#12890 = FACE_BOUND('',#12891,.T.);
#12891 = EDGE_LOOP('',(#12892,#12893,#12901,#12909));
#12892 = ORIENTED_EDGE('',*,*,#12871,.T.);
#12893 = ORIENTED_EDGE('',*,*,#12894,.T.);
#12894 = EDGE_CURVE('',#12864,#12895,#12897,.T.);
#12895 = VERTEX_POINT('',#12896);
#12896 = CARTESIAN_POINT('',(111.68,-90.35,0.75));
#12897 = LINE('',#12898,#12899);
#12898 = CARTESIAN_POINT('',(110.98,-90.35,0.75));
#12899 = VECTOR('',#12900,1.);
#12900 = DIRECTION('',(1.,0.,0.));
#12901 = ORIENTED_EDGE('',*,*,#12902,.F.);
#12902 = EDGE_CURVE('',#12903,#12895,#12905,.T.);
#12903 = VERTEX_POINT('',#12904);
#12904 = CARTESIAN_POINT('',(111.68,-90.35,0.71));
#12905 = LINE('',#12906,#12907);
#12906 = CARTESIAN_POINT('',(111.68,-90.35,0.71));
#12907 = VECTOR('',#12908,1.);
#12908 = DIRECTION('',(0.,0.,1.));
#12909 = ORIENTED_EDGE('',*,*,#12910,.F.);
#12910 = EDGE_CURVE('',#12872,#12903,#12911,.T.);
#12911 = LINE('',#12912,#12913);
#12912 = CARTESIAN_POINT('',(110.98,-90.35,0.71));
#12913 = VECTOR('',#12914,1.);
#12914 = DIRECTION('',(1.,0.,0.));
#12915 = PLANE('',#12916);
#12916 = AXIS2_PLACEMENT_3D('',#12917,#12918,#12919);
#12917 = CARTESIAN_POINT('',(110.98,-90.35,0.71));
#12918 = DIRECTION('',(0.,1.,0.));
#12919 = DIRECTION('',(1.,0.,0.));
#12920 = ADVANCED_FACE('',(#12921),#12946,.T.);
#12921 = FACE_BOUND('',#12922,.T.);
#12922 = EDGE_LOOP('',(#12923,#12924,#12932,#12940));
#12923 = ORIENTED_EDGE('',*,*,#12902,.T.);
#12924 = ORIENTED_EDGE('',*,*,#12925,.T.);
#12925 = EDGE_CURVE('',#12895,#12926,#12928,.T.);
#12926 = VERTEX_POINT('',#12927);
#12927 = CARTESIAN_POINT('',(111.68,-92.15,0.75));
#12928 = LINE('',#12929,#12930);
#12929 = CARTESIAN_POINT('',(111.68,-90.35,0.75));
#12930 = VECTOR('',#12931,1.);
#12931 = DIRECTION('',(0.,-1.,0.));
#12932 = ORIENTED_EDGE('',*,*,#12933,.F.);
#12933 = EDGE_CURVE('',#12934,#12926,#12936,.T.);
#12934 = VERTEX_POINT('',#12935);
#12935 = CARTESIAN_POINT('',(111.68,-92.15,0.71));
#12936 = LINE('',#12937,#12938);
#12937 = CARTESIAN_POINT('',(111.68,-92.15,0.71));
#12938 = VECTOR('',#12939,1.);
#12939 = DIRECTION('',(0.,0.,1.));
#12940 = ORIENTED_EDGE('',*,*,#12941,.F.);
#12941 = EDGE_CURVE('',#12903,#12934,#12942,.T.);
#12942 = LINE('',#12943,#12944);
#12943 = CARTESIAN_POINT('',(111.68,-90.35,0.71));
#12944 = VECTOR('',#12945,1.);
#12945 = DIRECTION('',(0.,-1.,0.));
#12946 = PLANE('',#12947);
#12947 = AXIS2_PLACEMENT_3D('',#12948,#12949,#12950);
#12948 = CARTESIAN_POINT('',(111.68,-90.35,0.71));
#12949 = DIRECTION('',(1.,0.,-0.));
#12950 = DIRECTION('',(0.,-1.,0.));
#12951 = ADVANCED_FACE('',(#12952),#12968,.T.);
#12952 = FACE_BOUND('',#12953,.T.);
#12953 = EDGE_LOOP('',(#12954,#12955,#12961,#12962));
#12954 = ORIENTED_EDGE('',*,*,#12933,.T.);
#12955 = ORIENTED_EDGE('',*,*,#12956,.T.);
#12956 = EDGE_CURVE('',#12926,#12856,#12957,.T.);
#12957 = LINE('',#12958,#12959);
#12958 = CARTESIAN_POINT('',(111.68,-92.15,0.75));
#12959 = VECTOR('',#12960,1.);
#12960 = DIRECTION('',(-1.,0.,0.));
#12961 = ORIENTED_EDGE('',*,*,#12853,.F.);
#12962 = ORIENTED_EDGE('',*,*,#12963,.F.);
#12963 = EDGE_CURVE('',#12934,#12854,#12964,.T.);
#12964 = LINE('',#12965,#12966);
#12965 = CARTESIAN_POINT('',(111.68,-92.15,0.71));
#12966 = VECTOR('',#12967,1.);
#12967 = DIRECTION('',(-1.,0.,0.));
#12968 = PLANE('',#12969);
#12969 = AXIS2_PLACEMENT_3D('',#12970,#12971,#12972);
#12970 = CARTESIAN_POINT('',(111.68,-92.15,0.71));
#12971 = DIRECTION('',(0.,-1.,0.));
#12972 = DIRECTION('',(-1.,0.,0.));
#12973 = ADVANCED_FACE('',(#12974),#12980,.F.);
#12974 = FACE_BOUND('',#12975,.T.);
#12975 = EDGE_LOOP('',(#12976,#12977,#12978,#12979));
#12976 = ORIENTED_EDGE('',*,*,#12879,.T.);
#12977 = ORIENTED_EDGE('',*,*,#12910,.T.);
#12978 = ORIENTED_EDGE('',*,*,#12941,.T.);
#12979 = ORIENTED_EDGE('',*,*,#12963,.T.);
#12980 = PLANE('',#12981);
#12981 = AXIS2_PLACEMENT_3D('',#12982,#12983,#12984);
#12982 = CARTESIAN_POINT('',(0.,0.,0.71));
#12983 = DIRECTION('',(0.,0.,1.));
#12984 = DIRECTION('',(1.,0.,-0.));
#12985 = ADVANCED_FACE('',(#12986),#12992,.T.);
#12986 = FACE_BOUND('',#12987,.F.);
#12987 = EDGE_LOOP('',(#12988,#12989,#12990,#12991));
#12988 = ORIENTED_EDGE('',*,*,#12863,.T.);
#12989 = ORIENTED_EDGE('',*,*,#12894,.T.);
#12990 = ORIENTED_EDGE('',*,*,#12925,.T.);
#12991 = ORIENTED_EDGE('',*,*,#12956,.T.);
#12992 = PLANE('',#12993);
#12993 = AXIS2_PLACEMENT_3D('',#12994,#12995,#12996);
#12994 = CARTESIAN_POINT('',(0.,0.,0.75));
#12995 = DIRECTION('',(0.,0.,1.));
#12996 = DIRECTION('',(1.,0.,-0.));
#12997 = MANIFOLD_SOLID_BREP('',#12998);
#12998 = CLOSED_SHELL('',(#12999,#13039,#13070,#13101,#13123,#13135));
#12999 = ADVANCED_FACE('',(#13000),#13034,.T.);
#13000 = FACE_BOUND('',#13001,.T.);
#13001 = EDGE_LOOP('',(#13002,#13012,#13020,#13028));
#13002 = ORIENTED_EDGE('',*,*,#13003,.T.);
#13003 = EDGE_CURVE('',#13004,#13006,#13008,.T.);
#13004 = VERTEX_POINT('',#13005);
#13005 = CARTESIAN_POINT('',(109.71,-92.15,0.71));
#13006 = VERTEX_POINT('',#13007);
#13007 = CARTESIAN_POINT('',(109.71,-92.15,0.75));
#13008 = LINE('',#13009,#13010);
#13009 = CARTESIAN_POINT('',(109.71,-92.15,0.71));
#13010 = VECTOR('',#13011,1.);
#13011 = DIRECTION('',(0.,0.,1.));
#13012 = ORIENTED_EDGE('',*,*,#13013,.T.);
#13013 = EDGE_CURVE('',#13006,#13014,#13016,.T.);
#13014 = VERTEX_POINT('',#13015);
#13015 = CARTESIAN_POINT('',(109.71,-90.35,0.75));
#13016 = LINE('',#13017,#13018);
#13017 = CARTESIAN_POINT('',(109.71,-92.15,0.75));
#13018 = VECTOR('',#13019,1.);
#13019 = DIRECTION('',(0.,1.,0.));
#13020 = ORIENTED_EDGE('',*,*,#13021,.F.);
#13021 = EDGE_CURVE('',#13022,#13014,#13024,.T.);
#13022 = VERTEX_POINT('',#13023);
#13023 = CARTESIAN_POINT('',(109.71,-90.35,0.71));
#13024 = LINE('',#13025,#13026);
#13025 = CARTESIAN_POINT('',(109.71,-90.35,0.71));
#13026 = VECTOR('',#13027,1.);
#13027 = DIRECTION('',(0.,0.,1.));
#13028 = ORIENTED_EDGE('',*,*,#13029,.F.);
#13029 = EDGE_CURVE('',#13004,#13022,#13030,.T.);
#13030 = LINE('',#13031,#13032);
#13031 = CARTESIAN_POINT('',(109.71,-92.15,0.71));
#13032 = VECTOR('',#13033,1.);
#13033 = DIRECTION('',(0.,1.,0.));
#13034 = PLANE('',#13035);
#13035 = AXIS2_PLACEMENT_3D('',#13036,#13037,#13038);
#13036 = CARTESIAN_POINT('',(109.71,-92.15,0.71));
#13037 = DIRECTION('',(-1.,0.,0.));
#13038 = DIRECTION('',(0.,1.,0.));
#13039 = ADVANCED_FACE('',(#13040),#13065,.T.);
#13040 = FACE_BOUND('',#13041,.T.);
#13041 = EDGE_LOOP('',(#13042,#13043,#13051,#13059));
#13042 = ORIENTED_EDGE('',*,*,#13021,.T.);
#13043 = ORIENTED_EDGE('',*,*,#13044,.T.);
#13044 = EDGE_CURVE('',#13014,#13045,#13047,.T.);
#13045 = VERTEX_POINT('',#13046);
#13046 = CARTESIAN_POINT('',(110.41,-90.35,0.75));
#13047 = LINE('',#13048,#13049);
#13048 = CARTESIAN_POINT('',(109.71,-90.35,0.75));
#13049 = VECTOR('',#13050,1.);
#13050 = DIRECTION('',(1.,0.,0.));
#13051 = ORIENTED_EDGE('',*,*,#13052,.F.);
#13052 = EDGE_CURVE('',#13053,#13045,#13055,.T.);
#13053 = VERTEX_POINT('',#13054);
#13054 = CARTESIAN_POINT('',(110.41,-90.35,0.71));
#13055 = LINE('',#13056,#13057);
#13056 = CARTESIAN_POINT('',(110.41,-90.35,0.71));
#13057 = VECTOR('',#13058,1.);
#13058 = DIRECTION('',(0.,0.,1.));
#13059 = ORIENTED_EDGE('',*,*,#13060,.F.);
#13060 = EDGE_CURVE('',#13022,#13053,#13061,.T.);
#13061 = LINE('',#13062,#13063);
#13062 = CARTESIAN_POINT('',(109.71,-90.35,0.71));
#13063 = VECTOR('',#13064,1.);
#13064 = DIRECTION('',(1.,0.,0.));
#13065 = PLANE('',#13066);
#13066 = AXIS2_PLACEMENT_3D('',#13067,#13068,#13069);
#13067 = CARTESIAN_POINT('',(109.71,-90.35,0.71));
#13068 = DIRECTION('',(0.,1.,0.));
#13069 = DIRECTION('',(1.,0.,0.));
#13070 = ADVANCED_FACE('',(#13071),#13096,.T.);
#13071 = FACE_BOUND('',#13072,.T.);
#13072 = EDGE_LOOP('',(#13073,#13074,#13082,#13090));
#13073 = ORIENTED_EDGE('',*,*,#13052,.T.);
#13074 = ORIENTED_EDGE('',*,*,#13075,.T.);
#13075 = EDGE_CURVE('',#13045,#13076,#13078,.T.);
#13076 = VERTEX_POINT('',#13077);
#13077 = CARTESIAN_POINT('',(110.41,-92.15,0.75));
#13078 = LINE('',#13079,#13080);
#13079 = CARTESIAN_POINT('',(110.41,-90.35,0.75));
#13080 = VECTOR('',#13081,1.);
#13081 = DIRECTION('',(0.,-1.,0.));
#13082 = ORIENTED_EDGE('',*,*,#13083,.F.);
#13083 = EDGE_CURVE('',#13084,#13076,#13086,.T.);
#13084 = VERTEX_POINT('',#13085);
#13085 = CARTESIAN_POINT('',(110.41,-92.15,0.71));
#13086 = LINE('',#13087,#13088);
#13087 = CARTESIAN_POINT('',(110.41,-92.15,0.71));
#13088 = VECTOR('',#13089,1.);
#13089 = DIRECTION('',(0.,0.,1.));
#13090 = ORIENTED_EDGE('',*,*,#13091,.F.);
#13091 = EDGE_CURVE('',#13053,#13084,#13092,.T.);
#13092 = LINE('',#13093,#13094);
#13093 = CARTESIAN_POINT('',(110.41,-90.35,0.71));
#13094 = VECTOR('',#13095,1.);
#13095 = DIRECTION('',(0.,-1.,0.));
#13096 = PLANE('',#13097);
#13097 = AXIS2_PLACEMENT_3D('',#13098,#13099,#13100);
#13098 = CARTESIAN_POINT('',(110.41,-90.35,0.71));
#13099 = DIRECTION('',(1.,0.,-0.));
#13100 = DIRECTION('',(0.,-1.,0.));
#13101 = ADVANCED_FACE('',(#13102),#13118,.T.);
#13102 = FACE_BOUND('',#13103,.T.);
#13103 = EDGE_LOOP('',(#13104,#13105,#13111,#13112));
#13104 = ORIENTED_EDGE('',*,*,#13083,.T.);
#13105 = ORIENTED_EDGE('',*,*,#13106,.T.);
#13106 = EDGE_CURVE('',#13076,#13006,#13107,.T.);
#13107 = LINE('',#13108,#13109);
#13108 = CARTESIAN_POINT('',(110.41,-92.15,0.75));
#13109 = VECTOR('',#13110,1.);
#13110 = DIRECTION('',(-1.,0.,0.));
#13111 = ORIENTED_EDGE('',*,*,#13003,.F.);
#13112 = ORIENTED_EDGE('',*,*,#13113,.F.);
#13113 = EDGE_CURVE('',#13084,#13004,#13114,.T.);
#13114 = LINE('',#13115,#13116);
#13115 = CARTESIAN_POINT('',(110.41,-92.15,0.71));
#13116 = VECTOR('',#13117,1.);
#13117 = DIRECTION('',(-1.,0.,0.));
#13118 = PLANE('',#13119);
#13119 = AXIS2_PLACEMENT_3D('',#13120,#13121,#13122);
#13120 = CARTESIAN_POINT('',(110.41,-92.15,0.71));
#13121 = DIRECTION('',(0.,-1.,0.));
#13122 = DIRECTION('',(-1.,0.,0.));
#13123 = ADVANCED_FACE('',(#13124),#13130,.F.);
#13124 = FACE_BOUND('',#13125,.T.);
#13125 = EDGE_LOOP('',(#13126,#13127,#13128,#13129));
#13126 = ORIENTED_EDGE('',*,*,#13029,.T.);
#13127 = ORIENTED_EDGE('',*,*,#13060,.T.);
#13128 = ORIENTED_EDGE('',*,*,#13091,.T.);
#13129 = ORIENTED_EDGE('',*,*,#13113,.T.);
#13130 = PLANE('',#13131);
#13131 = AXIS2_PLACEMENT_3D('',#13132,#13133,#13134);
#13132 = CARTESIAN_POINT('',(0.,0.,0.71));
#13133 = DIRECTION('',(0.,0.,1.));
#13134 = DIRECTION('',(1.,0.,-0.));
#13135 = ADVANCED_FACE('',(#13136),#13142,.T.);
#13136 = FACE_BOUND('',#13137,.F.);
#13137 = EDGE_LOOP('',(#13138,#13139,#13140,#13141));
#13138 = ORIENTED_EDGE('',*,*,#13013,.T.);
#13139 = ORIENTED_EDGE('',*,*,#13044,.T.);
#13140 = ORIENTED_EDGE('',*,*,#13075,.T.);
#13141 = ORIENTED_EDGE('',*,*,#13106,.T.);
#13142 = PLANE('',#13143);
#13143 = AXIS2_PLACEMENT_3D('',#13144,#13145,#13146);
#13144 = CARTESIAN_POINT('',(0.,0.,0.75));
#13145 = DIRECTION('',(0.,0.,1.));
#13146 = DIRECTION('',(1.,0.,-0.));
#13147 = MANIFOLD_SOLID_BREP('',#13148);
#13148 = CLOSED_SHELL('',(#13149,#13189,#13220,#13251,#13273,#13285));
#13149 = ADVANCED_FACE('',(#13150),#13184,.T.);
#13150 = FACE_BOUND('',#13151,.T.);
#13151 = EDGE_LOOP('',(#13152,#13162,#13170,#13178));
#13152 = ORIENTED_EDGE('',*,*,#13153,.T.);
#13153 = EDGE_CURVE('',#13154,#13156,#13158,.T.);
#13154 = VERTEX_POINT('',#13155);
#13155 = CARTESIAN_POINT('',(108.44,-92.15,0.71));
#13156 = VERTEX_POINT('',#13157);
#13157 = CARTESIAN_POINT('',(108.44,-92.15,0.75));
#13158 = LINE('',#13159,#13160);
#13159 = CARTESIAN_POINT('',(108.44,-92.15,0.71));
#13160 = VECTOR('',#13161,1.);
#13161 = DIRECTION('',(0.,0.,1.));
#13162 = ORIENTED_EDGE('',*,*,#13163,.T.);
#13163 = EDGE_CURVE('',#13156,#13164,#13166,.T.);
#13164 = VERTEX_POINT('',#13165);
#13165 = CARTESIAN_POINT('',(108.44,-90.35,0.75));
#13166 = LINE('',#13167,#13168);
#13167 = CARTESIAN_POINT('',(108.44,-92.15,0.75));
#13168 = VECTOR('',#13169,1.);
#13169 = DIRECTION('',(0.,1.,0.));
#13170 = ORIENTED_EDGE('',*,*,#13171,.F.);
#13171 = EDGE_CURVE('',#13172,#13164,#13174,.T.);
#13172 = VERTEX_POINT('',#13173);
#13173 = CARTESIAN_POINT('',(108.44,-90.35,0.71));
#13174 = LINE('',#13175,#13176);
#13175 = CARTESIAN_POINT('',(108.44,-90.35,0.71));
#13176 = VECTOR('',#13177,1.);
#13177 = DIRECTION('',(0.,0.,1.));
#13178 = ORIENTED_EDGE('',*,*,#13179,.F.);
#13179 = EDGE_CURVE('',#13154,#13172,#13180,.T.);
#13180 = LINE('',#13181,#13182);
#13181 = CARTESIAN_POINT('',(108.44,-92.15,0.71));
#13182 = VECTOR('',#13183,1.);
#13183 = DIRECTION('',(0.,1.,0.));
#13184 = PLANE('',#13185);
#13185 = AXIS2_PLACEMENT_3D('',#13186,#13187,#13188);
#13186 = CARTESIAN_POINT('',(108.44,-92.15,0.71));
#13187 = DIRECTION('',(-1.,0.,0.));
#13188 = DIRECTION('',(0.,1.,0.));
#13189 = ADVANCED_FACE('',(#13190),#13215,.T.);
#13190 = FACE_BOUND('',#13191,.T.);
#13191 = EDGE_LOOP('',(#13192,#13193,#13201,#13209));
#13192 = ORIENTED_EDGE('',*,*,#13171,.T.);
#13193 = ORIENTED_EDGE('',*,*,#13194,.T.);
#13194 = EDGE_CURVE('',#13164,#13195,#13197,.T.);
#13195 = VERTEX_POINT('',#13196);
#13196 = CARTESIAN_POINT('',(109.14,-90.35,0.75));
#13197 = LINE('',#13198,#13199);
#13198 = CARTESIAN_POINT('',(108.44,-90.35,0.75));
#13199 = VECTOR('',#13200,1.);
#13200 = DIRECTION('',(1.,0.,0.));
#13201 = ORIENTED_EDGE('',*,*,#13202,.F.);
#13202 = EDGE_CURVE('',#13203,#13195,#13205,.T.);
#13203 = VERTEX_POINT('',#13204);
#13204 = CARTESIAN_POINT('',(109.14,-90.35,0.71));
#13205 = LINE('',#13206,#13207);
#13206 = CARTESIAN_POINT('',(109.14,-90.35,0.71));
#13207 = VECTOR('',#13208,1.);
#13208 = DIRECTION('',(0.,0.,1.));
#13209 = ORIENTED_EDGE('',*,*,#13210,.F.);
#13210 = EDGE_CURVE('',#13172,#13203,#13211,.T.);
#13211 = LINE('',#13212,#13213);
#13212 = CARTESIAN_POINT('',(108.44,-90.35,0.71));
#13213 = VECTOR('',#13214,1.);
#13214 = DIRECTION('',(1.,0.,0.));
#13215 = PLANE('',#13216);
#13216 = AXIS2_PLACEMENT_3D('',#13217,#13218,#13219);
#13217 = CARTESIAN_POINT('',(108.44,-90.35,0.71));
#13218 = DIRECTION('',(0.,1.,0.));
#13219 = DIRECTION('',(1.,0.,0.));
#13220 = ADVANCED_FACE('',(#13221),#13246,.T.);
#13221 = FACE_BOUND('',#13222,.T.);
#13222 = EDGE_LOOP('',(#13223,#13224,#13232,#13240));
#13223 = ORIENTED_EDGE('',*,*,#13202,.T.);
#13224 = ORIENTED_EDGE('',*,*,#13225,.T.);
#13225 = EDGE_CURVE('',#13195,#13226,#13228,.T.);
#13226 = VERTEX_POINT('',#13227);
#13227 = CARTESIAN_POINT('',(109.14,-92.15,0.75));
#13228 = LINE('',#13229,#13230);
#13229 = CARTESIAN_POINT('',(109.14,-90.35,0.75));
#13230 = VECTOR('',#13231,1.);
#13231 = DIRECTION('',(0.,-1.,0.));
#13232 = ORIENTED_EDGE('',*,*,#13233,.F.);
#13233 = EDGE_CURVE('',#13234,#13226,#13236,.T.);
#13234 = VERTEX_POINT('',#13235);
#13235 = CARTESIAN_POINT('',(109.14,-92.15,0.71));
#13236 = LINE('',#13237,#13238);
#13237 = CARTESIAN_POINT('',(109.14,-92.15,0.71));
#13238 = VECTOR('',#13239,1.);
#13239 = DIRECTION('',(0.,0.,1.));
#13240 = ORIENTED_EDGE('',*,*,#13241,.F.);
#13241 = EDGE_CURVE('',#13203,#13234,#13242,.T.);
#13242 = LINE('',#13243,#13244);
#13243 = CARTESIAN_POINT('',(109.14,-90.35,0.71));
#13244 = VECTOR('',#13245,1.);
#13245 = DIRECTION('',(0.,-1.,0.));
#13246 = PLANE('',#13247);
#13247 = AXIS2_PLACEMENT_3D('',#13248,#13249,#13250);
#13248 = CARTESIAN_POINT('',(109.14,-90.35,0.71));
#13249 = DIRECTION('',(1.,0.,-0.));
#13250 = DIRECTION('',(0.,-1.,0.));
#13251 = ADVANCED_FACE('',(#13252),#13268,.T.);
#13252 = FACE_BOUND('',#13253,.T.);
#13253 = EDGE_LOOP('',(#13254,#13255,#13261,#13262));
#13254 = ORIENTED_EDGE('',*,*,#13233,.T.);
#13255 = ORIENTED_EDGE('',*,*,#13256,.T.);
#13256 = EDGE_CURVE('',#13226,#13156,#13257,.T.);
#13257 = LINE('',#13258,#13259);
#13258 = CARTESIAN_POINT('',(109.14,-92.15,0.75));
#13259 = VECTOR('',#13260,1.);
#13260 = DIRECTION('',(-1.,0.,0.));
#13261 = ORIENTED_EDGE('',*,*,#13153,.F.);
#13262 = ORIENTED_EDGE('',*,*,#13263,.F.);
#13263 = EDGE_CURVE('',#13234,#13154,#13264,.T.);
#13264 = LINE('',#13265,#13266);
#13265 = CARTESIAN_POINT('',(109.14,-92.15,0.71));
#13266 = VECTOR('',#13267,1.);
#13267 = DIRECTION('',(-1.,0.,0.));
#13268 = PLANE('',#13269);
#13269 = AXIS2_PLACEMENT_3D('',#13270,#13271,#13272);
#13270 = CARTESIAN_POINT('',(109.14,-92.15,0.71));
#13271 = DIRECTION('',(0.,-1.,0.));
#13272 = DIRECTION('',(-1.,0.,0.));
#13273 = ADVANCED_FACE('',(#13274),#13280,.F.);
#13274 = FACE_BOUND('',#13275,.T.);
#13275 = EDGE_LOOP('',(#13276,#13277,#13278,#13279));
#13276 = ORIENTED_EDGE('',*,*,#13179,.T.);
#13277 = ORIENTED_EDGE('',*,*,#13210,.T.);
#13278 = ORIENTED_EDGE('',*,*,#13241,.T.);
#13279 = ORIENTED_EDGE('',*,*,#13263,.T.);
#13280 = PLANE('',#13281);
#13281 = AXIS2_PLACEMENT_3D('',#13282,#13283,#13284);
#13282 = CARTESIAN_POINT('',(0.,0.,0.71));
#13283 = DIRECTION('',(0.,0.,1.));
#13284 = DIRECTION('',(1.,0.,-0.));
#13285 = ADVANCED_FACE('',(#13286),#13292,.T.);
#13286 = FACE_BOUND('',#13287,.F.);
#13287 = EDGE_LOOP('',(#13288,#13289,#13290,#13291));
#13288 = ORIENTED_EDGE('',*,*,#13163,.T.);
#13289 = ORIENTED_EDGE('',*,*,#13194,.T.);
#13290 = ORIENTED_EDGE('',*,*,#13225,.T.);
#13291 = ORIENTED_EDGE('',*,*,#13256,.T.);
#13292 = PLANE('',#13293);
#13293 = AXIS2_PLACEMENT_3D('',#13294,#13295,#13296);
#13294 = CARTESIAN_POINT('',(0.,0.,0.75));
#13295 = DIRECTION('',(0.,0.,1.));
#13296 = DIRECTION('',(1.,0.,-0.));
#13297 = MANIFOLD_SOLID_BREP('',#13298);
#13298 = CLOSED_SHELL('',(#13299,#13339,#13370,#13401,#13423,#13435));
#13299 = ADVANCED_FACE('',(#13300),#13334,.T.);
#13300 = FACE_BOUND('',#13301,.T.);
#13301 = EDGE_LOOP('',(#13302,#13312,#13320,#13328));
#13302 = ORIENTED_EDGE('',*,*,#13303,.T.);
#13303 = EDGE_CURVE('',#13304,#13306,#13308,.T.);
#13304 = VERTEX_POINT('',#13305);
#13305 = CARTESIAN_POINT('',(107.17,-92.15,0.71));
#13306 = VERTEX_POINT('',#13307);
#13307 = CARTESIAN_POINT('',(107.17,-92.15,0.75));
#13308 = LINE('',#13309,#13310);
#13309 = CARTESIAN_POINT('',(107.17,-92.15,0.71));
#13310 = VECTOR('',#13311,1.);
#13311 = DIRECTION('',(0.,0.,1.));
#13312 = ORIENTED_EDGE('',*,*,#13313,.T.);
#13313 = EDGE_CURVE('',#13306,#13314,#13316,.T.);
#13314 = VERTEX_POINT('',#13315);
#13315 = CARTESIAN_POINT('',(107.17,-90.35,0.75));
#13316 = LINE('',#13317,#13318);
#13317 = CARTESIAN_POINT('',(107.17,-92.15,0.75));
#13318 = VECTOR('',#13319,1.);
#13319 = DIRECTION('',(0.,1.,0.));
#13320 = ORIENTED_EDGE('',*,*,#13321,.F.);
#13321 = EDGE_CURVE('',#13322,#13314,#13324,.T.);
#13322 = VERTEX_POINT('',#13323);
#13323 = CARTESIAN_POINT('',(107.17,-90.35,0.71));
#13324 = LINE('',#13325,#13326);
#13325 = CARTESIAN_POINT('',(107.17,-90.35,0.71));
#13326 = VECTOR('',#13327,1.);
#13327 = DIRECTION('',(0.,0.,1.));
#13328 = ORIENTED_EDGE('',*,*,#13329,.F.);
#13329 = EDGE_CURVE('',#13304,#13322,#13330,.T.);
#13330 = LINE('',#13331,#13332);
#13331 = CARTESIAN_POINT('',(107.17,-92.15,0.71));
#13332 = VECTOR('',#13333,1.);
#13333 = DIRECTION('',(0.,1.,0.));
#13334 = PLANE('',#13335);
#13335 = AXIS2_PLACEMENT_3D('',#13336,#13337,#13338);
#13336 = CARTESIAN_POINT('',(107.17,-92.15,0.71));
#13337 = DIRECTION('',(-1.,0.,0.));
#13338 = DIRECTION('',(0.,1.,0.));
#13339 = ADVANCED_FACE('',(#13340),#13365,.T.);
#13340 = FACE_BOUND('',#13341,.T.);
#13341 = EDGE_LOOP('',(#13342,#13343,#13351,#13359));
#13342 = ORIENTED_EDGE('',*,*,#13321,.T.);
#13343 = ORIENTED_EDGE('',*,*,#13344,.T.);
#13344 = EDGE_CURVE('',#13314,#13345,#13347,.T.);
#13345 = VERTEX_POINT('',#13346);
#13346 = CARTESIAN_POINT('',(107.87,-90.35,0.75));
#13347 = LINE('',#13348,#13349);
#13348 = CARTESIAN_POINT('',(107.17,-90.35,0.75));
#13349 = VECTOR('',#13350,1.);
#13350 = DIRECTION('',(1.,0.,0.));
#13351 = ORIENTED_EDGE('',*,*,#13352,.F.);
#13352 = EDGE_CURVE('',#13353,#13345,#13355,.T.);
#13353 = VERTEX_POINT('',#13354);
#13354 = CARTESIAN_POINT('',(107.87,-90.35,0.71));
#13355 = LINE('',#13356,#13357);
#13356 = CARTESIAN_POINT('',(107.87,-90.35,0.71));
#13357 = VECTOR('',#13358,1.);
#13358 = DIRECTION('',(0.,0.,1.));
#13359 = ORIENTED_EDGE('',*,*,#13360,.F.);
#13360 = EDGE_CURVE('',#13322,#13353,#13361,.T.);
#13361 = LINE('',#13362,#13363);
#13362 = CARTESIAN_POINT('',(107.17,-90.35,0.71));
#13363 = VECTOR('',#13364,1.);
#13364 = DIRECTION('',(1.,0.,0.));
#13365 = PLANE('',#13366);
#13366 = AXIS2_PLACEMENT_3D('',#13367,#13368,#13369);
#13367 = CARTESIAN_POINT('',(107.17,-90.35,0.71));
#13368 = DIRECTION('',(0.,1.,0.));
#13369 = DIRECTION('',(1.,0.,0.));
#13370 = ADVANCED_FACE('',(#13371),#13396,.T.);
#13371 = FACE_BOUND('',#13372,.T.);
#13372 = EDGE_LOOP('',(#13373,#13374,#13382,#13390));
#13373 = ORIENTED_EDGE('',*,*,#13352,.T.);
#13374 = ORIENTED_EDGE('',*,*,#13375,.T.);
#13375 = EDGE_CURVE('',#13345,#13376,#13378,.T.);
#13376 = VERTEX_POINT('',#13377);
#13377 = CARTESIAN_POINT('',(107.87,-92.15,0.75));
#13378 = LINE('',#13379,#13380);
#13379 = CARTESIAN_POINT('',(107.87,-90.35,0.75));
#13380 = VECTOR('',#13381,1.);
#13381 = DIRECTION('',(0.,-1.,0.));
#13382 = ORIENTED_EDGE('',*,*,#13383,.F.);
#13383 = EDGE_CURVE('',#13384,#13376,#13386,.T.);
#13384 = VERTEX_POINT('',#13385);
#13385 = CARTESIAN_POINT('',(107.87,-92.15,0.71));
#13386 = LINE('',#13387,#13388);
#13387 = CARTESIAN_POINT('',(107.87,-92.15,0.71));
#13388 = VECTOR('',#13389,1.);
#13389 = DIRECTION('',(0.,0.,1.));
#13390 = ORIENTED_EDGE('',*,*,#13391,.F.);
#13391 = EDGE_CURVE('',#13353,#13384,#13392,.T.);
#13392 = LINE('',#13393,#13394);
#13393 = CARTESIAN_POINT('',(107.87,-90.35,0.71));
#13394 = VECTOR('',#13395,1.);
#13395 = DIRECTION('',(0.,-1.,0.));
#13396 = PLANE('',#13397);
#13397 = AXIS2_PLACEMENT_3D('',#13398,#13399,#13400);
#13398 = CARTESIAN_POINT('',(107.87,-90.35,0.71));
#13399 = DIRECTION('',(1.,0.,-0.));
#13400 = DIRECTION('',(0.,-1.,0.));
#13401 = ADVANCED_FACE('',(#13402),#13418,.T.);
#13402 = FACE_BOUND('',#13403,.T.);
#13403 = EDGE_LOOP('',(#13404,#13405,#13411,#13412));
#13404 = ORIENTED_EDGE('',*,*,#13383,.T.);
#13405 = ORIENTED_EDGE('',*,*,#13406,.T.);
#13406 = EDGE_CURVE('',#13376,#13306,#13407,.T.);
#13407 = LINE('',#13408,#13409);
#13408 = CARTESIAN_POINT('',(107.87,-92.15,0.75));
#13409 = VECTOR('',#13410,1.);
#13410 = DIRECTION('',(-1.,0.,0.));
#13411 = ORIENTED_EDGE('',*,*,#13303,.F.);
#13412 = ORIENTED_EDGE('',*,*,#13413,.F.);
#13413 = EDGE_CURVE('',#13384,#13304,#13414,.T.);
#13414 = LINE('',#13415,#13416);
#13415 = CARTESIAN_POINT('',(107.87,-92.15,0.71));
#13416 = VECTOR('',#13417,1.);
#13417 = DIRECTION('',(-1.,0.,0.));
#13418 = PLANE('',#13419);
#13419 = AXIS2_PLACEMENT_3D('',#13420,#13421,#13422);
#13420 = CARTESIAN_POINT('',(107.87,-92.15,0.71));
#13421 = DIRECTION('',(0.,-1.,0.));
#13422 = DIRECTION('',(-1.,0.,0.));
#13423 = ADVANCED_FACE('',(#13424),#13430,.F.);
#13424 = FACE_BOUND('',#13425,.T.);
#13425 = EDGE_LOOP('',(#13426,#13427,#13428,#13429));
#13426 = ORIENTED_EDGE('',*,*,#13329,.T.);
#13427 = ORIENTED_EDGE('',*,*,#13360,.T.);
#13428 = ORIENTED_EDGE('',*,*,#13391,.T.);
#13429 = ORIENTED_EDGE('',*,*,#13413,.T.);
#13430 = PLANE('',#13431);
#13431 = AXIS2_PLACEMENT_3D('',#13432,#13433,#13434);
#13432 = CARTESIAN_POINT('',(0.,0.,0.71));
#13433 = DIRECTION('',(0.,0.,1.));
#13434 = DIRECTION('',(1.,0.,-0.));
#13435 = ADVANCED_FACE('',(#13436),#13442,.T.);
#13436 = FACE_BOUND('',#13437,.F.);
#13437 = EDGE_LOOP('',(#13438,#13439,#13440,#13441));
#13438 = ORIENTED_EDGE('',*,*,#13313,.T.);
#13439 = ORIENTED_EDGE('',*,*,#13344,.T.);
#13440 = ORIENTED_EDGE('',*,*,#13375,.T.);
#13441 = ORIENTED_EDGE('',*,*,#13406,.T.);
#13442 = PLANE('',#13443);
#13443 = AXIS2_PLACEMENT_3D('',#13444,#13445,#13446);
#13444 = CARTESIAN_POINT('',(0.,0.,0.75));
#13445 = DIRECTION('',(0.,0.,1.));
#13446 = DIRECTION('',(1.,0.,-0.));
#13447 = MANIFOLD_SOLID_BREP('',#13448);
#13448 = CLOSED_SHELL('',(#13449,#13489,#13520,#13551,#13573,#13585));
#13449 = ADVANCED_FACE('',(#13450),#13484,.T.);
#13450 = FACE_BOUND('',#13451,.T.);
#13451 = EDGE_LOOP('',(#13452,#13462,#13470,#13478));
#13452 = ORIENTED_EDGE('',*,*,#13453,.T.);
#13453 = EDGE_CURVE('',#13454,#13456,#13458,.T.);
#13454 = VERTEX_POINT('',#13455);
#13455 = CARTESIAN_POINT('',(105.9,-92.15,0.71));
#13456 = VERTEX_POINT('',#13457);
#13457 = CARTESIAN_POINT('',(105.9,-92.15,0.75));
#13458 = LINE('',#13459,#13460);
#13459 = CARTESIAN_POINT('',(105.9,-92.15,0.71));
#13460 = VECTOR('',#13461,1.);
#13461 = DIRECTION('',(0.,0.,1.));
#13462 = ORIENTED_EDGE('',*,*,#13463,.T.);
#13463 = EDGE_CURVE('',#13456,#13464,#13466,.T.);
#13464 = VERTEX_POINT('',#13465);
#13465 = CARTESIAN_POINT('',(105.9,-90.35,0.75));
#13466 = LINE('',#13467,#13468);
#13467 = CARTESIAN_POINT('',(105.9,-92.15,0.75));
#13468 = VECTOR('',#13469,1.);
#13469 = DIRECTION('',(0.,1.,0.));
#13470 = ORIENTED_EDGE('',*,*,#13471,.F.);
#13471 = EDGE_CURVE('',#13472,#13464,#13474,.T.);
#13472 = VERTEX_POINT('',#13473);
#13473 = CARTESIAN_POINT('',(105.9,-90.35,0.71));
#13474 = LINE('',#13475,#13476);
#13475 = CARTESIAN_POINT('',(105.9,-90.35,0.71));
#13476 = VECTOR('',#13477,1.);
#13477 = DIRECTION('',(0.,0.,1.));
#13478 = ORIENTED_EDGE('',*,*,#13479,.F.);
#13479 = EDGE_CURVE('',#13454,#13472,#13480,.T.);
#13480 = LINE('',#13481,#13482);
#13481 = CARTESIAN_POINT('',(105.9,-92.15,0.71));
#13482 = VECTOR('',#13483,1.);
#13483 = DIRECTION('',(0.,1.,0.));
#13484 = PLANE('',#13485);
#13485 = AXIS2_PLACEMENT_3D('',#13486,#13487,#13488);
#13486 = CARTESIAN_POINT('',(105.9,-92.15,0.71));
#13487 = DIRECTION('',(-1.,0.,0.));
#13488 = DIRECTION('',(0.,1.,0.));
#13489 = ADVANCED_FACE('',(#13490),#13515,.T.);
#13490 = FACE_BOUND('',#13491,.T.);
#13491 = EDGE_LOOP('',(#13492,#13493,#13501,#13509));
#13492 = ORIENTED_EDGE('',*,*,#13471,.T.);
#13493 = ORIENTED_EDGE('',*,*,#13494,.T.);
#13494 = EDGE_CURVE('',#13464,#13495,#13497,.T.);
#13495 = VERTEX_POINT('',#13496);
#13496 = CARTESIAN_POINT('',(106.6,-90.35,0.75));
#13497 = LINE('',#13498,#13499);
#13498 = CARTESIAN_POINT('',(105.9,-90.35,0.75));
#13499 = VECTOR('',#13500,1.);
#13500 = DIRECTION('',(1.,0.,0.));
#13501 = ORIENTED_EDGE('',*,*,#13502,.F.);
#13502 = EDGE_CURVE('',#13503,#13495,#13505,.T.);
#13503 = VERTEX_POINT('',#13504);
#13504 = CARTESIAN_POINT('',(106.6,-90.35,0.71));
#13505 = LINE('',#13506,#13507);
#13506 = CARTESIAN_POINT('',(106.6,-90.35,0.71));
#13507 = VECTOR('',#13508,1.);
#13508 = DIRECTION('',(0.,0.,1.));
#13509 = ORIENTED_EDGE('',*,*,#13510,.F.);
#13510 = EDGE_CURVE('',#13472,#13503,#13511,.T.);
#13511 = LINE('',#13512,#13513);
#13512 = CARTESIAN_POINT('',(105.9,-90.35,0.71));
#13513 = VECTOR('',#13514,1.);
#13514 = DIRECTION('',(1.,0.,0.));
#13515 = PLANE('',#13516);
#13516 = AXIS2_PLACEMENT_3D('',#13517,#13518,#13519);
#13517 = CARTESIAN_POINT('',(105.9,-90.35,0.71));
#13518 = DIRECTION('',(0.,1.,0.));
#13519 = DIRECTION('',(1.,0.,0.));
#13520 = ADVANCED_FACE('',(#13521),#13546,.T.);
#13521 = FACE_BOUND('',#13522,.T.);
#13522 = EDGE_LOOP('',(#13523,#13524,#13532,#13540));
#13523 = ORIENTED_EDGE('',*,*,#13502,.T.);
#13524 = ORIENTED_EDGE('',*,*,#13525,.T.);
#13525 = EDGE_CURVE('',#13495,#13526,#13528,.T.);
#13526 = VERTEX_POINT('',#13527);
#13527 = CARTESIAN_POINT('',(106.6,-92.15,0.75));
#13528 = LINE('',#13529,#13530);
#13529 = CARTESIAN_POINT('',(106.6,-90.35,0.75));
#13530 = VECTOR('',#13531,1.);
#13531 = DIRECTION('',(0.,-1.,0.));
#13532 = ORIENTED_EDGE('',*,*,#13533,.F.);
#13533 = EDGE_CURVE('',#13534,#13526,#13536,.T.);
#13534 = VERTEX_POINT('',#13535);
#13535 = CARTESIAN_POINT('',(106.6,-92.15,0.71));
#13536 = LINE('',#13537,#13538);
#13537 = CARTESIAN_POINT('',(106.6,-92.15,0.71));
#13538 = VECTOR('',#13539,1.);
#13539 = DIRECTION('',(0.,0.,1.));
#13540 = ORIENTED_EDGE('',*,*,#13541,.F.);
#13541 = EDGE_CURVE('',#13503,#13534,#13542,.T.);
#13542 = LINE('',#13543,#13544);
#13543 = CARTESIAN_POINT('',(106.6,-90.35,0.71));
#13544 = VECTOR('',#13545,1.);
#13545 = DIRECTION('',(0.,-1.,0.));
#13546 = PLANE('',#13547);
#13547 = AXIS2_PLACEMENT_3D('',#13548,#13549,#13550);
#13548 = CARTESIAN_POINT('',(106.6,-90.35,0.71));
#13549 = DIRECTION('',(1.,0.,-0.));
#13550 = DIRECTION('',(0.,-1.,0.));
#13551 = ADVANCED_FACE('',(#13552),#13568,.T.);
#13552 = FACE_BOUND('',#13553,.T.);
#13553 = EDGE_LOOP('',(#13554,#13555,#13561,#13562));
#13554 = ORIENTED_EDGE('',*,*,#13533,.T.);
#13555 = ORIENTED_EDGE('',*,*,#13556,.T.);
#13556 = EDGE_CURVE('',#13526,#13456,#13557,.T.);
#13557 = LINE('',#13558,#13559);
#13558 = CARTESIAN_POINT('',(106.6,-92.15,0.75));
#13559 = VECTOR('',#13560,1.);
#13560 = DIRECTION('',(-1.,0.,0.));
#13561 = ORIENTED_EDGE('',*,*,#13453,.F.);
#13562 = ORIENTED_EDGE('',*,*,#13563,.F.);
#13563 = EDGE_CURVE('',#13534,#13454,#13564,.T.);
#13564 = LINE('',#13565,#13566);
#13565 = CARTESIAN_POINT('',(106.6,-92.15,0.71));
#13566 = VECTOR('',#13567,1.);
#13567 = DIRECTION('',(-1.,0.,0.));
#13568 = PLANE('',#13569);
#13569 = AXIS2_PLACEMENT_3D('',#13570,#13571,#13572);
#13570 = CARTESIAN_POINT('',(106.6,-92.15,0.71));
#13571 = DIRECTION('',(0.,-1.,0.));
#13572 = DIRECTION('',(-1.,0.,0.));
#13573 = ADVANCED_FACE('',(#13574),#13580,.F.);
#13574 = FACE_BOUND('',#13575,.T.);
#13575 = EDGE_LOOP('',(#13576,#13577,#13578,#13579));
#13576 = ORIENTED_EDGE('',*,*,#13479,.T.);
#13577 = ORIENTED_EDGE('',*,*,#13510,.T.);
#13578 = ORIENTED_EDGE('',*,*,#13541,.T.);
#13579 = ORIENTED_EDGE('',*,*,#13563,.T.);
#13580 = PLANE('',#13581);
#13581 = AXIS2_PLACEMENT_3D('',#13582,#13583,#13584);
#13582 = CARTESIAN_POINT('',(0.,0.,0.71));
#13583 = DIRECTION('',(0.,0.,1.));
#13584 = DIRECTION('',(1.,0.,-0.));
#13585 = ADVANCED_FACE('',(#13586),#13592,.T.);
#13586 = FACE_BOUND('',#13587,.F.);
#13587 = EDGE_LOOP('',(#13588,#13589,#13590,#13591));
#13588 = ORIENTED_EDGE('',*,*,#13463,.T.);
#13589 = ORIENTED_EDGE('',*,*,#13494,.T.);
#13590 = ORIENTED_EDGE('',*,*,#13525,.T.);
#13591 = ORIENTED_EDGE('',*,*,#13556,.T.);
#13592 = PLANE('',#13593);
#13593 = AXIS2_PLACEMENT_3D('',#13594,#13595,#13596);
#13594 = CARTESIAN_POINT('',(0.,0.,0.75));
#13595 = DIRECTION('',(0.,0.,1.));
#13596 = DIRECTION('',(1.,0.,-0.));
#13597 = MANIFOLD_SOLID_BREP('',#13598);
#13598 = CLOSED_SHELL('',(#13599,#13639,#13670,#13701,#13723,#13735));
#13599 = ADVANCED_FACE('',(#13600),#13634,.T.);
#13600 = FACE_BOUND('',#13601,.T.);
#13601 = EDGE_LOOP('',(#13602,#13612,#13620,#13628));
#13602 = ORIENTED_EDGE('',*,*,#13603,.T.);
#13603 = EDGE_CURVE('',#13604,#13606,#13608,.T.);
#13604 = VERTEX_POINT('',#13605);
#13605 = CARTESIAN_POINT('',(104.63,-92.15,0.71));
#13606 = VERTEX_POINT('',#13607);
#13607 = CARTESIAN_POINT('',(104.63,-92.15,0.75));
#13608 = LINE('',#13609,#13610);
#13609 = CARTESIAN_POINT('',(104.63,-92.15,0.71));
#13610 = VECTOR('',#13611,1.);
#13611 = DIRECTION('',(0.,0.,1.));
#13612 = ORIENTED_EDGE('',*,*,#13613,.T.);
#13613 = EDGE_CURVE('',#13606,#13614,#13616,.T.);
#13614 = VERTEX_POINT('',#13615);
#13615 = CARTESIAN_POINT('',(104.63,-90.35,0.75));
#13616 = LINE('',#13617,#13618);
#13617 = CARTESIAN_POINT('',(104.63,-92.15,0.75));
#13618 = VECTOR('',#13619,1.);
#13619 = DIRECTION('',(0.,1.,0.));
#13620 = ORIENTED_EDGE('',*,*,#13621,.F.);
#13621 = EDGE_CURVE('',#13622,#13614,#13624,.T.);
#13622 = VERTEX_POINT('',#13623);
#13623 = CARTESIAN_POINT('',(104.63,-90.35,0.71));
#13624 = LINE('',#13625,#13626);
#13625 = CARTESIAN_POINT('',(104.63,-90.35,0.71));
#13626 = VECTOR('',#13627,1.);
#13627 = DIRECTION('',(0.,0.,1.));
#13628 = ORIENTED_EDGE('',*,*,#13629,.F.);
#13629 = EDGE_CURVE('',#13604,#13622,#13630,.T.);
#13630 = LINE('',#13631,#13632);
#13631 = CARTESIAN_POINT('',(104.63,-92.15,0.71));
#13632 = VECTOR('',#13633,1.);
#13633 = DIRECTION('',(0.,1.,0.));
#13634 = PLANE('',#13635);
#13635 = AXIS2_PLACEMENT_3D('',#13636,#13637,#13638);
#13636 = CARTESIAN_POINT('',(104.63,-92.15,0.71));
#13637 = DIRECTION('',(-1.,0.,0.));
#13638 = DIRECTION('',(0.,1.,0.));
#13639 = ADVANCED_FACE('',(#13640),#13665,.T.);
#13640 = FACE_BOUND('',#13641,.T.);
#13641 = EDGE_LOOP('',(#13642,#13643,#13651,#13659));
#13642 = ORIENTED_EDGE('',*,*,#13621,.T.);
#13643 = ORIENTED_EDGE('',*,*,#13644,.T.);
#13644 = EDGE_CURVE('',#13614,#13645,#13647,.T.);
#13645 = VERTEX_POINT('',#13646);
#13646 = CARTESIAN_POINT('',(105.33,-90.35,0.75));
#13647 = LINE('',#13648,#13649);
#13648 = CARTESIAN_POINT('',(104.63,-90.35,0.75));
#13649 = VECTOR('',#13650,1.);
#13650 = DIRECTION('',(1.,0.,0.));
#13651 = ORIENTED_EDGE('',*,*,#13652,.F.);
#13652 = EDGE_CURVE('',#13653,#13645,#13655,.T.);
#13653 = VERTEX_POINT('',#13654);
#13654 = CARTESIAN_POINT('',(105.33,-90.35,0.71));
#13655 = LINE('',#13656,#13657);
#13656 = CARTESIAN_POINT('',(105.33,-90.35,0.71));
#13657 = VECTOR('',#13658,1.);
#13658 = DIRECTION('',(0.,0.,1.));
#13659 = ORIENTED_EDGE('',*,*,#13660,.F.);
#13660 = EDGE_CURVE('',#13622,#13653,#13661,.T.);
#13661 = LINE('',#13662,#13663);
#13662 = CARTESIAN_POINT('',(104.63,-90.35,0.71));
#13663 = VECTOR('',#13664,1.);
#13664 = DIRECTION('',(1.,0.,0.));
#13665 = PLANE('',#13666);
#13666 = AXIS2_PLACEMENT_3D('',#13667,#13668,#13669);
#13667 = CARTESIAN_POINT('',(104.63,-90.35,0.71));
#13668 = DIRECTION('',(0.,1.,0.));
#13669 = DIRECTION('',(1.,0.,0.));
#13670 = ADVANCED_FACE('',(#13671),#13696,.T.);
#13671 = FACE_BOUND('',#13672,.T.);
#13672 = EDGE_LOOP('',(#13673,#13674,#13682,#13690));
#13673 = ORIENTED_EDGE('',*,*,#13652,.T.);
#13674 = ORIENTED_EDGE('',*,*,#13675,.T.);
#13675 = EDGE_CURVE('',#13645,#13676,#13678,.T.);
#13676 = VERTEX_POINT('',#13677);
#13677 = CARTESIAN_POINT('',(105.33,-92.15,0.75));
#13678 = LINE('',#13679,#13680);
#13679 = CARTESIAN_POINT('',(105.33,-90.35,0.75));
#13680 = VECTOR('',#13681,1.);
#13681 = DIRECTION('',(0.,-1.,0.));
#13682 = ORIENTED_EDGE('',*,*,#13683,.F.);
#13683 = EDGE_CURVE('',#13684,#13676,#13686,.T.);
#13684 = VERTEX_POINT('',#13685);
#13685 = CARTESIAN_POINT('',(105.33,-92.15,0.71));
#13686 = LINE('',#13687,#13688);
#13687 = CARTESIAN_POINT('',(105.33,-92.15,0.71));
#13688 = VECTOR('',#13689,1.);
#13689 = DIRECTION('',(0.,0.,1.));
#13690 = ORIENTED_EDGE('',*,*,#13691,.F.);
#13691 = EDGE_CURVE('',#13653,#13684,#13692,.T.);
#13692 = LINE('',#13693,#13694);
#13693 = CARTESIAN_POINT('',(105.33,-90.35,0.71));
#13694 = VECTOR('',#13695,1.);
#13695 = DIRECTION('',(0.,-1.,0.));
#13696 = PLANE('',#13697);
#13697 = AXIS2_PLACEMENT_3D('',#13698,#13699,#13700);
#13698 = CARTESIAN_POINT('',(105.33,-90.35,0.71));
#13699 = DIRECTION('',(1.,0.,-0.));
#13700 = DIRECTION('',(0.,-1.,0.));
#13701 = ADVANCED_FACE('',(#13702),#13718,.T.);
#13702 = FACE_BOUND('',#13703,.T.);
#13703 = EDGE_LOOP('',(#13704,#13705,#13711,#13712));
#13704 = ORIENTED_EDGE('',*,*,#13683,.T.);
#13705 = ORIENTED_EDGE('',*,*,#13706,.T.);
#13706 = EDGE_CURVE('',#13676,#13606,#13707,.T.);
#13707 = LINE('',#13708,#13709);
#13708 = CARTESIAN_POINT('',(105.33,-92.15,0.75));
#13709 = VECTOR('',#13710,1.);
#13710 = DIRECTION('',(-1.,0.,0.));
#13711 = ORIENTED_EDGE('',*,*,#13603,.F.);
#13712 = ORIENTED_EDGE('',*,*,#13713,.F.);
#13713 = EDGE_CURVE('',#13684,#13604,#13714,.T.);
#13714 = LINE('',#13715,#13716);
#13715 = CARTESIAN_POINT('',(105.33,-92.15,0.71));
#13716 = VECTOR('',#13717,1.);
#13717 = DIRECTION('',(-1.,0.,0.));
#13718 = PLANE('',#13719);
#13719 = AXIS2_PLACEMENT_3D('',#13720,#13721,#13722);
#13720 = CARTESIAN_POINT('',(105.33,-92.15,0.71));
#13721 = DIRECTION('',(0.,-1.,0.));
#13722 = DIRECTION('',(-1.,0.,0.));
#13723 = ADVANCED_FACE('',(#13724),#13730,.F.);
#13724 = FACE_BOUND('',#13725,.T.);
#13725 = EDGE_LOOP('',(#13726,#13727,#13728,#13729));
#13726 = ORIENTED_EDGE('',*,*,#13629,.T.);
#13727 = ORIENTED_EDGE('',*,*,#13660,.T.);
#13728 = ORIENTED_EDGE('',*,*,#13691,.T.);
#13729 = ORIENTED_EDGE('',*,*,#13713,.T.);
#13730 = PLANE('',#13731);
#13731 = AXIS2_PLACEMENT_3D('',#13732,#13733,#13734);
#13732 = CARTESIAN_POINT('',(0.,0.,0.71));
#13733 = DIRECTION('',(0.,0.,1.));
#13734 = DIRECTION('',(1.,0.,-0.));
#13735 = ADVANCED_FACE('',(#13736),#13742,.T.);
#13736 = FACE_BOUND('',#13737,.F.);
#13737 = EDGE_LOOP('',(#13738,#13739,#13740,#13741));
#13738 = ORIENTED_EDGE('',*,*,#13613,.T.);
#13739 = ORIENTED_EDGE('',*,*,#13644,.T.);
#13740 = ORIENTED_EDGE('',*,*,#13675,.T.);
#13741 = ORIENTED_EDGE('',*,*,#13706,.T.);
#13742 = PLANE('',#13743);
#13743 = AXIS2_PLACEMENT_3D('',#13744,#13745,#13746);
#13744 = CARTESIAN_POINT('',(0.,0.,0.75));
#13745 = DIRECTION('',(0.,0.,1.));
#13746 = DIRECTION('',(1.,0.,-0.));
#13747 = MANIFOLD_SOLID_BREP('',#13748);
#13748 = CLOSED_SHELL('',(#13749,#13789,#13820,#13851,#13873,#13885));
#13749 = ADVANCED_FACE('',(#13750),#13784,.T.);
#13750 = FACE_BOUND('',#13751,.T.);
#13751 = EDGE_LOOP('',(#13752,#13762,#13770,#13778));
#13752 = ORIENTED_EDGE('',*,*,#13753,.T.);
#13753 = EDGE_CURVE('',#13754,#13756,#13758,.T.);
#13754 = VERTEX_POINT('',#13755);
#13755 = CARTESIAN_POINT('',(103.36,-92.15,0.71));
#13756 = VERTEX_POINT('',#13757);
#13757 = CARTESIAN_POINT('',(103.36,-92.15,0.75));
#13758 = LINE('',#13759,#13760);
#13759 = CARTESIAN_POINT('',(103.36,-92.15,0.71));
#13760 = VECTOR('',#13761,1.);
#13761 = DIRECTION('',(0.,0.,1.));
#13762 = ORIENTED_EDGE('',*,*,#13763,.T.);
#13763 = EDGE_CURVE('',#13756,#13764,#13766,.T.);
#13764 = VERTEX_POINT('',#13765);
#13765 = CARTESIAN_POINT('',(103.36,-90.35,0.75));
#13766 = LINE('',#13767,#13768);
#13767 = CARTESIAN_POINT('',(103.36,-92.15,0.75));
#13768 = VECTOR('',#13769,1.);
#13769 = DIRECTION('',(0.,1.,0.));
#13770 = ORIENTED_EDGE('',*,*,#13771,.F.);
#13771 = EDGE_CURVE('',#13772,#13764,#13774,.T.);
#13772 = VERTEX_POINT('',#13773);
#13773 = CARTESIAN_POINT('',(103.36,-90.35,0.71));
#13774 = LINE('',#13775,#13776);
#13775 = CARTESIAN_POINT('',(103.36,-90.35,0.71));
#13776 = VECTOR('',#13777,1.);
#13777 = DIRECTION('',(0.,0.,1.));
#13778 = ORIENTED_EDGE('',*,*,#13779,.F.);
#13779 = EDGE_CURVE('',#13754,#13772,#13780,.T.);
#13780 = LINE('',#13781,#13782);
#13781 = CARTESIAN_POINT('',(103.36,-92.15,0.71));
#13782 = VECTOR('',#13783,1.);
#13783 = DIRECTION('',(0.,1.,0.));
#13784 = PLANE('',#13785);
#13785 = AXIS2_PLACEMENT_3D('',#13786,#13787,#13788);
#13786 = CARTESIAN_POINT('',(103.36,-92.15,0.71));
#13787 = DIRECTION('',(-1.,0.,0.));
#13788 = DIRECTION('',(0.,1.,0.));
#13789 = ADVANCED_FACE('',(#13790),#13815,.T.);
#13790 = FACE_BOUND('',#13791,.T.);
#13791 = EDGE_LOOP('',(#13792,#13793,#13801,#13809));
#13792 = ORIENTED_EDGE('',*,*,#13771,.T.);
#13793 = ORIENTED_EDGE('',*,*,#13794,.T.);
#13794 = EDGE_CURVE('',#13764,#13795,#13797,.T.);
#13795 = VERTEX_POINT('',#13796);
#13796 = CARTESIAN_POINT('',(104.06,-90.35,0.75));
#13797 = LINE('',#13798,#13799);
#13798 = CARTESIAN_POINT('',(103.36,-90.35,0.75));
#13799 = VECTOR('',#13800,1.);
#13800 = DIRECTION('',(1.,0.,0.));
#13801 = ORIENTED_EDGE('',*,*,#13802,.F.);
#13802 = EDGE_CURVE('',#13803,#13795,#13805,.T.);
#13803 = VERTEX_POINT('',#13804);
#13804 = CARTESIAN_POINT('',(104.06,-90.35,0.71));
#13805 = LINE('',#13806,#13807);
#13806 = CARTESIAN_POINT('',(104.06,-90.35,0.71));
#13807 = VECTOR('',#13808,1.);
#13808 = DIRECTION('',(0.,0.,1.));
#13809 = ORIENTED_EDGE('',*,*,#13810,.F.);
#13810 = EDGE_CURVE('',#13772,#13803,#13811,.T.);
#13811 = LINE('',#13812,#13813);
#13812 = CARTESIAN_POINT('',(103.36,-90.35,0.71));
#13813 = VECTOR('',#13814,1.);
#13814 = DIRECTION('',(1.,0.,0.));
#13815 = PLANE('',#13816);
#13816 = AXIS2_PLACEMENT_3D('',#13817,#13818,#13819);
#13817 = CARTESIAN_POINT('',(103.36,-90.35,0.71));
#13818 = DIRECTION('',(0.,1.,0.));
#13819 = DIRECTION('',(1.,0.,0.));
#13820 = ADVANCED_FACE('',(#13821),#13846,.T.);
#13821 = FACE_BOUND('',#13822,.T.);
#13822 = EDGE_LOOP('',(#13823,#13824,#13832,#13840));
#13823 = ORIENTED_EDGE('',*,*,#13802,.T.);
#13824 = ORIENTED_EDGE('',*,*,#13825,.T.);
#13825 = EDGE_CURVE('',#13795,#13826,#13828,.T.);
#13826 = VERTEX_POINT('',#13827);
#13827 = CARTESIAN_POINT('',(104.06,-92.15,0.75));
#13828 = LINE('',#13829,#13830);
#13829 = CARTESIAN_POINT('',(104.06,-90.35,0.75));
#13830 = VECTOR('',#13831,1.);
#13831 = DIRECTION('',(0.,-1.,0.));
#13832 = ORIENTED_EDGE('',*,*,#13833,.F.);
#13833 = EDGE_CURVE('',#13834,#13826,#13836,.T.);
#13834 = VERTEX_POINT('',#13835);
#13835 = CARTESIAN_POINT('',(104.06,-92.15,0.71));
#13836 = LINE('',#13837,#13838);
#13837 = CARTESIAN_POINT('',(104.06,-92.15,0.71));
#13838 = VECTOR('',#13839,1.);
#13839 = DIRECTION('',(0.,0.,1.));
#13840 = ORIENTED_EDGE('',*,*,#13841,.F.);
#13841 = EDGE_CURVE('',#13803,#13834,#13842,.T.);
#13842 = LINE('',#13843,#13844);
#13843 = CARTESIAN_POINT('',(104.06,-90.35,0.71));
#13844 = VECTOR('',#13845,1.);
#13845 = DIRECTION('',(0.,-1.,0.));
#13846 = PLANE('',#13847);
#13847 = AXIS2_PLACEMENT_3D('',#13848,#13849,#13850);
#13848 = CARTESIAN_POINT('',(104.06,-90.35,0.71));
#13849 = DIRECTION('',(1.,0.,-0.));
#13850 = DIRECTION('',(0.,-1.,0.));
#13851 = ADVANCED_FACE('',(#13852),#13868,.T.);
#13852 = FACE_BOUND('',#13853,.T.);
#13853 = EDGE_LOOP('',(#13854,#13855,#13861,#13862));
#13854 = ORIENTED_EDGE('',*,*,#13833,.T.);
#13855 = ORIENTED_EDGE('',*,*,#13856,.T.);
#13856 = EDGE_CURVE('',#13826,#13756,#13857,.T.);
#13857 = LINE('',#13858,#13859);
#13858 = CARTESIAN_POINT('',(104.06,-92.15,0.75));
#13859 = VECTOR('',#13860,1.);
#13860 = DIRECTION('',(-1.,0.,0.));
#13861 = ORIENTED_EDGE('',*,*,#13753,.F.);
#13862 = ORIENTED_EDGE('',*,*,#13863,.F.);
#13863 = EDGE_CURVE('',#13834,#13754,#13864,.T.);
#13864 = LINE('',#13865,#13866);
#13865 = CARTESIAN_POINT('',(104.06,-92.15,0.71));
#13866 = VECTOR('',#13867,1.);
#13867 = DIRECTION('',(-1.,0.,0.));
#13868 = PLANE('',#13869);
#13869 = AXIS2_PLACEMENT_3D('',#13870,#13871,#13872);
#13870 = CARTESIAN_POINT('',(104.06,-92.15,0.71));
#13871 = DIRECTION('',(0.,-1.,0.));
#13872 = DIRECTION('',(-1.,0.,0.));
#13873 = ADVANCED_FACE('',(#13874),#13880,.F.);
#13874 = FACE_BOUND('',#13875,.T.);
#13875 = EDGE_LOOP('',(#13876,#13877,#13878,#13879));
#13876 = ORIENTED_EDGE('',*,*,#13779,.T.);
#13877 = ORIENTED_EDGE('',*,*,#13810,.T.);
#13878 = ORIENTED_EDGE('',*,*,#13841,.T.);
#13879 = ORIENTED_EDGE('',*,*,#13863,.T.);
#13880 = PLANE('',#13881);
#13881 = AXIS2_PLACEMENT_3D('',#13882,#13883,#13884);
#13882 = CARTESIAN_POINT('',(0.,0.,0.71));
#13883 = DIRECTION('',(0.,0.,1.));
#13884 = DIRECTION('',(1.,0.,-0.));
#13885 = ADVANCED_FACE('',(#13886),#13892,.T.);
#13886 = FACE_BOUND('',#13887,.F.);
#13887 = EDGE_LOOP('',(#13888,#13889,#13890,#13891));
#13888 = ORIENTED_EDGE('',*,*,#13763,.T.);
#13889 = ORIENTED_EDGE('',*,*,#13794,.T.);
#13890 = ORIENTED_EDGE('',*,*,#13825,.T.);
#13891 = ORIENTED_EDGE('',*,*,#13856,.T.);
#13892 = PLANE('',#13893);
#13893 = AXIS2_PLACEMENT_3D('',#13894,#13895,#13896);
#13894 = CARTESIAN_POINT('',(0.,0.,0.75));
#13895 = DIRECTION('',(0.,0.,1.));
#13896 = DIRECTION('',(1.,0.,-0.));
#13897 = MANIFOLD_SOLID_BREP('',#13898);
#13898 = CLOSED_SHELL('',(#13899,#13939,#13970,#14001,#14023,#14035));
#13899 = ADVANCED_FACE('',(#13900),#13934,.T.);
#13900 = FACE_BOUND('',#13901,.T.);
#13901 = EDGE_LOOP('',(#13902,#13912,#13920,#13928));
#13902 = ORIENTED_EDGE('',*,*,#13903,.T.);
#13903 = EDGE_CURVE('',#13904,#13906,#13908,.T.);
#13904 = VERTEX_POINT('',#13905);
#13905 = CARTESIAN_POINT('',(102.09,-92.15,0.71));
#13906 = VERTEX_POINT('',#13907);
#13907 = CARTESIAN_POINT('',(102.09,-92.15,0.75));
#13908 = LINE('',#13909,#13910);
#13909 = CARTESIAN_POINT('',(102.09,-92.15,0.71));
#13910 = VECTOR('',#13911,1.);
#13911 = DIRECTION('',(0.,0.,1.));
#13912 = ORIENTED_EDGE('',*,*,#13913,.T.);
#13913 = EDGE_CURVE('',#13906,#13914,#13916,.T.);
#13914 = VERTEX_POINT('',#13915);
#13915 = CARTESIAN_POINT('',(102.09,-90.35,0.75));
#13916 = LINE('',#13917,#13918);
#13917 = CARTESIAN_POINT('',(102.09,-92.15,0.75));
#13918 = VECTOR('',#13919,1.);
#13919 = DIRECTION('',(0.,1.,0.));
#13920 = ORIENTED_EDGE('',*,*,#13921,.F.);
#13921 = EDGE_CURVE('',#13922,#13914,#13924,.T.);
#13922 = VERTEX_POINT('',#13923);
#13923 = CARTESIAN_POINT('',(102.09,-90.35,0.71));
#13924 = LINE('',#13925,#13926);
#13925 = CARTESIAN_POINT('',(102.09,-90.35,0.71));
#13926 = VECTOR('',#13927,1.);
#13927 = DIRECTION('',(0.,0.,1.));
#13928 = ORIENTED_EDGE('',*,*,#13929,.F.);
#13929 = EDGE_CURVE('',#13904,#13922,#13930,.T.);
#13930 = LINE('',#13931,#13932);
#13931 = CARTESIAN_POINT('',(102.09,-92.15,0.71));
#13932 = VECTOR('',#13933,1.);
#13933 = DIRECTION('',(0.,1.,0.));
#13934 = PLANE('',#13935);
#13935 = AXIS2_PLACEMENT_3D('',#13936,#13937,#13938);
#13936 = CARTESIAN_POINT('',(102.09,-92.15,0.71));
#13937 = DIRECTION('',(-1.,0.,0.));
#13938 = DIRECTION('',(0.,1.,0.));
#13939 = ADVANCED_FACE('',(#13940),#13965,.T.);
#13940 = FACE_BOUND('',#13941,.T.);
#13941 = EDGE_LOOP('',(#13942,#13943,#13951,#13959));
#13942 = ORIENTED_EDGE('',*,*,#13921,.T.);
#13943 = ORIENTED_EDGE('',*,*,#13944,.T.);
#13944 = EDGE_CURVE('',#13914,#13945,#13947,.T.);
#13945 = VERTEX_POINT('',#13946);
#13946 = CARTESIAN_POINT('',(102.79,-90.35,0.75));
#13947 = LINE('',#13948,#13949);
#13948 = CARTESIAN_POINT('',(102.09,-90.35,0.75));
#13949 = VECTOR('',#13950,1.);
#13950 = DIRECTION('',(1.,0.,0.));
#13951 = ORIENTED_EDGE('',*,*,#13952,.F.);
#13952 = EDGE_CURVE('',#13953,#13945,#13955,.T.);
#13953 = VERTEX_POINT('',#13954);
#13954 = CARTESIAN_POINT('',(102.79,-90.35,0.71));
#13955 = LINE('',#13956,#13957);
#13956 = CARTESIAN_POINT('',(102.79,-90.35,0.71));
#13957 = VECTOR('',#13958,1.);
#13958 = DIRECTION('',(0.,0.,1.));
#13959 = ORIENTED_EDGE('',*,*,#13960,.F.);
#13960 = EDGE_CURVE('',#13922,#13953,#13961,.T.);
#13961 = LINE('',#13962,#13963);
#13962 = CARTESIAN_POINT('',(102.09,-90.35,0.71));
#13963 = VECTOR('',#13964,1.);
#13964 = DIRECTION('',(1.,0.,0.));
#13965 = PLANE('',#13966);
#13966 = AXIS2_PLACEMENT_3D('',#13967,#13968,#13969);
#13967 = CARTESIAN_POINT('',(102.09,-90.35,0.71));
#13968 = DIRECTION('',(0.,1.,0.));
#13969 = DIRECTION('',(1.,0.,0.));
#13970 = ADVANCED_FACE('',(#13971),#13996,.T.);
#13971 = FACE_BOUND('',#13972,.T.);
#13972 = EDGE_LOOP('',(#13973,#13974,#13982,#13990));
#13973 = ORIENTED_EDGE('',*,*,#13952,.T.);
#13974 = ORIENTED_EDGE('',*,*,#13975,.T.);
#13975 = EDGE_CURVE('',#13945,#13976,#13978,.T.);
#13976 = VERTEX_POINT('',#13977);
#13977 = CARTESIAN_POINT('',(102.79,-92.15,0.75));
#13978 = LINE('',#13979,#13980);
#13979 = CARTESIAN_POINT('',(102.79,-90.35,0.75));
#13980 = VECTOR('',#13981,1.);
#13981 = DIRECTION('',(0.,-1.,0.));
#13982 = ORIENTED_EDGE('',*,*,#13983,.F.);
#13983 = EDGE_CURVE('',#13984,#13976,#13986,.T.);
#13984 = VERTEX_POINT('',#13985);
#13985 = CARTESIAN_POINT('',(102.79,-92.15,0.71));
#13986 = LINE('',#13987,#13988);
#13987 = CARTESIAN_POINT('',(102.79,-92.15,0.71));
#13988 = VECTOR('',#13989,1.);
#13989 = DIRECTION('',(0.,0.,1.));
#13990 = ORIENTED_EDGE('',*,*,#13991,.F.);
#13991 = EDGE_CURVE('',#13953,#13984,#13992,.T.);
#13992 = LINE('',#13993,#13994);
#13993 = CARTESIAN_POINT('',(102.79,-90.35,0.71));
#13994 = VECTOR('',#13995,1.);
#13995 = DIRECTION('',(0.,-1.,0.));
#13996 = PLANE('',#13997);
#13997 = AXIS2_PLACEMENT_3D('',#13998,#13999,#14000);
#13998 = CARTESIAN_POINT('',(102.79,-90.35,0.71));
#13999 = DIRECTION('',(1.,0.,-0.));
#14000 = DIRECTION('',(0.,-1.,0.));
#14001 = ADVANCED_FACE('',(#14002),#14018,.T.);
#14002 = FACE_BOUND('',#14003,.T.);
#14003 = EDGE_LOOP('',(#14004,#14005,#14011,#14012));
#14004 = ORIENTED_EDGE('',*,*,#13983,.T.);
#14005 = ORIENTED_EDGE('',*,*,#14006,.T.);
#14006 = EDGE_CURVE('',#13976,#13906,#14007,.T.);
#14007 = LINE('',#14008,#14009);
#14008 = CARTESIAN_POINT('',(102.79,-92.15,0.75));
#14009 = VECTOR('',#14010,1.);
#14010 = DIRECTION('',(-1.,0.,0.));
#14011 = ORIENTED_EDGE('',*,*,#13903,.F.);
#14012 = ORIENTED_EDGE('',*,*,#14013,.F.);
#14013 = EDGE_CURVE('',#13984,#13904,#14014,.T.);
#14014 = LINE('',#14015,#14016);
#14015 = CARTESIAN_POINT('',(102.79,-92.15,0.71));
#14016 = VECTOR('',#14017,1.);
#14017 = DIRECTION('',(-1.,0.,0.));
#14018 = PLANE('',#14019);
#14019 = AXIS2_PLACEMENT_3D('',#14020,#14021,#14022);
#14020 = CARTESIAN_POINT('',(102.79,-92.15,0.71));
#14021 = DIRECTION('',(0.,-1.,0.));
#14022 = DIRECTION('',(-1.,0.,0.));
#14023 = ADVANCED_FACE('',(#14024),#14030,.F.);
#14024 = FACE_BOUND('',#14025,.T.);
#14025 = EDGE_LOOP('',(#14026,#14027,#14028,#14029));
#14026 = ORIENTED_EDGE('',*,*,#13929,.T.);
#14027 = ORIENTED_EDGE('',*,*,#13960,.T.);
#14028 = ORIENTED_EDGE('',*,*,#13991,.T.);
#14029 = ORIENTED_EDGE('',*,*,#14013,.T.);
#14030 = PLANE('',#14031);
#14031 = AXIS2_PLACEMENT_3D('',#14032,#14033,#14034);
#14032 = CARTESIAN_POINT('',(0.,0.,0.71));
#14033 = DIRECTION('',(0.,0.,1.));
#14034 = DIRECTION('',(1.,0.,-0.));
#14035 = ADVANCED_FACE('',(#14036),#14042,.T.);
#14036 = FACE_BOUND('',#14037,.F.);
#14037 = EDGE_LOOP('',(#14038,#14039,#14040,#14041));
#14038 = ORIENTED_EDGE('',*,*,#13913,.T.);
#14039 = ORIENTED_EDGE('',*,*,#13944,.T.);
#14040 = ORIENTED_EDGE('',*,*,#13975,.T.);
#14041 = ORIENTED_EDGE('',*,*,#14006,.T.);
#14042 = PLANE('',#14043);
#14043 = AXIS2_PLACEMENT_3D('',#14044,#14045,#14046);
#14044 = CARTESIAN_POINT('',(0.,0.,0.75));
#14045 = DIRECTION('',(0.,0.,1.));
#14046 = DIRECTION('',(1.,0.,-0.));
#14047 = MANIFOLD_SOLID_BREP('',#14048);
#14048 = CLOSED_SHELL('',(#14049,#14089,#14120,#14151,#14173,#14185));
#14049 = ADVANCED_FACE('',(#14050),#14084,.T.);
#14050 = FACE_BOUND('',#14051,.T.);
#14051 = EDGE_LOOP('',(#14052,#14062,#14070,#14078));
#14052 = ORIENTED_EDGE('',*,*,#14053,.T.);
#14053 = EDGE_CURVE('',#14054,#14056,#14058,.T.);
#14054 = VERTEX_POINT('',#14055);
#14055 = CARTESIAN_POINT('',(98.28,-92.15,0.71));
#14056 = VERTEX_POINT('',#14057);
#14057 = CARTESIAN_POINT('',(98.28,-92.15,0.75));
#14058 = LINE('',#14059,#14060);
#14059 = CARTESIAN_POINT('',(98.28,-92.15,0.71));
#14060 = VECTOR('',#14061,1.);
#14061 = DIRECTION('',(0.,0.,1.));
#14062 = ORIENTED_EDGE('',*,*,#14063,.T.);
#14063 = EDGE_CURVE('',#14056,#14064,#14066,.T.);
#14064 = VERTEX_POINT('',#14065);
#14065 = CARTESIAN_POINT('',(98.28,-90.35,0.75));
#14066 = LINE('',#14067,#14068);
#14067 = CARTESIAN_POINT('',(98.28,-92.15,0.75));
#14068 = VECTOR('',#14069,1.);
#14069 = DIRECTION('',(0.,1.,0.));
#14070 = ORIENTED_EDGE('',*,*,#14071,.F.);
#14071 = EDGE_CURVE('',#14072,#14064,#14074,.T.);
#14072 = VERTEX_POINT('',#14073);
#14073 = CARTESIAN_POINT('',(98.28,-90.35,0.71));
#14074 = LINE('',#14075,#14076);
#14075 = CARTESIAN_POINT('',(98.28,-90.35,0.71));
#14076 = VECTOR('',#14077,1.);
#14077 = DIRECTION('',(0.,0.,1.));
#14078 = ORIENTED_EDGE('',*,*,#14079,.F.);
#14079 = EDGE_CURVE('',#14054,#14072,#14080,.T.);
#14080 = LINE('',#14081,#14082);
#14081 = CARTESIAN_POINT('',(98.28,-92.15,0.71));
#14082 = VECTOR('',#14083,1.);
#14083 = DIRECTION('',(0.,1.,0.));
#14084 = PLANE('',#14085);
#14085 = AXIS2_PLACEMENT_3D('',#14086,#14087,#14088);
#14086 = CARTESIAN_POINT('',(98.28,-92.15,0.71));
#14087 = DIRECTION('',(-1.,0.,0.));
#14088 = DIRECTION('',(0.,1.,0.));
#14089 = ADVANCED_FACE('',(#14090),#14115,.T.);
#14090 = FACE_BOUND('',#14091,.T.);
#14091 = EDGE_LOOP('',(#14092,#14093,#14101,#14109));
#14092 = ORIENTED_EDGE('',*,*,#14071,.T.);
#14093 = ORIENTED_EDGE('',*,*,#14094,.T.);
#14094 = EDGE_CURVE('',#14064,#14095,#14097,.T.);
#14095 = VERTEX_POINT('',#14096);
#14096 = CARTESIAN_POINT('',(98.98,-90.35,0.75));
#14097 = LINE('',#14098,#14099);
#14098 = CARTESIAN_POINT('',(98.28,-90.35,0.75));
#14099 = VECTOR('',#14100,1.);
#14100 = DIRECTION('',(1.,0.,0.));
#14101 = ORIENTED_EDGE('',*,*,#14102,.F.);
#14102 = EDGE_CURVE('',#14103,#14095,#14105,.T.);
#14103 = VERTEX_POINT('',#14104);
#14104 = CARTESIAN_POINT('',(98.98,-90.35,0.71));
#14105 = LINE('',#14106,#14107);
#14106 = CARTESIAN_POINT('',(98.98,-90.35,0.71));
#14107 = VECTOR('',#14108,1.);
#14108 = DIRECTION('',(0.,0.,1.));
#14109 = ORIENTED_EDGE('',*,*,#14110,.F.);
#14110 = EDGE_CURVE('',#14072,#14103,#14111,.T.);
#14111 = LINE('',#14112,#14113);
#14112 = CARTESIAN_POINT('',(98.28,-90.35,0.71));
#14113 = VECTOR('',#14114,1.);
#14114 = DIRECTION('',(1.,0.,0.));
#14115 = PLANE('',#14116);
#14116 = AXIS2_PLACEMENT_3D('',#14117,#14118,#14119);
#14117 = CARTESIAN_POINT('',(98.28,-90.35,0.71));
#14118 = DIRECTION('',(0.,1.,0.));
#14119 = DIRECTION('',(1.,0.,0.));
#14120 = ADVANCED_FACE('',(#14121),#14146,.T.);
#14121 = FACE_BOUND('',#14122,.T.);
#14122 = EDGE_LOOP('',(#14123,#14124,#14132,#14140));
#14123 = ORIENTED_EDGE('',*,*,#14102,.T.);
#14124 = ORIENTED_EDGE('',*,*,#14125,.T.);
#14125 = EDGE_CURVE('',#14095,#14126,#14128,.T.);
#14126 = VERTEX_POINT('',#14127);
#14127 = CARTESIAN_POINT('',(98.98,-92.15,0.75));
#14128 = LINE('',#14129,#14130);
#14129 = CARTESIAN_POINT('',(98.98,-90.35,0.75));
#14130 = VECTOR('',#14131,1.);
#14131 = DIRECTION('',(0.,-1.,0.));
#14132 = ORIENTED_EDGE('',*,*,#14133,.F.);
#14133 = EDGE_CURVE('',#14134,#14126,#14136,.T.);
#14134 = VERTEX_POINT('',#14135);
#14135 = CARTESIAN_POINT('',(98.98,-92.15,0.71));
#14136 = LINE('',#14137,#14138);
#14137 = CARTESIAN_POINT('',(98.98,-92.15,0.71));
#14138 = VECTOR('',#14139,1.);
#14139 = DIRECTION('',(0.,0.,1.));
#14140 = ORIENTED_EDGE('',*,*,#14141,.F.);
#14141 = EDGE_CURVE('',#14103,#14134,#14142,.T.);
#14142 = LINE('',#14143,#14144);
#14143 = CARTESIAN_POINT('',(98.98,-90.35,0.71));
#14144 = VECTOR('',#14145,1.);
#14145 = DIRECTION('',(0.,-1.,0.));
#14146 = PLANE('',#14147);
#14147 = AXIS2_PLACEMENT_3D('',#14148,#14149,#14150);
#14148 = CARTESIAN_POINT('',(98.98,-90.35,0.71));
#14149 = DIRECTION('',(1.,0.,-0.));
#14150 = DIRECTION('',(0.,-1.,0.));
#14151 = ADVANCED_FACE('',(#14152),#14168,.T.);
#14152 = FACE_BOUND('',#14153,.T.);
#14153 = EDGE_LOOP('',(#14154,#14155,#14161,#14162));
#14154 = ORIENTED_EDGE('',*,*,#14133,.T.);
#14155 = ORIENTED_EDGE('',*,*,#14156,.T.);
#14156 = EDGE_CURVE('',#14126,#14056,#14157,.T.);
#14157 = LINE('',#14158,#14159);
#14158 = CARTESIAN_POINT('',(98.98,-92.15,0.75));
#14159 = VECTOR('',#14160,1.);
#14160 = DIRECTION('',(-1.,0.,0.));
#14161 = ORIENTED_EDGE('',*,*,#14053,.F.);
#14162 = ORIENTED_EDGE('',*,*,#14163,.F.);
#14163 = EDGE_CURVE('',#14134,#14054,#14164,.T.);
#14164 = LINE('',#14165,#14166);
#14165 = CARTESIAN_POINT('',(98.98,-92.15,0.71));
#14166 = VECTOR('',#14167,1.);
#14167 = DIRECTION('',(-1.,0.,0.));
#14168 = PLANE('',#14169);
#14169 = AXIS2_PLACEMENT_3D('',#14170,#14171,#14172);
#14170 = CARTESIAN_POINT('',(98.98,-92.15,0.71));
#14171 = DIRECTION('',(0.,-1.,0.));
#14172 = DIRECTION('',(-1.,0.,0.));
#14173 = ADVANCED_FACE('',(#14174),#14180,.F.);
#14174 = FACE_BOUND('',#14175,.T.);
#14175 = EDGE_LOOP('',(#14176,#14177,#14178,#14179));
#14176 = ORIENTED_EDGE('',*,*,#14079,.T.);
#14177 = ORIENTED_EDGE('',*,*,#14110,.T.);
#14178 = ORIENTED_EDGE('',*,*,#14141,.T.);
#14179 = ORIENTED_EDGE('',*,*,#14163,.T.);
#14180 = PLANE('',#14181);
#14181 = AXIS2_PLACEMENT_3D('',#14182,#14183,#14184);
#14182 = CARTESIAN_POINT('',(0.,0.,0.71));
#14183 = DIRECTION('',(0.,0.,1.));
#14184 = DIRECTION('',(1.,0.,-0.));
#14185 = ADVANCED_FACE('',(#14186),#14192,.T.);
#14186 = FACE_BOUND('',#14187,.F.);
#14187 = EDGE_LOOP('',(#14188,#14189,#14190,#14191));
#14188 = ORIENTED_EDGE('',*,*,#14063,.T.);
#14189 = ORIENTED_EDGE('',*,*,#14094,.T.);
#14190 = ORIENTED_EDGE('',*,*,#14125,.T.);
#14191 = ORIENTED_EDGE('',*,*,#14156,.T.);
#14192 = PLANE('',#14193);
#14193 = AXIS2_PLACEMENT_3D('',#14194,#14195,#14196);
#14194 = CARTESIAN_POINT('',(0.,0.,0.75));
#14195 = DIRECTION('',(0.,0.,1.));
#14196 = DIRECTION('',(1.,0.,-0.));
#14197 = MANIFOLD_SOLID_BREP('',#14198);
#14198 = CLOSED_SHELL('',(#14199,#14239,#14270,#14301,#14323,#14335));
#14199 = ADVANCED_FACE('',(#14200),#14234,.T.);
#14200 = FACE_BOUND('',#14201,.T.);
#14201 = EDGE_LOOP('',(#14202,#14212,#14220,#14228));
#14202 = ORIENTED_EDGE('',*,*,#14203,.T.);
#14203 = EDGE_CURVE('',#14204,#14206,#14208,.T.);
#14204 = VERTEX_POINT('',#14205);
#14205 = CARTESIAN_POINT('',(97.01,-92.15,0.71));
#14206 = VERTEX_POINT('',#14207);
#14207 = CARTESIAN_POINT('',(97.01,-92.15,0.75));
#14208 = LINE('',#14209,#14210);
#14209 = CARTESIAN_POINT('',(97.01,-92.15,0.71));
#14210 = VECTOR('',#14211,1.);
#14211 = DIRECTION('',(0.,0.,1.));
#14212 = ORIENTED_EDGE('',*,*,#14213,.T.);
#14213 = EDGE_CURVE('',#14206,#14214,#14216,.T.);
#14214 = VERTEX_POINT('',#14215);
#14215 = CARTESIAN_POINT('',(97.01,-90.35,0.75));
#14216 = LINE('',#14217,#14218);
#14217 = CARTESIAN_POINT('',(97.01,-92.15,0.75));
#14218 = VECTOR('',#14219,1.);
#14219 = DIRECTION('',(0.,1.,0.));
#14220 = ORIENTED_EDGE('',*,*,#14221,.F.);
#14221 = EDGE_CURVE('',#14222,#14214,#14224,.T.);
#14222 = VERTEX_POINT('',#14223);
#14223 = CARTESIAN_POINT('',(97.01,-90.35,0.71));
#14224 = LINE('',#14225,#14226);
#14225 = CARTESIAN_POINT('',(97.01,-90.35,0.71));
#14226 = VECTOR('',#14227,1.);
#14227 = DIRECTION('',(0.,0.,1.));
#14228 = ORIENTED_EDGE('',*,*,#14229,.F.);
#14229 = EDGE_CURVE('',#14204,#14222,#14230,.T.);
#14230 = LINE('',#14231,#14232);
#14231 = CARTESIAN_POINT('',(97.01,-92.15,0.71));
#14232 = VECTOR('',#14233,1.);
#14233 = DIRECTION('',(0.,1.,0.));
#14234 = PLANE('',#14235);
#14235 = AXIS2_PLACEMENT_3D('',#14236,#14237,#14238);
#14236 = CARTESIAN_POINT('',(97.01,-92.15,0.71));
#14237 = DIRECTION('',(-1.,0.,0.));
#14238 = DIRECTION('',(0.,1.,0.));
#14239 = ADVANCED_FACE('',(#14240),#14265,.T.);
#14240 = FACE_BOUND('',#14241,.T.);
#14241 = EDGE_LOOP('',(#14242,#14243,#14251,#14259));
#14242 = ORIENTED_EDGE('',*,*,#14221,.T.);
#14243 = ORIENTED_EDGE('',*,*,#14244,.T.);
#14244 = EDGE_CURVE('',#14214,#14245,#14247,.T.);
#14245 = VERTEX_POINT('',#14246);
#14246 = CARTESIAN_POINT('',(97.71,-90.35,0.75));
#14247 = LINE('',#14248,#14249);
#14248 = CARTESIAN_POINT('',(97.01,-90.35,0.75));
#14249 = VECTOR('',#14250,1.);
#14250 = DIRECTION('',(1.,0.,0.));
#14251 = ORIENTED_EDGE('',*,*,#14252,.F.);
#14252 = EDGE_CURVE('',#14253,#14245,#14255,.T.);
#14253 = VERTEX_POINT('',#14254);
#14254 = CARTESIAN_POINT('',(97.71,-90.35,0.71));
#14255 = LINE('',#14256,#14257);
#14256 = CARTESIAN_POINT('',(97.71,-90.35,0.71));
#14257 = VECTOR('',#14258,1.);
#14258 = DIRECTION('',(0.,0.,1.));
#14259 = ORIENTED_EDGE('',*,*,#14260,.F.);
#14260 = EDGE_CURVE('',#14222,#14253,#14261,.T.);
#14261 = LINE('',#14262,#14263);
#14262 = CARTESIAN_POINT('',(97.01,-90.35,0.71));
#14263 = VECTOR('',#14264,1.);
#14264 = DIRECTION('',(1.,0.,0.));
#14265 = PLANE('',#14266);
#14266 = AXIS2_PLACEMENT_3D('',#14267,#14268,#14269);
#14267 = CARTESIAN_POINT('',(97.01,-90.35,0.71));
#14268 = DIRECTION('',(0.,1.,0.));
#14269 = DIRECTION('',(1.,0.,0.));
#14270 = ADVANCED_FACE('',(#14271),#14296,.T.);
#14271 = FACE_BOUND('',#14272,.T.);
#14272 = EDGE_LOOP('',(#14273,#14274,#14282,#14290));
#14273 = ORIENTED_EDGE('',*,*,#14252,.T.);
#14274 = ORIENTED_EDGE('',*,*,#14275,.T.);
#14275 = EDGE_CURVE('',#14245,#14276,#14278,.T.);
#14276 = VERTEX_POINT('',#14277);
#14277 = CARTESIAN_POINT('',(97.71,-92.15,0.75));
#14278 = LINE('',#14279,#14280);
#14279 = CARTESIAN_POINT('',(97.71,-90.35,0.75));
#14280 = VECTOR('',#14281,1.);
#14281 = DIRECTION('',(0.,-1.,0.));
#14282 = ORIENTED_EDGE('',*,*,#14283,.F.);
#14283 = EDGE_CURVE('',#14284,#14276,#14286,.T.);
#14284 = VERTEX_POINT('',#14285);
#14285 = CARTESIAN_POINT('',(97.71,-92.15,0.71));
#14286 = LINE('',#14287,#14288);
#14287 = CARTESIAN_POINT('',(97.71,-92.15,0.71));
#14288 = VECTOR('',#14289,1.);
#14289 = DIRECTION('',(0.,0.,1.));
#14290 = ORIENTED_EDGE('',*,*,#14291,.F.);
#14291 = EDGE_CURVE('',#14253,#14284,#14292,.T.);
#14292 = LINE('',#14293,#14294);
#14293 = CARTESIAN_POINT('',(97.71,-90.35,0.71));
#14294 = VECTOR('',#14295,1.);
#14295 = DIRECTION('',(0.,-1.,0.));
#14296 = PLANE('',#14297);
#14297 = AXIS2_PLACEMENT_3D('',#14298,#14299,#14300);
#14298 = CARTESIAN_POINT('',(97.71,-90.35,0.71));
#14299 = DIRECTION('',(1.,0.,-0.));
#14300 = DIRECTION('',(0.,-1.,0.));
#14301 = ADVANCED_FACE('',(#14302),#14318,.T.);
#14302 = FACE_BOUND('',#14303,.T.);
#14303 = EDGE_LOOP('',(#14304,#14305,#14311,#14312));
#14304 = ORIENTED_EDGE('',*,*,#14283,.T.);
#14305 = ORIENTED_EDGE('',*,*,#14306,.T.);
#14306 = EDGE_CURVE('',#14276,#14206,#14307,.T.);
#14307 = LINE('',#14308,#14309);
#14308 = CARTESIAN_POINT('',(97.71,-92.15,0.75));
#14309 = VECTOR('',#14310,1.);
#14310 = DIRECTION('',(-1.,0.,0.));
#14311 = ORIENTED_EDGE('',*,*,#14203,.F.);
#14312 = ORIENTED_EDGE('',*,*,#14313,.F.);
#14313 = EDGE_CURVE('',#14284,#14204,#14314,.T.);
#14314 = LINE('',#14315,#14316);
#14315 = CARTESIAN_POINT('',(97.71,-92.15,0.71));
#14316 = VECTOR('',#14317,1.);
#14317 = DIRECTION('',(-1.,0.,0.));
#14318 = PLANE('',#14319);
#14319 = AXIS2_PLACEMENT_3D('',#14320,#14321,#14322);
#14320 = CARTESIAN_POINT('',(97.71,-92.15,0.71));
#14321 = DIRECTION('',(0.,-1.,0.));
#14322 = DIRECTION('',(-1.,0.,0.));
#14323 = ADVANCED_FACE('',(#14324),#14330,.F.);
#14324 = FACE_BOUND('',#14325,.T.);
#14325 = EDGE_LOOP('',(#14326,#14327,#14328,#14329));
#14326 = ORIENTED_EDGE('',*,*,#14229,.T.);
#14327 = ORIENTED_EDGE('',*,*,#14260,.T.);
#14328 = ORIENTED_EDGE('',*,*,#14291,.T.);
#14329 = ORIENTED_EDGE('',*,*,#14313,.T.);
#14330 = PLANE('',#14331);
#14331 = AXIS2_PLACEMENT_3D('',#14332,#14333,#14334);
#14332 = CARTESIAN_POINT('',(0.,0.,0.71));
#14333 = DIRECTION('',(0.,0.,1.));
#14334 = DIRECTION('',(1.,0.,-0.));
#14335 = ADVANCED_FACE('',(#14336),#14342,.T.);
#14336 = FACE_BOUND('',#14337,.F.);
#14337 = EDGE_LOOP('',(#14338,#14339,#14340,#14341));
#14338 = ORIENTED_EDGE('',*,*,#14213,.T.);
#14339 = ORIENTED_EDGE('',*,*,#14244,.T.);
#14340 = ORIENTED_EDGE('',*,*,#14275,.T.);
#14341 = ORIENTED_EDGE('',*,*,#14306,.T.);
#14342 = PLANE('',#14343);
#14343 = AXIS2_PLACEMENT_3D('',#14344,#14345,#14346);
#14344 = CARTESIAN_POINT('',(0.,0.,0.75));
#14345 = DIRECTION('',(0.,0.,1.));
#14346 = DIRECTION('',(1.,0.,-0.));
#14347 = MANIFOLD_SOLID_BREP('',#14348);
#14348 = CLOSED_SHELL('',(#14349,#14389,#14420,#14451,#14473,#14485));
#14349 = ADVANCED_FACE('',(#14350),#14384,.T.);
#14350 = FACE_BOUND('',#14351,.T.);
#14351 = EDGE_LOOP('',(#14352,#14362,#14370,#14378));
#14352 = ORIENTED_EDGE('',*,*,#14353,.T.);
#14353 = EDGE_CURVE('',#14354,#14356,#14358,.T.);
#14354 = VERTEX_POINT('',#14355);
#14355 = CARTESIAN_POINT('',(95.74,-92.15,0.71));
#14356 = VERTEX_POINT('',#14357);
#14357 = CARTESIAN_POINT('',(95.74,-92.15,0.75));
#14358 = LINE('',#14359,#14360);
#14359 = CARTESIAN_POINT('',(95.74,-92.15,0.71));
#14360 = VECTOR('',#14361,1.);
#14361 = DIRECTION('',(0.,0.,1.));
#14362 = ORIENTED_EDGE('',*,*,#14363,.T.);
#14363 = EDGE_CURVE('',#14356,#14364,#14366,.T.);
#14364 = VERTEX_POINT('',#14365);
#14365 = CARTESIAN_POINT('',(95.74,-90.35,0.75));
#14366 = LINE('',#14367,#14368);
#14367 = CARTESIAN_POINT('',(95.74,-92.15,0.75));
#14368 = VECTOR('',#14369,1.);
#14369 = DIRECTION('',(0.,1.,0.));
#14370 = ORIENTED_EDGE('',*,*,#14371,.F.);
#14371 = EDGE_CURVE('',#14372,#14364,#14374,.T.);
#14372 = VERTEX_POINT('',#14373);
#14373 = CARTESIAN_POINT('',(95.74,-90.35,0.71));
#14374 = LINE('',#14375,#14376);
#14375 = CARTESIAN_POINT('',(95.74,-90.35,0.71));
#14376 = VECTOR('',#14377,1.);
#14377 = DIRECTION('',(0.,0.,1.));
#14378 = ORIENTED_EDGE('',*,*,#14379,.F.);
#14379 = EDGE_CURVE('',#14354,#14372,#14380,.T.);
#14380 = LINE('',#14381,#14382);
#14381 = CARTESIAN_POINT('',(95.74,-92.15,0.71));
#14382 = VECTOR('',#14383,1.);
#14383 = DIRECTION('',(0.,1.,0.));
#14384 = PLANE('',#14385);
#14385 = AXIS2_PLACEMENT_3D('',#14386,#14387,#14388);
#14386 = CARTESIAN_POINT('',(95.74,-92.15,0.71));
#14387 = DIRECTION('',(-1.,0.,0.));
#14388 = DIRECTION('',(0.,1.,0.));
#14389 = ADVANCED_FACE('',(#14390),#14415,.T.);
#14390 = FACE_BOUND('',#14391,.T.);
#14391 = EDGE_LOOP('',(#14392,#14393,#14401,#14409));
#14392 = ORIENTED_EDGE('',*,*,#14371,.T.);
#14393 = ORIENTED_EDGE('',*,*,#14394,.T.);
#14394 = EDGE_CURVE('',#14364,#14395,#14397,.T.);
#14395 = VERTEX_POINT('',#14396);
#14396 = CARTESIAN_POINT('',(96.44,-90.35,0.75));
#14397 = LINE('',#14398,#14399);
#14398 = CARTESIAN_POINT('',(95.74,-90.35,0.75));
#14399 = VECTOR('',#14400,1.);
#14400 = DIRECTION('',(1.,0.,0.));
#14401 = ORIENTED_EDGE('',*,*,#14402,.F.);
#14402 = EDGE_CURVE('',#14403,#14395,#14405,.T.);
#14403 = VERTEX_POINT('',#14404);
#14404 = CARTESIAN_POINT('',(96.44,-90.35,0.71));
#14405 = LINE('',#14406,#14407);
#14406 = CARTESIAN_POINT('',(96.44,-90.35,0.71));
#14407 = VECTOR('',#14408,1.);
#14408 = DIRECTION('',(0.,0.,1.));
#14409 = ORIENTED_EDGE('',*,*,#14410,.F.);
#14410 = EDGE_CURVE('',#14372,#14403,#14411,.T.);
#14411 = LINE('',#14412,#14413);
#14412 = CARTESIAN_POINT('',(95.74,-90.35,0.71));
#14413 = VECTOR('',#14414,1.);
#14414 = DIRECTION('',(1.,0.,0.));
#14415 = PLANE('',#14416);
#14416 = AXIS2_PLACEMENT_3D('',#14417,#14418,#14419);
#14417 = CARTESIAN_POINT('',(95.74,-90.35,0.71));
#14418 = DIRECTION('',(0.,1.,0.));
#14419 = DIRECTION('',(1.,0.,0.));
#14420 = ADVANCED_FACE('',(#14421),#14446,.T.);
#14421 = FACE_BOUND('',#14422,.T.);
#14422 = EDGE_LOOP('',(#14423,#14424,#14432,#14440));
#14423 = ORIENTED_EDGE('',*,*,#14402,.T.);
#14424 = ORIENTED_EDGE('',*,*,#14425,.T.);
#14425 = EDGE_CURVE('',#14395,#14426,#14428,.T.);
#14426 = VERTEX_POINT('',#14427);
#14427 = CARTESIAN_POINT('',(96.44,-92.15,0.75));
#14428 = LINE('',#14429,#14430);
#14429 = CARTESIAN_POINT('',(96.44,-90.35,0.75));
#14430 = VECTOR('',#14431,1.);
#14431 = DIRECTION('',(0.,-1.,0.));
#14432 = ORIENTED_EDGE('',*,*,#14433,.F.);
#14433 = EDGE_CURVE('',#14434,#14426,#14436,.T.);
#14434 = VERTEX_POINT('',#14435);
#14435 = CARTESIAN_POINT('',(96.44,-92.15,0.71));
#14436 = LINE('',#14437,#14438);
#14437 = CARTESIAN_POINT('',(96.44,-92.15,0.71));
#14438 = VECTOR('',#14439,1.);
#14439 = DIRECTION('',(0.,0.,1.));
#14440 = ORIENTED_EDGE('',*,*,#14441,.F.);
#14441 = EDGE_CURVE('',#14403,#14434,#14442,.T.);
#14442 = LINE('',#14443,#14444);
#14443 = CARTESIAN_POINT('',(96.44,-90.35,0.71));
#14444 = VECTOR('',#14445,1.);
#14445 = DIRECTION('',(0.,-1.,0.));
#14446 = PLANE('',#14447);
#14447 = AXIS2_PLACEMENT_3D('',#14448,#14449,#14450);
#14448 = CARTESIAN_POINT('',(96.44,-90.35,0.71));
#14449 = DIRECTION('',(1.,0.,-0.));
#14450 = DIRECTION('',(0.,-1.,0.));
#14451 = ADVANCED_FACE('',(#14452),#14468,.T.);
#14452 = FACE_BOUND('',#14453,.T.);
#14453 = EDGE_LOOP('',(#14454,#14455,#14461,#14462));
#14454 = ORIENTED_EDGE('',*,*,#14433,.T.);
#14455 = ORIENTED_EDGE('',*,*,#14456,.T.);
#14456 = EDGE_CURVE('',#14426,#14356,#14457,.T.);
#14457 = LINE('',#14458,#14459);
#14458 = CARTESIAN_POINT('',(96.44,-92.15,0.75));
#14459 = VECTOR('',#14460,1.);
#14460 = DIRECTION('',(-1.,0.,0.));
#14461 = ORIENTED_EDGE('',*,*,#14353,.F.);
#14462 = ORIENTED_EDGE('',*,*,#14463,.F.);
#14463 = EDGE_CURVE('',#14434,#14354,#14464,.T.);
#14464 = LINE('',#14465,#14466);
#14465 = CARTESIAN_POINT('',(96.44,-92.15,0.71));
#14466 = VECTOR('',#14467,1.);
#14467 = DIRECTION('',(-1.,0.,0.));
#14468 = PLANE('',#14469);
#14469 = AXIS2_PLACEMENT_3D('',#14470,#14471,#14472);
#14470 = CARTESIAN_POINT('',(96.44,-92.15,0.71));
#14471 = DIRECTION('',(0.,-1.,0.));
#14472 = DIRECTION('',(-1.,0.,0.));
#14473 = ADVANCED_FACE('',(#14474),#14480,.F.);
#14474 = FACE_BOUND('',#14475,.T.);
#14475 = EDGE_LOOP('',(#14476,#14477,#14478,#14479));
#14476 = ORIENTED_EDGE('',*,*,#14379,.T.);
#14477 = ORIENTED_EDGE('',*,*,#14410,.T.);
#14478 = ORIENTED_EDGE('',*,*,#14441,.T.);
#14479 = ORIENTED_EDGE('',*,*,#14463,.T.);
#14480 = PLANE('',#14481);
#14481 = AXIS2_PLACEMENT_3D('',#14482,#14483,#14484);
#14482 = CARTESIAN_POINT('',(0.,0.,0.71));
#14483 = DIRECTION('',(0.,0.,1.));
#14484 = DIRECTION('',(1.,0.,-0.));
#14485 = ADVANCED_FACE('',(#14486),#14492,.T.);
#14486 = FACE_BOUND('',#14487,.F.);
#14487 = EDGE_LOOP('',(#14488,#14489,#14490,#14491));
#14488 = ORIENTED_EDGE('',*,*,#14363,.T.);
#14489 = ORIENTED_EDGE('',*,*,#14394,.T.);
#14490 = ORIENTED_EDGE('',*,*,#14425,.T.);
#14491 = ORIENTED_EDGE('',*,*,#14456,.T.);
#14492 = PLANE('',#14493);
#14493 = AXIS2_PLACEMENT_3D('',#14494,#14495,#14496);
#14494 = CARTESIAN_POINT('',(0.,0.,0.75));
#14495 = DIRECTION('',(0.,0.,1.));
#14496 = DIRECTION('',(1.,0.,-0.));
#14497 = MANIFOLD_SOLID_BREP('',#14498);
#14498 = CLOSED_SHELL('',(#14499,#14539,#14570,#14601,#14623,#14635));
#14499 = ADVANCED_FACE('',(#14500),#14534,.T.);
#14500 = FACE_BOUND('',#14501,.T.);
#14501 = EDGE_LOOP('',(#14502,#14512,#14520,#14528));
#14502 = ORIENTED_EDGE('',*,*,#14503,.T.);
#14503 = EDGE_CURVE('',#14504,#14506,#14508,.T.);
#14504 = VERTEX_POINT('',#14505);
#14505 = CARTESIAN_POINT('',(91.93,-109.65,0.71));
#14506 = VERTEX_POINT('',#14507);
#14507 = CARTESIAN_POINT('',(91.93,-109.65,0.75));
#14508 = LINE('',#14509,#14510);
#14509 = CARTESIAN_POINT('',(91.93,-109.65,0.71));
#14510 = VECTOR('',#14511,1.);
#14511 = DIRECTION('',(0.,0.,1.));
#14512 = ORIENTED_EDGE('',*,*,#14513,.T.);
#14513 = EDGE_CURVE('',#14506,#14514,#14516,.T.);
#14514 = VERTEX_POINT('',#14515);
#14515 = CARTESIAN_POINT('',(91.93,-107.85,0.75));
#14516 = LINE('',#14517,#14518);
#14517 = CARTESIAN_POINT('',(91.93,-109.65,0.75));
#14518 = VECTOR('',#14519,1.);
#14519 = DIRECTION('',(0.,1.,0.));
#14520 = ORIENTED_EDGE('',*,*,#14521,.F.);
#14521 = EDGE_CURVE('',#14522,#14514,#14524,.T.);
#14522 = VERTEX_POINT('',#14523);
#14523 = CARTESIAN_POINT('',(91.93,-107.85,0.71));
#14524 = LINE('',#14525,#14526);
#14525 = CARTESIAN_POINT('',(91.93,-107.85,0.71));
#14526 = VECTOR('',#14527,1.);
#14527 = DIRECTION('',(0.,0.,1.));
#14528 = ORIENTED_EDGE('',*,*,#14529,.F.);
#14529 = EDGE_CURVE('',#14504,#14522,#14530,.T.);
#14530 = LINE('',#14531,#14532);
#14531 = CARTESIAN_POINT('',(91.93,-109.65,0.71));
#14532 = VECTOR('',#14533,1.);
#14533 = DIRECTION('',(0.,1.,0.));
#14534 = PLANE('',#14535);
#14535 = AXIS2_PLACEMENT_3D('',#14536,#14537,#14538);
#14536 = CARTESIAN_POINT('',(91.93,-109.65,0.71));
#14537 = DIRECTION('',(-1.,0.,0.));
#14538 = DIRECTION('',(0.,1.,0.));
#14539 = ADVANCED_FACE('',(#14540),#14565,.T.);
#14540 = FACE_BOUND('',#14541,.T.);
#14541 = EDGE_LOOP('',(#14542,#14543,#14551,#14559));
#14542 = ORIENTED_EDGE('',*,*,#14521,.T.);
#14543 = ORIENTED_EDGE('',*,*,#14544,.T.);
#14544 = EDGE_CURVE('',#14514,#14545,#14547,.T.);
#14545 = VERTEX_POINT('',#14546);
#14546 = CARTESIAN_POINT('',(92.63,-107.85,0.75));
#14547 = LINE('',#14548,#14549);
#14548 = CARTESIAN_POINT('',(91.93,-107.85,0.75));
#14549 = VECTOR('',#14550,1.);
#14550 = DIRECTION('',(1.,0.,0.));
#14551 = ORIENTED_EDGE('',*,*,#14552,.F.);
#14552 = EDGE_CURVE('',#14553,#14545,#14555,.T.);
#14553 = VERTEX_POINT('',#14554);
#14554 = CARTESIAN_POINT('',(92.63,-107.85,0.71));
#14555 = LINE('',#14556,#14557);
#14556 = CARTESIAN_POINT('',(92.63,-107.85,0.71));
#14557 = VECTOR('',#14558,1.);
#14558 = DIRECTION('',(0.,0.,1.));
#14559 = ORIENTED_EDGE('',*,*,#14560,.F.);
#14560 = EDGE_CURVE('',#14522,#14553,#14561,.T.);
#14561 = LINE('',#14562,#14563);
#14562 = CARTESIAN_POINT('',(91.93,-107.85,0.71));
#14563 = VECTOR('',#14564,1.);
#14564 = DIRECTION('',(1.,0.,0.));
#14565 = PLANE('',#14566);
#14566 = AXIS2_PLACEMENT_3D('',#14567,#14568,#14569);
#14567 = CARTESIAN_POINT('',(91.93,-107.85,0.71));
#14568 = DIRECTION('',(0.,1.,0.));
#14569 = DIRECTION('',(1.,0.,0.));
#14570 = ADVANCED_FACE('',(#14571),#14596,.T.);
#14571 = FACE_BOUND('',#14572,.T.);
#14572 = EDGE_LOOP('',(#14573,#14574,#14582,#14590));
#14573 = ORIENTED_EDGE('',*,*,#14552,.T.);
#14574 = ORIENTED_EDGE('',*,*,#14575,.T.);
#14575 = EDGE_CURVE('',#14545,#14576,#14578,.T.);
#14576 = VERTEX_POINT('',#14577);
#14577 = CARTESIAN_POINT('',(92.63,-109.65,0.75));
#14578 = LINE('',#14579,#14580);
#14579 = CARTESIAN_POINT('',(92.63,-107.85,0.75));
#14580 = VECTOR('',#14581,1.);
#14581 = DIRECTION('',(0.,-1.,0.));
#14582 = ORIENTED_EDGE('',*,*,#14583,.F.);
#14583 = EDGE_CURVE('',#14584,#14576,#14586,.T.);
#14584 = VERTEX_POINT('',#14585);
#14585 = CARTESIAN_POINT('',(92.63,-109.65,0.71));
#14586 = LINE('',#14587,#14588);
#14587 = CARTESIAN_POINT('',(92.63,-109.65,0.71));
#14588 = VECTOR('',#14589,1.);
#14589 = DIRECTION('',(0.,0.,1.));
#14590 = ORIENTED_EDGE('',*,*,#14591,.F.);
#14591 = EDGE_CURVE('',#14553,#14584,#14592,.T.);
#14592 = LINE('',#14593,#14594);
#14593 = CARTESIAN_POINT('',(92.63,-107.85,0.71));
#14594 = VECTOR('',#14595,1.);
#14595 = DIRECTION('',(0.,-1.,0.));
#14596 = PLANE('',#14597);
#14597 = AXIS2_PLACEMENT_3D('',#14598,#14599,#14600);
#14598 = CARTESIAN_POINT('',(92.63,-107.85,0.71));
#14599 = DIRECTION('',(1.,0.,-0.));
#14600 = DIRECTION('',(0.,-1.,0.));
#14601 = ADVANCED_FACE('',(#14602),#14618,.T.);
#14602 = FACE_BOUND('',#14603,.T.);
#14603 = EDGE_LOOP('',(#14604,#14605,#14611,#14612));
#14604 = ORIENTED_EDGE('',*,*,#14583,.T.);
#14605 = ORIENTED_EDGE('',*,*,#14606,.T.);
#14606 = EDGE_CURVE('',#14576,#14506,#14607,.T.);
#14607 = LINE('',#14608,#14609);
#14608 = CARTESIAN_POINT('',(92.63,-109.65,0.75));
#14609 = VECTOR('',#14610,1.);
#14610 = DIRECTION('',(-1.,0.,0.));
#14611 = ORIENTED_EDGE('',*,*,#14503,.F.);
#14612 = ORIENTED_EDGE('',*,*,#14613,.F.);
#14613 = EDGE_CURVE('',#14584,#14504,#14614,.T.);
#14614 = LINE('',#14615,#14616);
#14615 = CARTESIAN_POINT('',(92.63,-109.65,0.71));
#14616 = VECTOR('',#14617,1.);
#14617 = DIRECTION('',(-1.,0.,0.));
#14618 = PLANE('',#14619);
#14619 = AXIS2_PLACEMENT_3D('',#14620,#14621,#14622);
#14620 = CARTESIAN_POINT('',(92.63,-109.65,0.71));
#14621 = DIRECTION('',(0.,-1.,0.));
#14622 = DIRECTION('',(-1.,0.,0.));
#14623 = ADVANCED_FACE('',(#14624),#14630,.F.);
#14624 = FACE_BOUND('',#14625,.T.);
#14625 = EDGE_LOOP('',(#14626,#14627,#14628,#14629));
#14626 = ORIENTED_EDGE('',*,*,#14529,.T.);
#14627 = ORIENTED_EDGE('',*,*,#14560,.T.);
#14628 = ORIENTED_EDGE('',*,*,#14591,.T.);
#14629 = ORIENTED_EDGE('',*,*,#14613,.T.);
#14630 = PLANE('',#14631);
#14631 = AXIS2_PLACEMENT_3D('',#14632,#14633,#14634);
#14632 = CARTESIAN_POINT('',(0.,0.,0.71));
#14633 = DIRECTION('',(0.,0.,1.));
#14634 = DIRECTION('',(1.,0.,-0.));
#14635 = ADVANCED_FACE('',(#14636),#14642,.T.);
#14636 = FACE_BOUND('',#14637,.F.);
#14637 = EDGE_LOOP('',(#14638,#14639,#14640,#14641));
#14638 = ORIENTED_EDGE('',*,*,#14513,.T.);
#14639 = ORIENTED_EDGE('',*,*,#14544,.T.);
#14640 = ORIENTED_EDGE('',*,*,#14575,.T.);
#14641 = ORIENTED_EDGE('',*,*,#14606,.T.);
#14642 = PLANE('',#14643);
#14643 = AXIS2_PLACEMENT_3D('',#14644,#14645,#14646);
#14644 = CARTESIAN_POINT('',(0.,0.,0.75));
#14645 = DIRECTION('',(0.,0.,1.));
#14646 = DIRECTION('',(1.,0.,-0.));
#14647 = MANIFOLD_SOLID_BREP('',#14648);
#14648 = CLOSED_SHELL('',(#14649,#14689,#14720,#14751,#14785,#14802,
    #14837,#14855));
#14649 = ADVANCED_FACE('',(#14650),#14684,.T.);
#14650 = FACE_BOUND('',#14651,.T.);
#14651 = EDGE_LOOP('',(#14652,#14662,#14670,#14678));
#14652 = ORIENTED_EDGE('',*,*,#14653,.T.);
#14653 = EDGE_CURVE('',#14654,#14656,#14658,.T.);
#14654 = VERTEX_POINT('',#14655);
#14655 = CARTESIAN_POINT('',(93.2,-109.65,0.71));
#14656 = VERTEX_POINT('',#14657);
#14657 = CARTESIAN_POINT('',(93.2,-109.65,0.75));
#14658 = LINE('',#14659,#14660);
#14659 = CARTESIAN_POINT('',(93.2,-109.65,0.71));
#14660 = VECTOR('',#14661,1.);
#14661 = DIRECTION('',(0.,0.,1.));
#14662 = ORIENTED_EDGE('',*,*,#14663,.T.);
#14663 = EDGE_CURVE('',#14656,#14664,#14666,.T.);
#14664 = VERTEX_POINT('',#14665);
#14665 = CARTESIAN_POINT('',(93.2,-107.85,0.75));
#14666 = LINE('',#14667,#14668);
#14667 = CARTESIAN_POINT('',(93.2,-109.65,0.75));
#14668 = VECTOR('',#14669,1.);
#14669 = DIRECTION('',(0.,1.,0.));
#14670 = ORIENTED_EDGE('',*,*,#14671,.F.);
#14671 = EDGE_CURVE('',#14672,#14664,#14674,.T.);
#14672 = VERTEX_POINT('',#14673);
#14673 = CARTESIAN_POINT('',(93.2,-107.85,0.71));
#14674 = LINE('',#14675,#14676);
#14675 = CARTESIAN_POINT('',(93.2,-107.85,0.71));
#14676 = VECTOR('',#14677,1.);
#14677 = DIRECTION('',(0.,0.,1.));
#14678 = ORIENTED_EDGE('',*,*,#14679,.F.);
#14679 = EDGE_CURVE('',#14654,#14672,#14680,.T.);
#14680 = LINE('',#14681,#14682);
#14681 = CARTESIAN_POINT('',(93.2,-109.65,0.71));
#14682 = VECTOR('',#14683,1.);
#14683 = DIRECTION('',(0.,1.,0.));
#14684 = PLANE('',#14685);
#14685 = AXIS2_PLACEMENT_3D('',#14686,#14687,#14688);
#14686 = CARTESIAN_POINT('',(93.2,-109.65,0.71));
#14687 = DIRECTION('',(-1.,0.,0.));
#14688 = DIRECTION('',(0.,1.,0.));
#14689 = ADVANCED_FACE('',(#14690),#14715,.T.);
#14690 = FACE_BOUND('',#14691,.T.);
#14691 = EDGE_LOOP('',(#14692,#14702,#14708,#14709));
#14692 = ORIENTED_EDGE('',*,*,#14693,.T.);
#14693 = EDGE_CURVE('',#14694,#14696,#14698,.T.);
#14694 = VERTEX_POINT('',#14695);
#14695 = CARTESIAN_POINT('',(93.9,-109.65,0.71));
#14696 = VERTEX_POINT('',#14697);
#14697 = CARTESIAN_POINT('',(93.9,-109.65,0.75));
#14698 = LINE('',#14699,#14700);
#14699 = CARTESIAN_POINT('',(93.9,-109.65,0.71));
#14700 = VECTOR('',#14701,1.);
#14701 = DIRECTION('',(0.,0.,1.));
#14702 = ORIENTED_EDGE('',*,*,#14703,.T.);
#14703 = EDGE_CURVE('',#14696,#14656,#14704,.T.);
#14704 = LINE('',#14705,#14706);
#14705 = CARTESIAN_POINT('',(93.9,-109.65,0.75));
#14706 = VECTOR('',#14707,1.);
#14707 = DIRECTION('',(-1.,0.,0.));
#14708 = ORIENTED_EDGE('',*,*,#14653,.F.);
#14709 = ORIENTED_EDGE('',*,*,#14710,.F.);
#14710 = EDGE_CURVE('',#14694,#14654,#14711,.T.);
#14711 = LINE('',#14712,#14713);
#14712 = CARTESIAN_POINT('',(93.9,-109.65,0.71));
#14713 = VECTOR('',#14714,1.);
#14714 = DIRECTION('',(-1.,0.,0.));
#14715 = PLANE('',#14716);
#14716 = AXIS2_PLACEMENT_3D('',#14717,#14718,#14719);
#14717 = CARTESIAN_POINT('',(93.9,-109.65,0.71));
#14718 = DIRECTION('',(0.,-1.,0.));
#14719 = DIRECTION('',(-1.,0.,0.));
#14720 = ADVANCED_FACE('',(#14721),#14746,.T.);
#14721 = FACE_BOUND('',#14722,.T.);
#14722 = EDGE_LOOP('',(#14723,#14724,#14732,#14740));
#14723 = ORIENTED_EDGE('',*,*,#14671,.T.);
#14724 = ORIENTED_EDGE('',*,*,#14725,.T.);
#14725 = EDGE_CURVE('',#14664,#14726,#14728,.T.);
#14726 = VERTEX_POINT('',#14727);
#14727 = CARTESIAN_POINT('',(93.9,-107.85,0.75));
#14728 = LINE('',#14729,#14730);
#14729 = CARTESIAN_POINT('',(93.2,-107.85,0.75));
#14730 = VECTOR('',#14731,1.);
#14731 = DIRECTION('',(1.,0.,0.));
#14732 = ORIENTED_EDGE('',*,*,#14733,.F.);
#14733 = EDGE_CURVE('',#14734,#14726,#14736,.T.);
#14734 = VERTEX_POINT('',#14735);
#14735 = CARTESIAN_POINT('',(93.9,-107.85,0.71));
#14736 = LINE('',#14737,#14738);
#14737 = CARTESIAN_POINT('',(93.9,-107.85,0.71));
#14738 = VECTOR('',#14739,1.);
#14739 = DIRECTION('',(0.,0.,1.));
#14740 = ORIENTED_EDGE('',*,*,#14741,.F.);
#14741 = EDGE_CURVE('',#14672,#14734,#14742,.T.);
#14742 = LINE('',#14743,#14744);
#14743 = CARTESIAN_POINT('',(93.2,-107.85,0.71));
#14744 = VECTOR('',#14745,1.);
#14745 = DIRECTION('',(1.,0.,0.));
#14746 = PLANE('',#14747);
#14747 = AXIS2_PLACEMENT_3D('',#14748,#14749,#14750);
#14748 = CARTESIAN_POINT('',(93.2,-107.85,0.71));
#14749 = DIRECTION('',(0.,1.,0.));
#14750 = DIRECTION('',(1.,0.,0.));
#14751 = ADVANCED_FACE('',(#14752),#14780,.F.);
#14752 = FACE_BOUND('',#14753,.F.);
#14753 = EDGE_LOOP('',(#14754,#14755,#14756,#14764,#14773,#14779));
#14754 = ORIENTED_EDGE('',*,*,#14679,.F.);
#14755 = ORIENTED_EDGE('',*,*,#14710,.F.);
#14756 = ORIENTED_EDGE('',*,*,#14757,.F.);
#14757 = EDGE_CURVE('',#14758,#14694,#14760,.T.);
#14758 = VERTEX_POINT('',#14759);
#14759 = CARTESIAN_POINT('',(93.9,-108.1149295757,0.71));
#14760 = LINE('',#14761,#14762);
#14761 = CARTESIAN_POINT('',(93.9,-107.85,0.71));
#14762 = VECTOR('',#14763,1.);
#14763 = DIRECTION('',(0.,-1.,0.));
#14764 = ORIENTED_EDGE('',*,*,#14765,.T.);
#14765 = EDGE_CURVE('',#14758,#14766,#14768,.T.);
#14766 = VERTEX_POINT('',#14767);
#14767 = CARTESIAN_POINT('',(93.9,-108.0971644242,0.71));
#14768 = CIRCLE('',#14769,0.125);
#14769 = AXIS2_PLACEMENT_3D('',#14770,#14771,#14772);
#14770 = CARTESIAN_POINT('',(94.024684,-108.106047,0.71));
#14771 = DIRECTION('',(-0.,0.,-1.));
#14772 = DIRECTION('',(-0.,-1.,0.));
#14773 = ORIENTED_EDGE('',*,*,#14774,.F.);
#14774 = EDGE_CURVE('',#14734,#14766,#14775,.T.);
#14775 = LINE('',#14776,#14777);
#14776 = CARTESIAN_POINT('',(93.9,-107.85,0.71));
#14777 = VECTOR('',#14778,1.);
#14778 = DIRECTION('',(0.,-1.,0.));
#14779 = ORIENTED_EDGE('',*,*,#14741,.F.);
#14780 = PLANE('',#14781);
#14781 = AXIS2_PLACEMENT_3D('',#14782,#14783,#14784);
#14782 = CARTESIAN_POINT('',(0.,0.,0.71));
#14783 = DIRECTION('',(0.,0.,1.));
#14784 = DIRECTION('',(1.,0.,-0.));
#14785 = ADVANCED_FACE('',(#14786),#14797,.T.);
#14786 = FACE_BOUND('',#14787,.F.);
#14787 = EDGE_LOOP('',(#14788,#14789,#14790,#14796));
#14788 = ORIENTED_EDGE('',*,*,#14663,.T.);
#14789 = ORIENTED_EDGE('',*,*,#14725,.T.);
#14790 = ORIENTED_EDGE('',*,*,#14791,.T.);
#14791 = EDGE_CURVE('',#14726,#14696,#14792,.T.);
#14792 = LINE('',#14793,#14794);
#14793 = CARTESIAN_POINT('',(93.9,-107.85,0.75));
#14794 = VECTOR('',#14795,1.);
#14795 = DIRECTION('',(0.,-1.,0.));
#14796 = ORIENTED_EDGE('',*,*,#14703,.T.);
#14797 = PLANE('',#14798);
#14798 = AXIS2_PLACEMENT_3D('',#14799,#14800,#14801);
#14799 = CARTESIAN_POINT('',(0.,0.,0.75));
#14800 = DIRECTION('',(0.,0.,1.));
#14801 = DIRECTION('',(1.,0.,-0.));
#14802 = ADVANCED_FACE('',(#14803),#14832,.T.);
#14803 = FACE_BOUND('',#14804,.T.);
#14804 = EDGE_LOOP('',(#14805,#14806,#14807,#14808,#14809,#14810,#14818,
    #14826));
#14805 = ORIENTED_EDGE('',*,*,#14774,.F.);
#14806 = ORIENTED_EDGE('',*,*,#14733,.T.);
#14807 = ORIENTED_EDGE('',*,*,#14791,.T.);
#14808 = ORIENTED_EDGE('',*,*,#14693,.F.);
#14809 = ORIENTED_EDGE('',*,*,#14757,.F.);
#14810 = ORIENTED_EDGE('',*,*,#14811,.F.);
#14811 = EDGE_CURVE('',#14812,#14758,#14814,.T.);
#14812 = VERTEX_POINT('',#14813);
#14813 = CARTESIAN_POINT('',(93.9,-108.1149295753,0.746));
#14814 = LINE('',#14815,#14816);
#14815 = CARTESIAN_POINT('',(93.9,-108.1149295753,-3.6E-02));
#14816 = VECTOR('',#14817,1.);
#14817 = DIRECTION('',(-0.,-0.,-1.));
#14818 = ORIENTED_EDGE('',*,*,#14819,.F.);
#14819 = EDGE_CURVE('',#14820,#14812,#14822,.T.);
#14820 = VERTEX_POINT('',#14821);
#14821 = CARTESIAN_POINT('',(93.9,-108.0971644246,0.746));
#14822 = LINE('',#14823,#14824);
#14823 = CARTESIAN_POINT('',(93.9,-108.0405235,0.746));
#14824 = VECTOR('',#14825,1.);
#14825 = DIRECTION('',(0.,-1.,0.));
#14826 = ORIENTED_EDGE('',*,*,#14827,.T.);
#14827 = EDGE_CURVE('',#14820,#14766,#14828,.T.);
#14828 = LINE('',#14829,#14830);
#14829 = CARTESIAN_POINT('',(93.9,-108.0971644246,-3.6E-02));
#14830 = VECTOR('',#14831,1.);
#14831 = DIRECTION('',(-0.,-0.,-1.));
#14832 = PLANE('',#14833);
#14833 = AXIS2_PLACEMENT_3D('',#14834,#14835,#14836);
#14834 = CARTESIAN_POINT('',(93.9,-107.85,0.71));
#14835 = DIRECTION('',(1.,0.,-0.));
#14836 = DIRECTION('',(0.,-1.,0.));
#14837 = ADVANCED_FACE('',(#14838),#14850,.F.);
#14838 = FACE_BOUND('',#14839,.T.);
#14839 = EDGE_LOOP('',(#14840,#14841,#14848,#14849));
#14840 = ORIENTED_EDGE('',*,*,#14827,.F.);
#14841 = ORIENTED_EDGE('',*,*,#14842,.T.);
#14842 = EDGE_CURVE('',#14820,#14812,#14843,.T.);
#14843 = CIRCLE('',#14844,0.125);
#14844 = AXIS2_PLACEMENT_3D('',#14845,#14846,#14847);
#14845 = CARTESIAN_POINT('',(94.024684,-108.106047,0.746));
#14846 = DIRECTION('',(0.,0.,1.));
#14847 = DIRECTION('',(-0.,-1.,0.));
#14848 = ORIENTED_EDGE('',*,*,#14811,.T.);
#14849 = ORIENTED_EDGE('',*,*,#14765,.T.);
#14850 = CYLINDRICAL_SURFACE('',#14851,0.125);
#14851 = AXIS2_PLACEMENT_3D('',#14852,#14853,#14854);
#14852 = CARTESIAN_POINT('',(94.024684,-108.106047,-3.6E-02));
#14853 = DIRECTION('',(-0.,-0.,-1.));
#14854 = DIRECTION('',(-0.,-1.,0.));
#14855 = ADVANCED_FACE('',(#14856),#14860,.F.);
#14856 = FACE_BOUND('',#14857,.F.);
#14857 = EDGE_LOOP('',(#14858,#14859));
#14858 = ORIENTED_EDGE('',*,*,#14819,.F.);
#14859 = ORIENTED_EDGE('',*,*,#14842,.T.);
#14860 = PLANE('',#14861);
#14861 = AXIS2_PLACEMENT_3D('',#14862,#14863,#14864);
#14862 = CARTESIAN_POINT('',(94.024684,-108.231047,0.746));
#14863 = DIRECTION('',(0.,0.,1.));
#14864 = DIRECTION('',(1.,0.,-0.));
#14865 = MANIFOLD_SOLID_BREP('',#14866);
#14866 = CLOSED_SHELL('',(#14867,#14907,#14938,#14969,#15012,#15029,
    #15064,#15089,#15107));
#14867 = ADVANCED_FACE('',(#14868),#14902,.T.);
#14868 = FACE_BOUND('',#14869,.T.);
#14869 = EDGE_LOOP('',(#14870,#14880,#14888,#14896));
#14870 = ORIENTED_EDGE('',*,*,#14871,.T.);
#14871 = EDGE_CURVE('',#14872,#14874,#14876,.T.);
#14872 = VERTEX_POINT('',#14873);
#14873 = CARTESIAN_POINT('',(95.74,-109.65,0.71));
#14874 = VERTEX_POINT('',#14875);
#14875 = CARTESIAN_POINT('',(95.74,-109.65,0.75));
#14876 = LINE('',#14877,#14878);
#14877 = CARTESIAN_POINT('',(95.74,-109.65,0.71));
#14878 = VECTOR('',#14879,1.);
#14879 = DIRECTION('',(0.,0.,1.));
#14880 = ORIENTED_EDGE('',*,*,#14881,.T.);
#14881 = EDGE_CURVE('',#14874,#14882,#14884,.T.);
#14882 = VERTEX_POINT('',#14883);
#14883 = CARTESIAN_POINT('',(95.74,-107.85,0.75));
#14884 = LINE('',#14885,#14886);
#14885 = CARTESIAN_POINT('',(95.74,-109.65,0.75));
#14886 = VECTOR('',#14887,1.);
#14887 = DIRECTION('',(0.,1.,0.));
#14888 = ORIENTED_EDGE('',*,*,#14889,.F.);
#14889 = EDGE_CURVE('',#14890,#14882,#14892,.T.);
#14890 = VERTEX_POINT('',#14891);
#14891 = CARTESIAN_POINT('',(95.74,-107.85,0.71));
#14892 = LINE('',#14893,#14894);
#14893 = CARTESIAN_POINT('',(95.74,-107.85,0.71));
#14894 = VECTOR('',#14895,1.);
#14895 = DIRECTION('',(0.,0.,1.));
#14896 = ORIENTED_EDGE('',*,*,#14897,.F.);
#14897 = EDGE_CURVE('',#14872,#14890,#14898,.T.);
#14898 = LINE('',#14899,#14900);
#14899 = CARTESIAN_POINT('',(95.74,-109.65,0.71));
#14900 = VECTOR('',#14901,1.);
#14901 = DIRECTION('',(0.,1.,0.));
#14902 = PLANE('',#14903);
#14903 = AXIS2_PLACEMENT_3D('',#14904,#14905,#14906);
#14904 = CARTESIAN_POINT('',(95.74,-109.65,0.71));
#14905 = DIRECTION('',(-1.,0.,0.));
#14906 = DIRECTION('',(0.,1.,0.));
#14907 = ADVANCED_FACE('',(#14908),#14933,.T.);
#14908 = FACE_BOUND('',#14909,.T.);
#14909 = EDGE_LOOP('',(#14910,#14920,#14926,#14927));
#14910 = ORIENTED_EDGE('',*,*,#14911,.T.);
#14911 = EDGE_CURVE('',#14912,#14914,#14916,.T.);
#14912 = VERTEX_POINT('',#14913);
#14913 = CARTESIAN_POINT('',(96.44,-109.65,0.71));
#14914 = VERTEX_POINT('',#14915);
#14915 = CARTESIAN_POINT('',(96.44,-109.65,0.75));
#14916 = LINE('',#14917,#14918);
#14917 = CARTESIAN_POINT('',(96.44,-109.65,0.71));
#14918 = VECTOR('',#14919,1.);
#14919 = DIRECTION('',(0.,0.,1.));
#14920 = ORIENTED_EDGE('',*,*,#14921,.T.);
#14921 = EDGE_CURVE('',#14914,#14874,#14922,.T.);
#14922 = LINE('',#14923,#14924);
#14923 = CARTESIAN_POINT('',(96.44,-109.65,0.75));
#14924 = VECTOR('',#14925,1.);
#14925 = DIRECTION('',(-1.,0.,0.));
#14926 = ORIENTED_EDGE('',*,*,#14871,.F.);
#14927 = ORIENTED_EDGE('',*,*,#14928,.F.);
#14928 = EDGE_CURVE('',#14912,#14872,#14929,.T.);
#14929 = LINE('',#14930,#14931);
#14930 = CARTESIAN_POINT('',(96.44,-109.65,0.71));
#14931 = VECTOR('',#14932,1.);
#14932 = DIRECTION('',(-1.,0.,0.));
#14933 = PLANE('',#14934);
#14934 = AXIS2_PLACEMENT_3D('',#14935,#14936,#14937);
#14935 = CARTESIAN_POINT('',(96.44,-109.65,0.71));
#14936 = DIRECTION('',(0.,-1.,0.));
#14937 = DIRECTION('',(-1.,0.,0.));
#14938 = ADVANCED_FACE('',(#14939),#14964,.T.);
#14939 = FACE_BOUND('',#14940,.T.);
#14940 = EDGE_LOOP('',(#14941,#14942,#14950,#14958));
#14941 = ORIENTED_EDGE('',*,*,#14889,.T.);
#14942 = ORIENTED_EDGE('',*,*,#14943,.T.);
#14943 = EDGE_CURVE('',#14882,#14944,#14946,.T.);
#14944 = VERTEX_POINT('',#14945);
#14945 = CARTESIAN_POINT('',(96.44,-107.85,0.75));
#14946 = LINE('',#14947,#14948);
#14947 = CARTESIAN_POINT('',(95.74,-107.85,0.75));
#14948 = VECTOR('',#14949,1.);
#14949 = DIRECTION('',(1.,0.,0.));
#14950 = ORIENTED_EDGE('',*,*,#14951,.F.);
#14951 = EDGE_CURVE('',#14952,#14944,#14954,.T.);
#14952 = VERTEX_POINT('',#14953);
#14953 = CARTESIAN_POINT('',(96.44,-107.85,0.71));
#14954 = LINE('',#14955,#14956);
#14955 = CARTESIAN_POINT('',(96.44,-107.85,0.71));
#14956 = VECTOR('',#14957,1.);
#14957 = DIRECTION('',(0.,0.,1.));
#14958 = ORIENTED_EDGE('',*,*,#14959,.F.);
#14959 = EDGE_CURVE('',#14890,#14952,#14960,.T.);
#14960 = LINE('',#14961,#14962);
#14961 = CARTESIAN_POINT('',(95.74,-107.85,0.71));
#14962 = VECTOR('',#14963,1.);
#14963 = DIRECTION('',(1.,0.,0.));
#14964 = PLANE('',#14965);
#14965 = AXIS2_PLACEMENT_3D('',#14966,#14967,#14968);
#14966 = CARTESIAN_POINT('',(95.74,-107.85,0.71));
#14967 = DIRECTION('',(0.,1.,0.));
#14968 = DIRECTION('',(1.,0.,0.));
#14969 = ADVANCED_FACE('',(#14970),#15007,.F.);
#14970 = FACE_BOUND('',#14971,.F.);
#14971 = EDGE_LOOP('',(#14972,#14973,#14974,#14982,#14991,#15000,#15006)
  );
#14972 = ORIENTED_EDGE('',*,*,#14897,.F.);
#14973 = ORIENTED_EDGE('',*,*,#14928,.F.);
#14974 = ORIENTED_EDGE('',*,*,#14975,.F.);
#14975 = EDGE_CURVE('',#14976,#14912,#14978,.T.);
#14976 = VERTEX_POINT('',#14977);
#14977 = CARTESIAN_POINT('',(96.44,-108.1423542905,0.71));
#14978 = LINE('',#14979,#14980);
#14979 = CARTESIAN_POINT('',(96.44,-107.85,0.71));
#14980 = VECTOR('',#14981,1.);
#14981 = DIRECTION('',(0.,-1.,0.));
#14982 = ORIENTED_EDGE('',*,*,#14983,.T.);
#14983 = EDGE_CURVE('',#14976,#14984,#14986,.T.);
#14984 = VERTEX_POINT('',#14985);
#14985 = CARTESIAN_POINT('',(96.416381,-108.144606,0.71));
#14986 = CIRCLE('',#14987,0.125);
#14987 = AXIS2_PLACEMENT_3D('',#14988,#14989,#14990);
#14988 = CARTESIAN_POINT('',(96.416381,-108.019606,0.71));
#14989 = DIRECTION('',(-0.,0.,-1.));
#14990 = DIRECTION('',(-0.,-1.,0.));
#14991 = ORIENTED_EDGE('',*,*,#14992,.T.);
#14992 = EDGE_CURVE('',#14984,#14993,#14995,.T.);
#14993 = VERTEX_POINT('',#14994);
#14994 = CARTESIAN_POINT('',(96.44,-107.8968577094,0.71));
#14995 = CIRCLE('',#14996,0.125);
#14996 = AXIS2_PLACEMENT_3D('',#14997,#14998,#14999);
#14997 = CARTESIAN_POINT('',(96.416381,-108.019606,0.71));
#14998 = DIRECTION('',(-0.,0.,-1.));
#14999 = DIRECTION('',(-0.,-1.,0.));
#15000 = ORIENTED_EDGE('',*,*,#15001,.F.);
#15001 = EDGE_CURVE('',#14952,#14993,#15002,.T.);
#15002 = LINE('',#15003,#15004);
#15003 = CARTESIAN_POINT('',(96.44,-107.85,0.71));
#15004 = VECTOR('',#15005,1.);
#15005 = DIRECTION('',(0.,-1.,0.));
#15006 = ORIENTED_EDGE('',*,*,#14959,.F.);
#15007 = PLANE('',#15008);
#15008 = AXIS2_PLACEMENT_3D('',#15009,#15010,#15011);
#15009 = CARTESIAN_POINT('',(0.,0.,0.71));
#15010 = DIRECTION('',(0.,0.,1.));
#15011 = DIRECTION('',(1.,0.,-0.));
#15012 = ADVANCED_FACE('',(#15013),#15024,.T.);
#15013 = FACE_BOUND('',#15014,.F.);
#15014 = EDGE_LOOP('',(#15015,#15016,#15017,#15023));
#15015 = ORIENTED_EDGE('',*,*,#14881,.T.);
#15016 = ORIENTED_EDGE('',*,*,#14943,.T.);
#15017 = ORIENTED_EDGE('',*,*,#15018,.T.);
#15018 = EDGE_CURVE('',#14944,#14914,#15019,.T.);
#15019 = LINE('',#15020,#15021);
#15020 = CARTESIAN_POINT('',(96.44,-107.85,0.75));
#15021 = VECTOR('',#15022,1.);
#15022 = DIRECTION('',(0.,-1.,0.));
#15023 = ORIENTED_EDGE('',*,*,#14921,.T.);
#15024 = PLANE('',#15025);
#15025 = AXIS2_PLACEMENT_3D('',#15026,#15027,#15028);
#15026 = CARTESIAN_POINT('',(0.,0.,0.75));
#15027 = DIRECTION('',(0.,0.,1.));
#15028 = DIRECTION('',(1.,0.,-0.));
#15029 = ADVANCED_FACE('',(#15030),#15059,.T.);
#15030 = FACE_BOUND('',#15031,.T.);
#15031 = EDGE_LOOP('',(#15032,#15033,#15034,#15035,#15036,#15037,#15045,
    #15053));
#15032 = ORIENTED_EDGE('',*,*,#15001,.F.);
#15033 = ORIENTED_EDGE('',*,*,#14951,.T.);
#15034 = ORIENTED_EDGE('',*,*,#15018,.T.);
#15035 = ORIENTED_EDGE('',*,*,#14911,.F.);
#15036 = ORIENTED_EDGE('',*,*,#14975,.F.);
#15037 = ORIENTED_EDGE('',*,*,#15038,.F.);
#15038 = EDGE_CURVE('',#15039,#14976,#15041,.T.);
#15039 = VERTEX_POINT('',#15040);
#15040 = CARTESIAN_POINT('',(96.44,-108.1423542905,0.746));
#15041 = LINE('',#15042,#15043);
#15042 = CARTESIAN_POINT('',(96.44,-108.1423542905,-3.6E-02));
#15043 = VECTOR('',#15044,1.);
#15044 = DIRECTION('',(-0.,-0.,-1.));
#15045 = ORIENTED_EDGE('',*,*,#15046,.F.);
#15046 = EDGE_CURVE('',#15047,#15039,#15049,.T.);
#15047 = VERTEX_POINT('',#15048);
#15048 = CARTESIAN_POINT('',(96.44,-107.8968577094,0.746));
#15049 = LINE('',#15050,#15051);
#15050 = CARTESIAN_POINT('',(96.44,-107.997303,0.746));
#15051 = VECTOR('',#15052,1.);
#15052 = DIRECTION('',(0.,-1.,0.));
#15053 = ORIENTED_EDGE('',*,*,#15054,.T.);
#15054 = EDGE_CURVE('',#15047,#14993,#15055,.T.);
#15055 = LINE('',#15056,#15057);
#15056 = CARTESIAN_POINT('',(96.44,-107.8968577094,-3.6E-02));
#15057 = VECTOR('',#15058,1.);
#15058 = DIRECTION('',(-0.,-0.,-1.));
#15059 = PLANE('',#15060);
#15060 = AXIS2_PLACEMENT_3D('',#15061,#15062,#15063);
#15061 = CARTESIAN_POINT('',(96.44,-107.85,0.71));
#15062 = DIRECTION('',(1.,0.,-0.));
#15063 = DIRECTION('',(0.,-1.,0.));
#15064 = ADVANCED_FACE('',(#15065),#15084,.F.);
#15065 = FACE_BOUND('',#15066,.T.);
#15066 = EDGE_LOOP('',(#15067,#15075,#15076,#15077));
#15067 = ORIENTED_EDGE('',*,*,#15068,.F.);
#15068 = EDGE_CURVE('',#14984,#15069,#15071,.T.);
#15069 = VERTEX_POINT('',#15070);
#15070 = CARTESIAN_POINT('',(96.416381,-108.144606,0.746));
#15071 = LINE('',#15072,#15073);
#15072 = CARTESIAN_POINT('',(96.416381,-108.144606,-3.6E-02));
#15073 = VECTOR('',#15074,1.);
#15074 = DIRECTION('',(0.,0.,1.));
#15075 = ORIENTED_EDGE('',*,*,#14992,.T.);
#15076 = ORIENTED_EDGE('',*,*,#15054,.F.);
#15077 = ORIENTED_EDGE('',*,*,#15078,.T.);
#15078 = EDGE_CURVE('',#15047,#15069,#15079,.T.);
#15079 = CIRCLE('',#15080,0.125);
#15080 = AXIS2_PLACEMENT_3D('',#15081,#15082,#15083);
#15081 = CARTESIAN_POINT('',(96.416381,-108.019606,0.746));
#15082 = DIRECTION('',(0.,0.,1.));
#15083 = DIRECTION('',(-0.,-1.,0.));
#15084 = CYLINDRICAL_SURFACE('',#15085,0.125);
#15085 = AXIS2_PLACEMENT_3D('',#15086,#15087,#15088);
#15086 = CARTESIAN_POINT('',(96.416381,-108.019606,-3.6E-02));
#15087 = DIRECTION('',(-0.,-0.,-1.));
#15088 = DIRECTION('',(-0.,-1.,0.));
#15089 = ADVANCED_FACE('',(#15090),#15102,.F.);
#15090 = FACE_BOUND('',#15091,.T.);
#15091 = EDGE_LOOP('',(#15092,#15093,#15094,#15101));
#15092 = ORIENTED_EDGE('',*,*,#14983,.T.);
#15093 = ORIENTED_EDGE('',*,*,#15068,.T.);
#15094 = ORIENTED_EDGE('',*,*,#15095,.T.);
#15095 = EDGE_CURVE('',#15069,#15039,#15096,.T.);
#15096 = CIRCLE('',#15097,0.125);
#15097 = AXIS2_PLACEMENT_3D('',#15098,#15099,#15100);
#15098 = CARTESIAN_POINT('',(96.416381,-108.019606,0.746));
#15099 = DIRECTION('',(0.,0.,1.));
#15100 = DIRECTION('',(-0.,-1.,0.));
#15101 = ORIENTED_EDGE('',*,*,#15038,.T.);
#15102 = CYLINDRICAL_SURFACE('',#15103,0.125);
#15103 = AXIS2_PLACEMENT_3D('',#15104,#15105,#15106);
#15104 = CARTESIAN_POINT('',(96.416381,-108.019606,-3.6E-02));
#15105 = DIRECTION('',(-0.,-0.,-1.));
#15106 = DIRECTION('',(-0.,-1.,0.));
#15107 = ADVANCED_FACE('',(#15108),#15113,.F.);
#15108 = FACE_BOUND('',#15109,.F.);
#15109 = EDGE_LOOP('',(#15110,#15111,#15112));
#15110 = ORIENTED_EDGE('',*,*,#15078,.T.);
#15111 = ORIENTED_EDGE('',*,*,#15095,.T.);
#15112 = ORIENTED_EDGE('',*,*,#15046,.F.);
#15113 = PLANE('',#15114);
#15114 = AXIS2_PLACEMENT_3D('',#15115,#15116,#15117);
#15115 = CARTESIAN_POINT('',(96.416381,-108.144606,0.746));
#15116 = DIRECTION('',(0.,0.,1.));
#15117 = DIRECTION('',(1.,0.,-0.));
#15118 = MANIFOLD_SOLID_BREP('',#15119);
#15119 = CLOSED_SHELL('',(#15120,#15160,#15191,#15254,#15288,#15305,
    #15317,#15342,#15359));
#15120 = ADVANCED_FACE('',(#15121),#15155,.T.);
#15121 = FACE_BOUND('',#15122,.T.);
#15122 = EDGE_LOOP('',(#15123,#15133,#15141,#15149));
#15123 = ORIENTED_EDGE('',*,*,#15124,.T.);
#15124 = EDGE_CURVE('',#15125,#15127,#15129,.T.);
#15125 = VERTEX_POINT('',#15126);
#15126 = CARTESIAN_POINT('',(112.25,-109.65,0.71));
#15127 = VERTEX_POINT('',#15128);
#15128 = CARTESIAN_POINT('',(112.25,-109.65,0.75));
#15129 = LINE('',#15130,#15131);
#15130 = CARTESIAN_POINT('',(112.25,-109.65,0.71));
#15131 = VECTOR('',#15132,1.);
#15132 = DIRECTION('',(0.,0.,1.));
#15133 = ORIENTED_EDGE('',*,*,#15134,.T.);
#15134 = EDGE_CURVE('',#15127,#15135,#15137,.T.);
#15135 = VERTEX_POINT('',#15136);
#15136 = CARTESIAN_POINT('',(112.25,-107.85,0.75));
#15137 = LINE('',#15138,#15139);
#15138 = CARTESIAN_POINT('',(112.25,-109.65,0.75));
#15139 = VECTOR('',#15140,1.);
#15140 = DIRECTION('',(0.,1.,0.));
#15141 = ORIENTED_EDGE('',*,*,#15142,.F.);
#15142 = EDGE_CURVE('',#15143,#15135,#15145,.T.);
#15143 = VERTEX_POINT('',#15144);
#15144 = CARTESIAN_POINT('',(112.25,-107.85,0.71));
#15145 = LINE('',#15146,#15147);
#15146 = CARTESIAN_POINT('',(112.25,-107.85,0.71));
#15147 = VECTOR('',#15148,1.);
#15148 = DIRECTION('',(0.,0.,1.));
#15149 = ORIENTED_EDGE('',*,*,#15150,.F.);
#15150 = EDGE_CURVE('',#15125,#15143,#15151,.T.);
#15151 = LINE('',#15152,#15153);
#15152 = CARTESIAN_POINT('',(112.25,-109.65,0.71));
#15153 = VECTOR('',#15154,1.);
#15154 = DIRECTION('',(0.,1.,0.));
#15155 = PLANE('',#15156);
#15156 = AXIS2_PLACEMENT_3D('',#15157,#15158,#15159);
#15157 = CARTESIAN_POINT('',(112.25,-109.65,0.71));
#15158 = DIRECTION('',(-1.,0.,0.));
#15159 = DIRECTION('',(0.,1.,0.));
#15160 = ADVANCED_FACE('',(#15161),#15186,.T.);
#15161 = FACE_BOUND('',#15162,.T.);
#15162 = EDGE_LOOP('',(#15163,#15173,#15179,#15180));
#15163 = ORIENTED_EDGE('',*,*,#15164,.T.);
#15164 = EDGE_CURVE('',#15165,#15167,#15169,.T.);
#15165 = VERTEX_POINT('',#15166);
#15166 = CARTESIAN_POINT('',(112.95,-109.65,0.71));
#15167 = VERTEX_POINT('',#15168);
#15168 = CARTESIAN_POINT('',(112.95,-109.65,0.75));
#15169 = LINE('',#15170,#15171);
#15170 = CARTESIAN_POINT('',(112.95,-109.65,0.71));
#15171 = VECTOR('',#15172,1.);
#15172 = DIRECTION('',(0.,0.,1.));
#15173 = ORIENTED_EDGE('',*,*,#15174,.T.);
#15174 = EDGE_CURVE('',#15167,#15127,#15175,.T.);
#15175 = LINE('',#15176,#15177);
#15176 = CARTESIAN_POINT('',(112.95,-109.65,0.75));
#15177 = VECTOR('',#15178,1.);
#15178 = DIRECTION('',(-1.,0.,0.));
#15179 = ORIENTED_EDGE('',*,*,#15124,.F.);
#15180 = ORIENTED_EDGE('',*,*,#15181,.F.);
#15181 = EDGE_CURVE('',#15165,#15125,#15182,.T.);
#15182 = LINE('',#15183,#15184);
#15183 = CARTESIAN_POINT('',(112.95,-109.65,0.71));
#15184 = VECTOR('',#15185,1.);
#15185 = DIRECTION('',(-1.,0.,0.));
#15186 = PLANE('',#15187);
#15187 = AXIS2_PLACEMENT_3D('',#15188,#15189,#15190);
#15188 = CARTESIAN_POINT('',(112.95,-109.65,0.71));
#15189 = DIRECTION('',(0.,-1.,0.));
#15190 = DIRECTION('',(-1.,0.,0.));
#15191 = ADVANCED_FACE('',(#15192),#15249,.T.);
#15192 = FACE_BOUND('',#15193,.T.);
#15193 = EDGE_LOOP('',(#15194,#15202,#15203,#15211,#15219,#15227,#15235,
    #15243));
#15194 = ORIENTED_EDGE('',*,*,#15195,.F.);
#15195 = EDGE_CURVE('',#15143,#15196,#15198,.T.);
#15196 = VERTEX_POINT('',#15197);
#15197 = CARTESIAN_POINT('',(112.40395148987,-107.85,0.71));
#15198 = LINE('',#15199,#15200);
#15199 = CARTESIAN_POINT('',(112.25,-107.85,0.71));
#15200 = VECTOR('',#15201,1.);
#15201 = DIRECTION('',(1.,0.,0.));
#15202 = ORIENTED_EDGE('',*,*,#15142,.T.);
#15203 = ORIENTED_EDGE('',*,*,#15204,.T.);
#15204 = EDGE_CURVE('',#15135,#15205,#15207,.T.);
#15205 = VERTEX_POINT('',#15206);
#15206 = CARTESIAN_POINT('',(112.95,-107.85,0.75));
#15207 = LINE('',#15208,#15209);
#15208 = CARTESIAN_POINT('',(112.25,-107.85,0.75));
#15209 = VECTOR('',#15210,1.);
#15210 = DIRECTION('',(1.,0.,0.));
#15211 = ORIENTED_EDGE('',*,*,#15212,.F.);
#15212 = EDGE_CURVE('',#15213,#15205,#15215,.T.);
#15213 = VERTEX_POINT('',#15214);
#15214 = CARTESIAN_POINT('',(112.95,-107.85,0.71));
#15215 = LINE('',#15216,#15217);
#15216 = CARTESIAN_POINT('',(112.95,-107.85,0.71));
#15217 = VECTOR('',#15218,1.);
#15218 = DIRECTION('',(0.,0.,1.));
#15219 = ORIENTED_EDGE('',*,*,#15220,.F.);
#15220 = EDGE_CURVE('',#15221,#15213,#15223,.T.);
#15221 = VERTEX_POINT('',#15222);
#15222 = CARTESIAN_POINT('',(112.51210251012,-107.85,0.71));
#15223 = LINE('',#15224,#15225);
#15224 = CARTESIAN_POINT('',(112.25,-107.85,0.71));
#15225 = VECTOR('',#15226,1.);
#15226 = DIRECTION('',(1.,0.,0.));
#15227 = ORIENTED_EDGE('',*,*,#15228,.F.);
#15228 = EDGE_CURVE('',#15229,#15221,#15231,.T.);
#15229 = VERTEX_POINT('',#15230);
#15230 = CARTESIAN_POINT('',(112.51210251013,-107.85,0.746));
#15231 = LINE('',#15232,#15233);
#15232 = CARTESIAN_POINT('',(112.51210251013,-107.85,-3.6E-02));
#15233 = VECTOR('',#15234,1.);
#15234 = DIRECTION('',(-0.,-0.,-1.));
#15235 = ORIENTED_EDGE('',*,*,#15236,.F.);
#15236 = EDGE_CURVE('',#15237,#15229,#15239,.T.);
#15237 = VERTEX_POINT('',#15238);
#15238 = CARTESIAN_POINT('',(112.40395148986,-107.85,0.746));
#15239 = LINE('',#15240,#15241);
#15240 = CARTESIAN_POINT('',(112.3540135,-107.85,0.746));
#15241 = VECTOR('',#15242,1.);
#15242 = DIRECTION('',(1.,0.,0.));
#15243 = ORIENTED_EDGE('',*,*,#15244,.T.);
#15244 = EDGE_CURVE('',#15237,#15196,#15245,.T.);
#15245 = LINE('',#15246,#15247);
#15246 = CARTESIAN_POINT('',(112.40395148986,-107.85,-3.6E-02));
#15247 = VECTOR('',#15248,1.);
#15248 = DIRECTION('',(-0.,-0.,-1.));
#15249 = PLANE('',#15250);
#15250 = AXIS2_PLACEMENT_3D('',#15251,#15252,#15253);
#15251 = CARTESIAN_POINT('',(112.25,-107.85,0.71));
#15252 = DIRECTION('',(0.,1.,0.));
#15253 = DIRECTION('',(1.,0.,0.));
#15254 = ADVANCED_FACE('',(#15255),#15283,.F.);
#15255 = FACE_BOUND('',#15256,.F.);
#15256 = EDGE_LOOP('',(#15257,#15258,#15259,#15265,#15266,#15275,#15282)
  );
#15257 = ORIENTED_EDGE('',*,*,#15150,.F.);
#15258 = ORIENTED_EDGE('',*,*,#15181,.F.);
#15259 = ORIENTED_EDGE('',*,*,#15260,.F.);
#15260 = EDGE_CURVE('',#15213,#15165,#15261,.T.);
#15261 = LINE('',#15262,#15263);
#15262 = CARTESIAN_POINT('',(112.95,-107.85,0.71));
#15263 = VECTOR('',#15264,1.);
#15264 = DIRECTION('',(0.,-1.,0.));
#15265 = ORIENTED_EDGE('',*,*,#15220,.F.);
#15266 = ORIENTED_EDGE('',*,*,#15267,.T.);
#15267 = EDGE_CURVE('',#15221,#15268,#15270,.T.);
#15268 = VERTEX_POINT('',#15269);
#15269 = CARTESIAN_POINT('',(112.458027,-108.087698,0.71));
#15270 = CIRCLE('',#15271,0.125);
#15271 = AXIS2_PLACEMENT_3D('',#15272,#15273,#15274);
#15272 = CARTESIAN_POINT('',(112.458027,-107.962698,0.71));
#15273 = DIRECTION('',(-0.,0.,-1.));
#15274 = DIRECTION('',(-0.,-1.,0.));
#15275 = ORIENTED_EDGE('',*,*,#15276,.T.);
#15276 = EDGE_CURVE('',#15268,#15196,#15277,.T.);
#15277 = CIRCLE('',#15278,0.125);
#15278 = AXIS2_PLACEMENT_3D('',#15279,#15280,#15281);
#15279 = CARTESIAN_POINT('',(112.458027,-107.962698,0.71));
#15280 = DIRECTION('',(-0.,0.,-1.));
#15281 = DIRECTION('',(-0.,-1.,0.));
#15282 = ORIENTED_EDGE('',*,*,#15195,.F.);
#15283 = PLANE('',#15284);
#15284 = AXIS2_PLACEMENT_3D('',#15285,#15286,#15287);
#15285 = CARTESIAN_POINT('',(0.,0.,0.71));
#15286 = DIRECTION('',(0.,0.,1.));
#15287 = DIRECTION('',(1.,0.,-0.));
#15288 = ADVANCED_FACE('',(#15289),#15300,.T.);
#15289 = FACE_BOUND('',#15290,.F.);
#15290 = EDGE_LOOP('',(#15291,#15292,#15293,#15299));
#15291 = ORIENTED_EDGE('',*,*,#15134,.T.);
#15292 = ORIENTED_EDGE('',*,*,#15204,.T.);
#15293 = ORIENTED_EDGE('',*,*,#15294,.T.);
#15294 = EDGE_CURVE('',#15205,#15167,#15295,.T.);
#15295 = LINE('',#15296,#15297);
#15296 = CARTESIAN_POINT('',(112.95,-107.85,0.75));
#15297 = VECTOR('',#15298,1.);
#15298 = DIRECTION('',(0.,-1.,0.));
#15299 = ORIENTED_EDGE('',*,*,#15174,.T.);
#15300 = PLANE('',#15301);
#15301 = AXIS2_PLACEMENT_3D('',#15302,#15303,#15304);
#15302 = CARTESIAN_POINT('',(0.,0.,0.75));
#15303 = DIRECTION('',(0.,0.,1.));
#15304 = DIRECTION('',(1.,0.,-0.));
#15305 = ADVANCED_FACE('',(#15306),#15312,.T.);
#15306 = FACE_BOUND('',#15307,.T.);
#15307 = EDGE_LOOP('',(#15308,#15309,#15310,#15311));
#15308 = ORIENTED_EDGE('',*,*,#15212,.T.);
#15309 = ORIENTED_EDGE('',*,*,#15294,.T.);
#15310 = ORIENTED_EDGE('',*,*,#15164,.F.);
#15311 = ORIENTED_EDGE('',*,*,#15260,.F.);
#15312 = PLANE('',#15313);
#15313 = AXIS2_PLACEMENT_3D('',#15314,#15315,#15316);
#15314 = CARTESIAN_POINT('',(112.95,-107.85,0.71));
#15315 = DIRECTION('',(1.,0.,-0.));
#15316 = DIRECTION('',(0.,-1.,0.));
#15317 = ADVANCED_FACE('',(#15318),#15337,.F.);
#15318 = FACE_BOUND('',#15319,.T.);
#15319 = EDGE_LOOP('',(#15320,#15328,#15329,#15330));
#15320 = ORIENTED_EDGE('',*,*,#15321,.F.);
#15321 = EDGE_CURVE('',#15268,#15322,#15324,.T.);
#15322 = VERTEX_POINT('',#15323);
#15323 = CARTESIAN_POINT('',(112.458027,-108.087698,0.746));
#15324 = LINE('',#15325,#15326);
#15325 = CARTESIAN_POINT('',(112.458027,-108.087698,-3.6E-02));
#15326 = VECTOR('',#15327,1.);
#15327 = DIRECTION('',(0.,0.,1.));
#15328 = ORIENTED_EDGE('',*,*,#15276,.T.);
#15329 = ORIENTED_EDGE('',*,*,#15244,.F.);
#15330 = ORIENTED_EDGE('',*,*,#15331,.T.);
#15331 = EDGE_CURVE('',#15237,#15322,#15332,.T.);
#15332 = CIRCLE('',#15333,0.125);
#15333 = AXIS2_PLACEMENT_3D('',#15334,#15335,#15336);
#15334 = CARTESIAN_POINT('',(112.458027,-107.962698,0.746));
#15335 = DIRECTION('',(0.,0.,1.));
#15336 = DIRECTION('',(-0.,-1.,0.));
#15337 = CYLINDRICAL_SURFACE('',#15338,0.125);
#15338 = AXIS2_PLACEMENT_3D('',#15339,#15340,#15341);
#15339 = CARTESIAN_POINT('',(112.458027,-107.962698,-3.6E-02));
#15340 = DIRECTION('',(-0.,-0.,-1.));
#15341 = DIRECTION('',(-0.,-1.,0.));
#15342 = ADVANCED_FACE('',(#15343),#15354,.F.);
#15343 = FACE_BOUND('',#15344,.F.);
#15344 = EDGE_LOOP('',(#15345,#15346,#15353));
#15345 = ORIENTED_EDGE('',*,*,#15331,.T.);
#15346 = ORIENTED_EDGE('',*,*,#15347,.T.);
#15347 = EDGE_CURVE('',#15322,#15229,#15348,.T.);
#15348 = CIRCLE('',#15349,0.125);
#15349 = AXIS2_PLACEMENT_3D('',#15350,#15351,#15352);
#15350 = CARTESIAN_POINT('',(112.458027,-107.962698,0.746));
#15351 = DIRECTION('',(0.,0.,1.));
#15352 = DIRECTION('',(-0.,-1.,0.));
#15353 = ORIENTED_EDGE('',*,*,#15236,.F.);
#15354 = PLANE('',#15355);
#15355 = AXIS2_PLACEMENT_3D('',#15356,#15357,#15358);
#15356 = CARTESIAN_POINT('',(112.458027,-108.087698,0.746));
#15357 = DIRECTION('',(0.,0.,1.));
#15358 = DIRECTION('',(1.,0.,-0.));
#15359 = ADVANCED_FACE('',(#15360),#15366,.F.);
#15360 = FACE_BOUND('',#15361,.T.);
#15361 = EDGE_LOOP('',(#15362,#15363,#15364,#15365));
#15362 = ORIENTED_EDGE('',*,*,#15267,.T.);
#15363 = ORIENTED_EDGE('',*,*,#15321,.T.);
#15364 = ORIENTED_EDGE('',*,*,#15347,.T.);
#15365 = ORIENTED_EDGE('',*,*,#15228,.T.);
#15366 = CYLINDRICAL_SURFACE('',#15367,0.125);
#15367 = AXIS2_PLACEMENT_3D('',#15368,#15369,#15370);
#15368 = CARTESIAN_POINT('',(112.458027,-107.962698,-3.6E-02));
#15369 = DIRECTION('',(-0.,-0.,-1.));
#15370 = DIRECTION('',(-0.,-1.,0.));
#15371 = MANIFOLD_SOLID_BREP('',#15372);
#15372 = CLOSED_SHELL('',(#15373,#15413,#15444,#15475,#15509,#15526,
    #15561,#15579));
#15373 = ADVANCED_FACE('',(#15374),#15408,.T.);
#15374 = FACE_BOUND('',#15375,.T.);
#15375 = EDGE_LOOP('',(#15376,#15386,#15394,#15402));
#15376 = ORIENTED_EDGE('',*,*,#15377,.T.);
#15377 = EDGE_CURVE('',#15378,#15380,#15382,.T.);
#15378 = VERTEX_POINT('',#15379);
#15379 = CARTESIAN_POINT('',(93.2,-92.15,0.71));
#15380 = VERTEX_POINT('',#15381);
#15381 = CARTESIAN_POINT('',(93.2,-92.15,0.75));
#15382 = LINE('',#15383,#15384);
#15383 = CARTESIAN_POINT('',(93.2,-92.15,0.71));
#15384 = VECTOR('',#15385,1.);
#15385 = DIRECTION('',(0.,0.,1.));
#15386 = ORIENTED_EDGE('',*,*,#15387,.T.);
#15387 = EDGE_CURVE('',#15380,#15388,#15390,.T.);
#15388 = VERTEX_POINT('',#15389);
#15389 = CARTESIAN_POINT('',(93.2,-90.35,0.75));
#15390 = LINE('',#15391,#15392);
#15391 = CARTESIAN_POINT('',(93.2,-92.15,0.75));
#15392 = VECTOR('',#15393,1.);
#15393 = DIRECTION('',(0.,1.,0.));
#15394 = ORIENTED_EDGE('',*,*,#15395,.F.);
#15395 = EDGE_CURVE('',#15396,#15388,#15398,.T.);
#15396 = VERTEX_POINT('',#15397);
#15397 = CARTESIAN_POINT('',(93.2,-90.35,0.71));
#15398 = LINE('',#15399,#15400);
#15399 = CARTESIAN_POINT('',(93.2,-90.35,0.71));
#15400 = VECTOR('',#15401,1.);
#15401 = DIRECTION('',(0.,0.,1.));
#15402 = ORIENTED_EDGE('',*,*,#15403,.F.);
#15403 = EDGE_CURVE('',#15378,#15396,#15404,.T.);
#15404 = LINE('',#15405,#15406);
#15405 = CARTESIAN_POINT('',(93.2,-92.15,0.71));
#15406 = VECTOR('',#15407,1.);
#15407 = DIRECTION('',(0.,1.,0.));
#15408 = PLANE('',#15409);
#15409 = AXIS2_PLACEMENT_3D('',#15410,#15411,#15412);
#15410 = CARTESIAN_POINT('',(93.2,-92.15,0.71));
#15411 = DIRECTION('',(-1.,0.,0.));
#15412 = DIRECTION('',(0.,1.,0.));
#15413 = ADVANCED_FACE('',(#15414),#15439,.T.);
#15414 = FACE_BOUND('',#15415,.T.);
#15415 = EDGE_LOOP('',(#15416,#15426,#15432,#15433));
#15416 = ORIENTED_EDGE('',*,*,#15417,.T.);
#15417 = EDGE_CURVE('',#15418,#15420,#15422,.T.);
#15418 = VERTEX_POINT('',#15419);
#15419 = CARTESIAN_POINT('',(93.9,-92.15,0.71));
#15420 = VERTEX_POINT('',#15421);
#15421 = CARTESIAN_POINT('',(93.9,-92.15,0.75));
#15422 = LINE('',#15423,#15424);
#15423 = CARTESIAN_POINT('',(93.9,-92.15,0.71));
#15424 = VECTOR('',#15425,1.);
#15425 = DIRECTION('',(0.,0.,1.));
#15426 = ORIENTED_EDGE('',*,*,#15427,.T.);
#15427 = EDGE_CURVE('',#15420,#15380,#15428,.T.);
#15428 = LINE('',#15429,#15430);
#15429 = CARTESIAN_POINT('',(93.9,-92.15,0.75));
#15430 = VECTOR('',#15431,1.);
#15431 = DIRECTION('',(-1.,0.,0.));
#15432 = ORIENTED_EDGE('',*,*,#15377,.F.);
#15433 = ORIENTED_EDGE('',*,*,#15434,.F.);
#15434 = EDGE_CURVE('',#15418,#15378,#15435,.T.);
#15435 = LINE('',#15436,#15437);
#15436 = CARTESIAN_POINT('',(93.9,-92.15,0.71));
#15437 = VECTOR('',#15438,1.);
#15438 = DIRECTION('',(-1.,0.,0.));
#15439 = PLANE('',#15440);
#15440 = AXIS2_PLACEMENT_3D('',#15441,#15442,#15443);
#15441 = CARTESIAN_POINT('',(93.9,-92.15,0.71));
#15442 = DIRECTION('',(0.,-1.,0.));
#15443 = DIRECTION('',(-1.,0.,0.));
#15444 = ADVANCED_FACE('',(#15445),#15470,.T.);
#15445 = FACE_BOUND('',#15446,.T.);
#15446 = EDGE_LOOP('',(#15447,#15448,#15456,#15464));
#15447 = ORIENTED_EDGE('',*,*,#15395,.T.);
#15448 = ORIENTED_EDGE('',*,*,#15449,.T.);
#15449 = EDGE_CURVE('',#15388,#15450,#15452,.T.);
#15450 = VERTEX_POINT('',#15451);
#15451 = CARTESIAN_POINT('',(93.9,-90.35,0.75));
#15452 = LINE('',#15453,#15454);
#15453 = CARTESIAN_POINT('',(93.2,-90.35,0.75));
#15454 = VECTOR('',#15455,1.);
#15455 = DIRECTION('',(1.,0.,0.));
#15456 = ORIENTED_EDGE('',*,*,#15457,.F.);
#15457 = EDGE_CURVE('',#15458,#15450,#15460,.T.);
#15458 = VERTEX_POINT('',#15459);
#15459 = CARTESIAN_POINT('',(93.9,-90.35,0.71));
#15460 = LINE('',#15461,#15462);
#15461 = CARTESIAN_POINT('',(93.9,-90.35,0.71));
#15462 = VECTOR('',#15463,1.);
#15463 = DIRECTION('',(0.,0.,1.));
#15464 = ORIENTED_EDGE('',*,*,#15465,.F.);
#15465 = EDGE_CURVE('',#15396,#15458,#15466,.T.);
#15466 = LINE('',#15467,#15468);
#15467 = CARTESIAN_POINT('',(93.2,-90.35,0.71));
#15468 = VECTOR('',#15469,1.);
#15469 = DIRECTION('',(1.,0.,0.));
#15470 = PLANE('',#15471);
#15471 = AXIS2_PLACEMENT_3D('',#15472,#15473,#15474);
#15472 = CARTESIAN_POINT('',(93.2,-90.35,0.71));
#15473 = DIRECTION('',(0.,1.,0.));
#15474 = DIRECTION('',(1.,0.,0.));
#15475 = ADVANCED_FACE('',(#15476),#15504,.F.);
#15476 = FACE_BOUND('',#15477,.F.);
#15477 = EDGE_LOOP('',(#15478,#15479,#15480,#15488,#15497,#15503));
#15478 = ORIENTED_EDGE('',*,*,#15403,.F.);
#15479 = ORIENTED_EDGE('',*,*,#15434,.F.);
#15480 = ORIENTED_EDGE('',*,*,#15481,.F.);
#15481 = EDGE_CURVE('',#15482,#15418,#15484,.T.);
#15482 = VERTEX_POINT('',#15483);
#15483 = CARTESIAN_POINT('',(93.9,-91.90283457539,0.71));
#15484 = LINE('',#15485,#15486);
#15485 = CARTESIAN_POINT('',(93.9,-90.35,0.71));
#15486 = VECTOR('',#15487,1.);
#15487 = DIRECTION('',(0.,-1.,0.));
#15488 = ORIENTED_EDGE('',*,*,#15489,.T.);
#15489 = EDGE_CURVE('',#15482,#15490,#15492,.T.);
#15490 = VERTEX_POINT('',#15491);
#15491 = CARTESIAN_POINT('',(93.9,-91.8850694246,0.71));
#15492 = CIRCLE('',#15493,0.125);
#15493 = AXIS2_PLACEMENT_3D('',#15494,#15495,#15496);
#15494 = CARTESIAN_POINT('',(94.024684,-91.893952,0.71));
#15495 = DIRECTION('',(-0.,0.,-1.));
#15496 = DIRECTION('',(-0.,-1.,0.));
#15497 = ORIENTED_EDGE('',*,*,#15498,.F.);
#15498 = EDGE_CURVE('',#15458,#15490,#15499,.T.);
#15499 = LINE('',#15500,#15501);
#15500 = CARTESIAN_POINT('',(93.9,-90.35,0.71));
#15501 = VECTOR('',#15502,1.);
#15502 = DIRECTION('',(0.,-1.,0.));
#15503 = ORIENTED_EDGE('',*,*,#15465,.F.);
#15504 = PLANE('',#15505);
#15505 = AXIS2_PLACEMENT_3D('',#15506,#15507,#15508);
#15506 = CARTESIAN_POINT('',(0.,0.,0.71));
#15507 = DIRECTION('',(0.,0.,1.));
#15508 = DIRECTION('',(1.,0.,-0.));
#15509 = ADVANCED_FACE('',(#15510),#15521,.T.);
#15510 = FACE_BOUND('',#15511,.F.);
#15511 = EDGE_LOOP('',(#15512,#15513,#15514,#15520));
#15512 = ORIENTED_EDGE('',*,*,#15387,.T.);
#15513 = ORIENTED_EDGE('',*,*,#15449,.T.);
#15514 = ORIENTED_EDGE('',*,*,#15515,.T.);
#15515 = EDGE_CURVE('',#15450,#15420,#15516,.T.);
#15516 = LINE('',#15517,#15518);
#15517 = CARTESIAN_POINT('',(93.9,-90.35,0.75));
#15518 = VECTOR('',#15519,1.);
#15519 = DIRECTION('',(0.,-1.,0.));
#15520 = ORIENTED_EDGE('',*,*,#15427,.T.);
#15521 = PLANE('',#15522);
#15522 = AXIS2_PLACEMENT_3D('',#15523,#15524,#15525);
#15523 = CARTESIAN_POINT('',(0.,0.,0.75));
#15524 = DIRECTION('',(0.,0.,1.));
#15525 = DIRECTION('',(1.,0.,-0.));
#15526 = ADVANCED_FACE('',(#15527),#15556,.T.);
#15527 = FACE_BOUND('',#15528,.T.);
#15528 = EDGE_LOOP('',(#15529,#15530,#15531,#15532,#15533,#15534,#15542,
    #15550));
#15529 = ORIENTED_EDGE('',*,*,#15498,.F.);
#15530 = ORIENTED_EDGE('',*,*,#15457,.T.);
#15531 = ORIENTED_EDGE('',*,*,#15515,.T.);
#15532 = ORIENTED_EDGE('',*,*,#15417,.F.);
#15533 = ORIENTED_EDGE('',*,*,#15481,.F.);
#15534 = ORIENTED_EDGE('',*,*,#15535,.F.);
#15535 = EDGE_CURVE('',#15536,#15482,#15538,.T.);
#15536 = VERTEX_POINT('',#15537);
#15537 = CARTESIAN_POINT('',(93.9,-91.9028345753,0.746));
#15538 = LINE('',#15539,#15540);
#15539 = CARTESIAN_POINT('',(93.9,-91.9028345753,-3.6E-02));
#15540 = VECTOR('',#15541,1.);
#15541 = DIRECTION('',(-0.,-0.,-1.));
#15542 = ORIENTED_EDGE('',*,*,#15543,.F.);
#15543 = EDGE_CURVE('',#15544,#15536,#15546,.T.);
#15544 = VERTEX_POINT('',#15545);
#15545 = CARTESIAN_POINT('',(93.9,-91.88506942469,0.746));
#15546 = LINE('',#15547,#15548);
#15547 = CARTESIAN_POINT('',(93.9,-91.184476,0.746));
#15548 = VECTOR('',#15549,1.);
#15549 = DIRECTION('',(0.,-1.,0.));
#15550 = ORIENTED_EDGE('',*,*,#15551,.T.);
#15551 = EDGE_CURVE('',#15544,#15490,#15552,.T.);
#15552 = LINE('',#15553,#15554);
#15553 = CARTESIAN_POINT('',(93.9,-91.88506942469,-3.6E-02));
#15554 = VECTOR('',#15555,1.);
#15555 = DIRECTION('',(-0.,-0.,-1.));
#15556 = PLANE('',#15557);
#15557 = AXIS2_PLACEMENT_3D('',#15558,#15559,#15560);
#15558 = CARTESIAN_POINT('',(93.9,-90.35,0.71));
#15559 = DIRECTION('',(1.,0.,-0.));
#15560 = DIRECTION('',(0.,-1.,0.));
#15561 = ADVANCED_FACE('',(#15562),#15574,.F.);
#15562 = FACE_BOUND('',#15563,.T.);
#15563 = EDGE_LOOP('',(#15564,#15565,#15572,#15573));
#15564 = ORIENTED_EDGE('',*,*,#15551,.F.);
#15565 = ORIENTED_EDGE('',*,*,#15566,.T.);
#15566 = EDGE_CURVE('',#15544,#15536,#15567,.T.);
#15567 = CIRCLE('',#15568,0.125);
#15568 = AXIS2_PLACEMENT_3D('',#15569,#15570,#15571);
#15569 = CARTESIAN_POINT('',(94.024684,-91.893952,0.746));
#15570 = DIRECTION('',(0.,0.,1.));
#15571 = DIRECTION('',(-0.,-1.,0.));
#15572 = ORIENTED_EDGE('',*,*,#15535,.T.);
#15573 = ORIENTED_EDGE('',*,*,#15489,.T.);
#15574 = CYLINDRICAL_SURFACE('',#15575,0.125);
#15575 = AXIS2_PLACEMENT_3D('',#15576,#15577,#15578);
#15576 = CARTESIAN_POINT('',(94.024684,-91.893952,-3.6E-02));
#15577 = DIRECTION('',(-0.,-0.,-1.));
#15578 = DIRECTION('',(-0.,-1.,0.));
#15579 = ADVANCED_FACE('',(#15580),#15584,.F.);
#15580 = FACE_BOUND('',#15581,.F.);
#15581 = EDGE_LOOP('',(#15582,#15583));
#15582 = ORIENTED_EDGE('',*,*,#15543,.F.);
#15583 = ORIENTED_EDGE('',*,*,#15566,.T.);
#15584 = PLANE('',#15585);
#15585 = AXIS2_PLACEMENT_3D('',#15586,#15587,#15588);
#15586 = CARTESIAN_POINT('',(94.024684,-92.018952,0.746));
#15587 = DIRECTION('',(0.,0.,1.));
#15588 = DIRECTION('',(1.,0.,-0.));
#15589 = MANIFOLD_SOLID_BREP('',#15590);
#15590 = CLOSED_SHELL('',(#15591,#15631,#15662,#15693,#15715,#15727));
#15591 = ADVANCED_FACE('',(#15592),#15626,.T.);
#15592 = FACE_BOUND('',#15593,.T.);
#15593 = EDGE_LOOP('',(#15594,#15604,#15612,#15620));
#15594 = ORIENTED_EDGE('',*,*,#15595,.T.);
#15595 = EDGE_CURVE('',#15596,#15598,#15600,.T.);
#15596 = VERTEX_POINT('',#15597);
#15597 = CARTESIAN_POINT('',(91.93,-92.15,0.71));
#15598 = VERTEX_POINT('',#15599);
#15599 = CARTESIAN_POINT('',(91.93,-92.15,0.75));
#15600 = LINE('',#15601,#15602);
#15601 = CARTESIAN_POINT('',(91.93,-92.15,0.71));
#15602 = VECTOR('',#15603,1.);
#15603 = DIRECTION('',(0.,0.,1.));
#15604 = ORIENTED_EDGE('',*,*,#15605,.T.);
#15605 = EDGE_CURVE('',#15598,#15606,#15608,.T.);
#15606 = VERTEX_POINT('',#15607);
#15607 = CARTESIAN_POINT('',(91.93,-90.35,0.75));
#15608 = LINE('',#15609,#15610);
#15609 = CARTESIAN_POINT('',(91.93,-92.15,0.75));
#15610 = VECTOR('',#15611,1.);
#15611 = DIRECTION('',(0.,1.,0.));
#15612 = ORIENTED_EDGE('',*,*,#15613,.F.);
#15613 = EDGE_CURVE('',#15614,#15606,#15616,.T.);
#15614 = VERTEX_POINT('',#15615);
#15615 = CARTESIAN_POINT('',(91.93,-90.35,0.71));
#15616 = LINE('',#15617,#15618);
#15617 = CARTESIAN_POINT('',(91.93,-90.35,0.71));
#15618 = VECTOR('',#15619,1.);
#15619 = DIRECTION('',(0.,0.,1.));
#15620 = ORIENTED_EDGE('',*,*,#15621,.F.);
#15621 = EDGE_CURVE('',#15596,#15614,#15622,.T.);
#15622 = LINE('',#15623,#15624);
#15623 = CARTESIAN_POINT('',(91.93,-92.15,0.71));
#15624 = VECTOR('',#15625,1.);
#15625 = DIRECTION('',(0.,1.,0.));
#15626 = PLANE('',#15627);
#15627 = AXIS2_PLACEMENT_3D('',#15628,#15629,#15630);
#15628 = CARTESIAN_POINT('',(91.93,-92.15,0.71));
#15629 = DIRECTION('',(-1.,0.,0.));
#15630 = DIRECTION('',(0.,1.,0.));
#15631 = ADVANCED_FACE('',(#15632),#15657,.T.);
#15632 = FACE_BOUND('',#15633,.T.);
#15633 = EDGE_LOOP('',(#15634,#15635,#15643,#15651));
#15634 = ORIENTED_EDGE('',*,*,#15613,.T.);
#15635 = ORIENTED_EDGE('',*,*,#15636,.T.);
#15636 = EDGE_CURVE('',#15606,#15637,#15639,.T.);
#15637 = VERTEX_POINT('',#15638);
#15638 = CARTESIAN_POINT('',(92.63,-90.35,0.75));
#15639 = LINE('',#15640,#15641);
#15640 = CARTESIAN_POINT('',(91.93,-90.35,0.75));
#15641 = VECTOR('',#15642,1.);
#15642 = DIRECTION('',(1.,0.,0.));
#15643 = ORIENTED_EDGE('',*,*,#15644,.F.);
#15644 = EDGE_CURVE('',#15645,#15637,#15647,.T.);
#15645 = VERTEX_POINT('',#15646);
#15646 = CARTESIAN_POINT('',(92.63,-90.35,0.71));
#15647 = LINE('',#15648,#15649);
#15648 = CARTESIAN_POINT('',(92.63,-90.35,0.71));
#15649 = VECTOR('',#15650,1.);
#15650 = DIRECTION('',(0.,0.,1.));
#15651 = ORIENTED_EDGE('',*,*,#15652,.F.);
#15652 = EDGE_CURVE('',#15614,#15645,#15653,.T.);
#15653 = LINE('',#15654,#15655);
#15654 = CARTESIAN_POINT('',(91.93,-90.35,0.71));
#15655 = VECTOR('',#15656,1.);
#15656 = DIRECTION('',(1.,0.,0.));
#15657 = PLANE('',#15658);
#15658 = AXIS2_PLACEMENT_3D('',#15659,#15660,#15661);
#15659 = CARTESIAN_POINT('',(91.93,-90.35,0.71));
#15660 = DIRECTION('',(0.,1.,0.));
#15661 = DIRECTION('',(1.,0.,0.));
#15662 = ADVANCED_FACE('',(#15663),#15688,.T.);
#15663 = FACE_BOUND('',#15664,.T.);
#15664 = EDGE_LOOP('',(#15665,#15666,#15674,#15682));
#15665 = ORIENTED_EDGE('',*,*,#15644,.T.);
#15666 = ORIENTED_EDGE('',*,*,#15667,.T.);
#15667 = EDGE_CURVE('',#15637,#15668,#15670,.T.);
#15668 = VERTEX_POINT('',#15669);
#15669 = CARTESIAN_POINT('',(92.63,-92.15,0.75));
#15670 = LINE('',#15671,#15672);
#15671 = CARTESIAN_POINT('',(92.63,-90.35,0.75));
#15672 = VECTOR('',#15673,1.);
#15673 = DIRECTION('',(0.,-1.,0.));
#15674 = ORIENTED_EDGE('',*,*,#15675,.F.);
#15675 = EDGE_CURVE('',#15676,#15668,#15678,.T.);
#15676 = VERTEX_POINT('',#15677);
#15677 = CARTESIAN_POINT('',(92.63,-92.15,0.71));
#15678 = LINE('',#15679,#15680);
#15679 = CARTESIAN_POINT('',(92.63,-92.15,0.71));
#15680 = VECTOR('',#15681,1.);
#15681 = DIRECTION('',(0.,0.,1.));
#15682 = ORIENTED_EDGE('',*,*,#15683,.F.);
#15683 = EDGE_CURVE('',#15645,#15676,#15684,.T.);
#15684 = LINE('',#15685,#15686);
#15685 = CARTESIAN_POINT('',(92.63,-90.35,0.71));
#15686 = VECTOR('',#15687,1.);
#15687 = DIRECTION('',(0.,-1.,0.));
#15688 = PLANE('',#15689);
#15689 = AXIS2_PLACEMENT_3D('',#15690,#15691,#15692);
#15690 = CARTESIAN_POINT('',(92.63,-90.35,0.71));
#15691 = DIRECTION('',(1.,0.,-0.));
#15692 = DIRECTION('',(0.,-1.,0.));
#15693 = ADVANCED_FACE('',(#15694),#15710,.T.);
#15694 = FACE_BOUND('',#15695,.T.);
#15695 = EDGE_LOOP('',(#15696,#15697,#15703,#15704));
#15696 = ORIENTED_EDGE('',*,*,#15675,.T.);
#15697 = ORIENTED_EDGE('',*,*,#15698,.T.);
#15698 = EDGE_CURVE('',#15668,#15598,#15699,.T.);
#15699 = LINE('',#15700,#15701);
#15700 = CARTESIAN_POINT('',(92.63,-92.15,0.75));
#15701 = VECTOR('',#15702,1.);
#15702 = DIRECTION('',(-1.,0.,0.));
#15703 = ORIENTED_EDGE('',*,*,#15595,.F.);
#15704 = ORIENTED_EDGE('',*,*,#15705,.F.);
#15705 = EDGE_CURVE('',#15676,#15596,#15706,.T.);
#15706 = LINE('',#15707,#15708);
#15707 = CARTESIAN_POINT('',(92.63,-92.15,0.71));
#15708 = VECTOR('',#15709,1.);
#15709 = DIRECTION('',(-1.,0.,0.));
#15710 = PLANE('',#15711);
#15711 = AXIS2_PLACEMENT_3D('',#15712,#15713,#15714);
#15712 = CARTESIAN_POINT('',(92.63,-92.15,0.71));
#15713 = DIRECTION('',(0.,-1.,0.));
#15714 = DIRECTION('',(-1.,0.,0.));
#15715 = ADVANCED_FACE('',(#15716),#15722,.F.);
#15716 = FACE_BOUND('',#15717,.T.);
#15717 = EDGE_LOOP('',(#15718,#15719,#15720,#15721));
#15718 = ORIENTED_EDGE('',*,*,#15621,.T.);
#15719 = ORIENTED_EDGE('',*,*,#15652,.T.);
#15720 = ORIENTED_EDGE('',*,*,#15683,.T.);
#15721 = ORIENTED_EDGE('',*,*,#15705,.T.);
#15722 = PLANE('',#15723);
#15723 = AXIS2_PLACEMENT_3D('',#15724,#15725,#15726);
#15724 = CARTESIAN_POINT('',(0.,0.,0.71));
#15725 = DIRECTION('',(0.,0.,1.));
#15726 = DIRECTION('',(1.,0.,-0.));
#15727 = ADVANCED_FACE('',(#15728),#15734,.T.);
#15728 = FACE_BOUND('',#15729,.F.);
#15729 = EDGE_LOOP('',(#15730,#15731,#15732,#15733));
#15730 = ORIENTED_EDGE('',*,*,#15605,.T.);
#15731 = ORIENTED_EDGE('',*,*,#15636,.T.);
#15732 = ORIENTED_EDGE('',*,*,#15667,.T.);
#15733 = ORIENTED_EDGE('',*,*,#15698,.T.);
#15734 = PLANE('',#15735);
#15735 = AXIS2_PLACEMENT_3D('',#15736,#15737,#15738);
#15736 = CARTESIAN_POINT('',(0.,0.,0.75));
#15737 = DIRECTION('',(0.,0.,1.));
#15738 = DIRECTION('',(1.,0.,-0.));
#15739 = MANIFOLD_SOLID_BREP('',#15740);
#15740 = CLOSED_SHELL('',(#15741,#15783,#15814,#15847,#15878,#15911,
    #15942,#15975,#15997,#16013));
#15741 = ADVANCED_FACE('',(#15742),#15778,.T.);
#15742 = FACE_BOUND('',#15743,.T.);
#15743 = EDGE_LOOP('',(#15744,#15754,#15763,#15771));
#15744 = ORIENTED_EDGE('',*,*,#15745,.T.);
#15745 = EDGE_CURVE('',#15746,#15748,#15750,.T.);
#15746 = VERTEX_POINT('',#15747);
#15747 = CARTESIAN_POINT('',(109.825,-110.45,0.71));
#15748 = VERTEX_POINT('',#15749);
#15749 = CARTESIAN_POINT('',(109.825,-110.45,0.75));
#15750 = LINE('',#15751,#15752);
#15751 = CARTESIAN_POINT('',(109.825,-110.45,0.71));
#15752 = VECTOR('',#15753,1.);
#15753 = DIRECTION('',(0.,0.,1.));
#15754 = ORIENTED_EDGE('',*,*,#15755,.T.);
#15755 = EDGE_CURVE('',#15748,#15756,#15758,.T.);
#15756 = VERTEX_POINT('',#15757);
#15757 = CARTESIAN_POINT('',(110.05,-110.225,0.75));
#15758 = CIRCLE('',#15759,0.225000087974);
#15759 = AXIS2_PLACEMENT_3D('',#15760,#15761,#15762);
#15760 = CARTESIAN_POINT('',(110.05000008797,-110.4500000879,0.75));
#15761 = DIRECTION('',(0.,0.,-1.));
#15762 = DIRECTION('',(-1.,3.909954089759E-07,0.));
#15763 = ORIENTED_EDGE('',*,*,#15764,.F.);
#15764 = EDGE_CURVE('',#15765,#15756,#15767,.T.);
#15765 = VERTEX_POINT('',#15766);
#15766 = CARTESIAN_POINT('',(110.05,-110.225,0.71));
#15767 = LINE('',#15768,#15769);
#15768 = CARTESIAN_POINT('',(110.05,-110.225,0.71));
#15769 = VECTOR('',#15770,1.);
#15770 = DIRECTION('',(0.,0.,1.));
#15771 = ORIENTED_EDGE('',*,*,#15772,.F.);
#15772 = EDGE_CURVE('',#15746,#15765,#15773,.T.);
#15773 = CIRCLE('',#15774,0.225000087974);
#15774 = AXIS2_PLACEMENT_3D('',#15775,#15776,#15777);
#15775 = CARTESIAN_POINT('',(110.05000008797,-110.4500000879,0.71));
#15776 = DIRECTION('',(0.,0.,-1.));
#15777 = DIRECTION('',(-1.,3.909954089759E-07,0.));
#15778 = CYLINDRICAL_SURFACE('',#15779,0.225000087974);
#15779 = AXIS2_PLACEMENT_3D('',#15780,#15781,#15782);
#15780 = CARTESIAN_POINT('',(110.05000008797,-110.4500000879,0.71));
#15781 = DIRECTION('',(0.,0.,-1.));
#15782 = DIRECTION('',(-1.,3.909954089759E-07,0.));
#15783 = ADVANCED_FACE('',(#15784),#15809,.T.);
#15784 = FACE_BOUND('',#15785,.T.);
#15785 = EDGE_LOOP('',(#15786,#15787,#15795,#15803));
#15786 = ORIENTED_EDGE('',*,*,#15764,.T.);
#15787 = ORIENTED_EDGE('',*,*,#15788,.T.);
#15788 = EDGE_CURVE('',#15756,#15789,#15791,.T.);
#15789 = VERTEX_POINT('',#15790);
#15790 = CARTESIAN_POINT('',(110.5,-110.225,0.75));
#15791 = LINE('',#15792,#15793);
#15792 = CARTESIAN_POINT('',(110.05,-110.225,0.75));
#15793 = VECTOR('',#15794,1.);
#15794 = DIRECTION('',(1.,0.,0.));
#15795 = ORIENTED_EDGE('',*,*,#15796,.F.);
#15796 = EDGE_CURVE('',#15797,#15789,#15799,.T.);
#15797 = VERTEX_POINT('',#15798);
#15798 = CARTESIAN_POINT('',(110.5,-110.225,0.71));
#15799 = LINE('',#15800,#15801);
#15800 = CARTESIAN_POINT('',(110.5,-110.225,0.71));
#15801 = VECTOR('',#15802,1.);
#15802 = DIRECTION('',(0.,0.,1.));
#15803 = ORIENTED_EDGE('',*,*,#15804,.F.);
#15804 = EDGE_CURVE('',#15765,#15797,#15805,.T.);
#15805 = LINE('',#15806,#15807);
#15806 = CARTESIAN_POINT('',(110.05,-110.225,0.71));
#15807 = VECTOR('',#15808,1.);
#15808 = DIRECTION('',(1.,0.,0.));
#15809 = PLANE('',#15810);
#15810 = AXIS2_PLACEMENT_3D('',#15811,#15812,#15813);
#15811 = CARTESIAN_POINT('',(110.05,-110.225,0.71));
#15812 = DIRECTION('',(0.,1.,0.));
#15813 = DIRECTION('',(1.,0.,0.));
#15814 = ADVANCED_FACE('',(#15815),#15842,.T.);
#15815 = FACE_BOUND('',#15816,.T.);
#15816 = EDGE_LOOP('',(#15817,#15818,#15827,#15835));
#15817 = ORIENTED_EDGE('',*,*,#15796,.T.);
#15818 = ORIENTED_EDGE('',*,*,#15819,.T.);
#15819 = EDGE_CURVE('',#15789,#15820,#15822,.T.);
#15820 = VERTEX_POINT('',#15821);
#15821 = CARTESIAN_POINT('',(110.725,-110.45,0.75));
#15822 = CIRCLE('',#15823,0.225000087974);
#15823 = AXIS2_PLACEMENT_3D('',#15824,#15825,#15826);
#15824 = CARTESIAN_POINT('',(110.49999991202,-110.4500000879,0.75));
#15825 = DIRECTION('',(0.,0.,-1.));
#15826 = DIRECTION('',(3.909954721353E-07,1.,0.));
#15827 = ORIENTED_EDGE('',*,*,#15828,.F.);
#15828 = EDGE_CURVE('',#15829,#15820,#15831,.T.);
#15829 = VERTEX_POINT('',#15830);
#15830 = CARTESIAN_POINT('',(110.725,-110.45,0.71));
#15831 = LINE('',#15832,#15833);
#15832 = CARTESIAN_POINT('',(110.725,-110.45,0.71));
#15833 = VECTOR('',#15834,1.);
#15834 = DIRECTION('',(0.,0.,1.));
#15835 = ORIENTED_EDGE('',*,*,#15836,.F.);
#15836 = EDGE_CURVE('',#15797,#15829,#15837,.T.);
#15837 = CIRCLE('',#15838,0.225000087974);
#15838 = AXIS2_PLACEMENT_3D('',#15839,#15840,#15841);
#15839 = CARTESIAN_POINT('',(110.49999991202,-110.4500000879,0.71));
#15840 = DIRECTION('',(0.,0.,-1.));
#15841 = DIRECTION('',(3.909954721353E-07,1.,0.));
#15842 = CYLINDRICAL_SURFACE('',#15843,0.225000087974);
#15843 = AXIS2_PLACEMENT_3D('',#15844,#15845,#15846);
#15844 = CARTESIAN_POINT('',(110.49999991202,-110.4500000879,0.71));
#15845 = DIRECTION('',(0.,0.,-1.));
#15846 = DIRECTION('',(3.909954721353E-07,1.,0.));
#15847 = ADVANCED_FACE('',(#15848),#15873,.T.);
#15848 = FACE_BOUND('',#15849,.T.);
#15849 = EDGE_LOOP('',(#15850,#15851,#15859,#15867));
#15850 = ORIENTED_EDGE('',*,*,#15828,.T.);
#15851 = ORIENTED_EDGE('',*,*,#15852,.T.);
#15852 = EDGE_CURVE('',#15820,#15853,#15855,.T.);
#15853 = VERTEX_POINT('',#15854);
#15854 = CARTESIAN_POINT('',(110.725,-110.95,0.75));
#15855 = LINE('',#15856,#15857);
#15856 = CARTESIAN_POINT('',(110.725,-110.45,0.75));
#15857 = VECTOR('',#15858,1.);
#15858 = DIRECTION('',(0.,-1.,0.));
#15859 = ORIENTED_EDGE('',*,*,#15860,.F.);
#15860 = EDGE_CURVE('',#15861,#15853,#15863,.T.);
#15861 = VERTEX_POINT('',#15862);
#15862 = CARTESIAN_POINT('',(110.725,-110.95,0.71));
#15863 = LINE('',#15864,#15865);
#15864 = CARTESIAN_POINT('',(110.725,-110.95,0.71));
#15865 = VECTOR('',#15866,1.);
#15866 = DIRECTION('',(0.,0.,1.));
#15867 = ORIENTED_EDGE('',*,*,#15868,.F.);
#15868 = EDGE_CURVE('',#15829,#15861,#15869,.T.);
#15869 = LINE('',#15870,#15871);
#15870 = CARTESIAN_POINT('',(110.725,-110.45,0.71));
#15871 = VECTOR('',#15872,1.);
#15872 = DIRECTION('',(0.,-1.,0.));
#15873 = PLANE('',#15874);
#15874 = AXIS2_PLACEMENT_3D('',#15875,#15876,#15877);
#15875 = CARTESIAN_POINT('',(110.725,-110.45,0.71));
#15876 = DIRECTION('',(1.,0.,-0.));
#15877 = DIRECTION('',(0.,-1.,0.));
#15878 = ADVANCED_FACE('',(#15879),#15906,.T.);
#15879 = FACE_BOUND('',#15880,.T.);
#15880 = EDGE_LOOP('',(#15881,#15882,#15891,#15899));
#15881 = ORIENTED_EDGE('',*,*,#15860,.T.);
#15882 = ORIENTED_EDGE('',*,*,#15883,.T.);
#15883 = EDGE_CURVE('',#15853,#15884,#15886,.T.);
#15884 = VERTEX_POINT('',#15885);
#15885 = CARTESIAN_POINT('',(110.5,-111.175,0.75));
#15886 = CIRCLE('',#15887,0.225000087974);
#15887 = AXIS2_PLACEMENT_3D('',#15888,#15889,#15890);
#15888 = CARTESIAN_POINT('',(110.49999991202,-110.949999912,0.75));
#15889 = DIRECTION('',(0.,0.,-1.));
#15890 = DIRECTION('',(1.,-3.909953458166E-07,0.));
#15891 = ORIENTED_EDGE('',*,*,#15892,.F.);
#15892 = EDGE_CURVE('',#15893,#15884,#15895,.T.);
#15893 = VERTEX_POINT('',#15894);
#15894 = CARTESIAN_POINT('',(110.5,-111.175,0.71));
#15895 = LINE('',#15896,#15897);
#15896 = CARTESIAN_POINT('',(110.5,-111.175,0.71));
#15897 = VECTOR('',#15898,1.);
#15898 = DIRECTION('',(0.,0.,1.));
#15899 = ORIENTED_EDGE('',*,*,#15900,.F.);
#15900 = EDGE_CURVE('',#15861,#15893,#15901,.T.);
#15901 = CIRCLE('',#15902,0.225000087974);
#15902 = AXIS2_PLACEMENT_3D('',#15903,#15904,#15905);
#15903 = CARTESIAN_POINT('',(110.49999991202,-110.949999912,0.71));
#15904 = DIRECTION('',(0.,0.,-1.));
#15905 = DIRECTION('',(1.,-3.909953458166E-07,0.));
#15906 = CYLINDRICAL_SURFACE('',#15907,0.225000087974);
#15907 = AXIS2_PLACEMENT_3D('',#15908,#15909,#15910);
#15908 = CARTESIAN_POINT('',(110.49999991202,-110.949999912,0.71));
#15909 = DIRECTION('',(0.,0.,-1.));
#15910 = DIRECTION('',(1.,-3.909953458166E-07,0.));
#15911 = ADVANCED_FACE('',(#15912),#15937,.T.);
#15912 = FACE_BOUND('',#15913,.T.);
#15913 = EDGE_LOOP('',(#15914,#15915,#15923,#15931));
#15914 = ORIENTED_EDGE('',*,*,#15892,.T.);
#15915 = ORIENTED_EDGE('',*,*,#15916,.T.);
#15916 = EDGE_CURVE('',#15884,#15917,#15919,.T.);
#15917 = VERTEX_POINT('',#15918);
#15918 = CARTESIAN_POINT('',(110.05,-111.175,0.75));
#15919 = LINE('',#15920,#15921);
#15920 = CARTESIAN_POINT('',(110.5,-111.175,0.75));
#15921 = VECTOR('',#15922,1.);
#15922 = DIRECTION('',(-1.,0.,0.));
#15923 = ORIENTED_EDGE('',*,*,#15924,.F.);
#15924 = EDGE_CURVE('',#15925,#15917,#15927,.T.);
#15925 = VERTEX_POINT('',#15926);
#15926 = CARTESIAN_POINT('',(110.05,-111.175,0.71));
#15927 = LINE('',#15928,#15929);
#15928 = CARTESIAN_POINT('',(110.05,-111.175,0.71));
#15929 = VECTOR('',#15930,1.);
#15930 = DIRECTION('',(0.,0.,1.));
#15931 = ORIENTED_EDGE('',*,*,#15932,.F.);
#15932 = EDGE_CURVE('',#15893,#15925,#15933,.T.);
#15933 = LINE('',#15934,#15935);
#15934 = CARTESIAN_POINT('',(110.5,-111.175,0.71));
#15935 = VECTOR('',#15936,1.);
#15936 = DIRECTION('',(-1.,0.,0.));
#15937 = PLANE('',#15938);
#15938 = AXIS2_PLACEMENT_3D('',#15939,#15940,#15941);
#15939 = CARTESIAN_POINT('',(110.5,-111.175,0.71));
#15940 = DIRECTION('',(0.,-1.,0.));
#15941 = DIRECTION('',(-1.,0.,0.));
#15942 = ADVANCED_FACE('',(#15943),#15970,.T.);
#15943 = FACE_BOUND('',#15944,.T.);
#15944 = EDGE_LOOP('',(#15945,#15946,#15955,#15963));
#15945 = ORIENTED_EDGE('',*,*,#15924,.T.);
#15946 = ORIENTED_EDGE('',*,*,#15947,.T.);
#15947 = EDGE_CURVE('',#15917,#15948,#15950,.T.);
#15948 = VERTEX_POINT('',#15949);
#15949 = CARTESIAN_POINT('',(109.825,-110.95,0.75));
#15950 = CIRCLE('',#15951,0.225000087974);
#15951 = AXIS2_PLACEMENT_3D('',#15952,#15953,#15954);
#15952 = CARTESIAN_POINT('',(110.05000008797,-110.949999912,0.75));
#15953 = DIRECTION('',(0.,0.,-1.));
#15954 = DIRECTION('',(-3.909953458166E-07,-1.,-0.));
#15955 = ORIENTED_EDGE('',*,*,#15956,.F.);
#15956 = EDGE_CURVE('',#15957,#15948,#15959,.T.);
#15957 = VERTEX_POINT('',#15958);
#15958 = CARTESIAN_POINT('',(109.825,-110.95,0.71));
#15959 = LINE('',#15960,#15961);
#15960 = CARTESIAN_POINT('',(109.825,-110.95,0.71));
#15961 = VECTOR('',#15962,1.);
#15962 = DIRECTION('',(0.,0.,1.));
#15963 = ORIENTED_EDGE('',*,*,#15964,.F.);
#15964 = EDGE_CURVE('',#15925,#15957,#15965,.T.);
#15965 = CIRCLE('',#15966,0.225000087974);
#15966 = AXIS2_PLACEMENT_3D('',#15967,#15968,#15969);
#15967 = CARTESIAN_POINT('',(110.05000008797,-110.949999912,0.71));
#15968 = DIRECTION('',(0.,0.,-1.));
#15969 = DIRECTION('',(-3.909953458166E-07,-1.,-0.));
#15970 = CYLINDRICAL_SURFACE('',#15971,0.225000087974);
#15971 = AXIS2_PLACEMENT_3D('',#15972,#15973,#15974);
#15972 = CARTESIAN_POINT('',(110.05000008797,-110.949999912,0.71));
#15973 = DIRECTION('',(0.,0.,-1.));
#15974 = DIRECTION('',(-3.909953458166E-07,-1.,-0.));
#15975 = ADVANCED_FACE('',(#15976),#15992,.T.);
#15976 = FACE_BOUND('',#15977,.T.);
#15977 = EDGE_LOOP('',(#15978,#15979,#15985,#15986));
#15978 = ORIENTED_EDGE('',*,*,#15956,.T.);
#15979 = ORIENTED_EDGE('',*,*,#15980,.T.);
#15980 = EDGE_CURVE('',#15948,#15748,#15981,.T.);
#15981 = LINE('',#15982,#15983);
#15982 = CARTESIAN_POINT('',(109.825,-110.95,0.75));
#15983 = VECTOR('',#15984,1.);
#15984 = DIRECTION('',(0.,1.,0.));
#15985 = ORIENTED_EDGE('',*,*,#15745,.F.);
#15986 = ORIENTED_EDGE('',*,*,#15987,.F.);
#15987 = EDGE_CURVE('',#15957,#15746,#15988,.T.);
#15988 = LINE('',#15989,#15990);
#15989 = CARTESIAN_POINT('',(109.825,-110.95,0.71));
#15990 = VECTOR('',#15991,1.);
#15991 = DIRECTION('',(0.,1.,0.));
#15992 = PLANE('',#15993);
#15993 = AXIS2_PLACEMENT_3D('',#15994,#15995,#15996);
#15994 = CARTESIAN_POINT('',(109.825,-110.95,0.71));
#15995 = DIRECTION('',(-1.,0.,0.));
#15996 = DIRECTION('',(0.,1.,0.));
#15997 = ADVANCED_FACE('',(#15998),#16008,.F.);
#15998 = FACE_BOUND('',#15999,.T.);
#15999 = EDGE_LOOP('',(#16000,#16001,#16002,#16003,#16004,#16005,#16006,
    #16007));
#16000 = ORIENTED_EDGE('',*,*,#15772,.T.);
#16001 = ORIENTED_EDGE('',*,*,#15804,.T.);
#16002 = ORIENTED_EDGE('',*,*,#15836,.T.);
#16003 = ORIENTED_EDGE('',*,*,#15868,.T.);
#16004 = ORIENTED_EDGE('',*,*,#15900,.T.);
#16005 = ORIENTED_EDGE('',*,*,#15932,.T.);
#16006 = ORIENTED_EDGE('',*,*,#15964,.T.);
#16007 = ORIENTED_EDGE('',*,*,#15987,.T.);
#16008 = PLANE('',#16009);
#16009 = AXIS2_PLACEMENT_3D('',#16010,#16011,#16012);
#16010 = CARTESIAN_POINT('',(0.,0.,0.71));
#16011 = DIRECTION('',(0.,0.,1.));
#16012 = DIRECTION('',(1.,0.,-0.));
#16013 = ADVANCED_FACE('',(#16014),#16024,.T.);
#16014 = FACE_BOUND('',#16015,.F.);
#16015 = EDGE_LOOP('',(#16016,#16017,#16018,#16019,#16020,#16021,#16022,
    #16023));
#16016 = ORIENTED_EDGE('',*,*,#15755,.T.);
#16017 = ORIENTED_EDGE('',*,*,#15788,.T.);
#16018 = ORIENTED_EDGE('',*,*,#15819,.T.);
#16019 = ORIENTED_EDGE('',*,*,#15852,.T.);
#16020 = ORIENTED_EDGE('',*,*,#15883,.T.);
#16021 = ORIENTED_EDGE('',*,*,#15916,.T.);
#16022 = ORIENTED_EDGE('',*,*,#15947,.T.);
#16023 = ORIENTED_EDGE('',*,*,#15980,.T.);
#16024 = PLANE('',#16025);
#16025 = AXIS2_PLACEMENT_3D('',#16026,#16027,#16028);
#16026 = CARTESIAN_POINT('',(0.,0.,0.75));
#16027 = DIRECTION('',(0.,0.,1.));
#16028 = DIRECTION('',(1.,0.,-0.));
#16029 = MANIFOLD_SOLID_BREP('',#16030);
#16030 = CLOSED_SHELL('',(#16031,#16064,#16073));
#16031 = ADVANCED_FACE('',(#16032),#16059,.T.);
#16032 = FACE_BOUND('',#16033,.F.);
#16033 = EDGE_LOOP('',(#16034,#16044,#16051,#16052));
#16034 = ORIENTED_EDGE('',*,*,#16035,.T.);
#16035 = EDGE_CURVE('',#16036,#16038,#16040,.T.);
#16036 = VERTEX_POINT('',#16037);
#16037 = CARTESIAN_POINT('',(106.5,-86.5,0.71));
#16038 = VERTEX_POINT('',#16039);
#16039 = CARTESIAN_POINT('',(106.5,-86.5,0.75));
#16040 = LINE('',#16041,#16042);
#16041 = CARTESIAN_POINT('',(106.5,-86.5,0.71));
#16042 = VECTOR('',#16043,1.);
#16043 = DIRECTION('',(0.,0.,1.));
#16044 = ORIENTED_EDGE('',*,*,#16045,.T.);
#16045 = EDGE_CURVE('',#16038,#16038,#16046,.T.);
#16046 = CIRCLE('',#16047,0.5);
#16047 = AXIS2_PLACEMENT_3D('',#16048,#16049,#16050);
#16048 = CARTESIAN_POINT('',(106.,-86.5,0.75));
#16049 = DIRECTION('',(0.,0.,1.));
#16050 = DIRECTION('',(1.,0.,-0.));
#16051 = ORIENTED_EDGE('',*,*,#16035,.F.);
#16052 = ORIENTED_EDGE('',*,*,#16053,.F.);
#16053 = EDGE_CURVE('',#16036,#16036,#16054,.T.);
#16054 = CIRCLE('',#16055,0.5);
#16055 = AXIS2_PLACEMENT_3D('',#16056,#16057,#16058);
#16056 = CARTESIAN_POINT('',(106.,-86.5,0.71));
#16057 = DIRECTION('',(0.,0.,1.));
#16058 = DIRECTION('',(1.,0.,-0.));
#16059 = CYLINDRICAL_SURFACE('',#16060,0.5);
#16060 = AXIS2_PLACEMENT_3D('',#16061,#16062,#16063);
#16061 = CARTESIAN_POINT('',(106.,-86.5,0.71));
#16062 = DIRECTION('',(-0.,-0.,-1.));
#16063 = DIRECTION('',(1.,0.,-0.));
#16064 = ADVANCED_FACE('',(#16065),#16068,.F.);
#16065 = FACE_BOUND('',#16066,.F.);
#16066 = EDGE_LOOP('',(#16067));
#16067 = ORIENTED_EDGE('',*,*,#16053,.T.);
#16068 = PLANE('',#16069);
#16069 = AXIS2_PLACEMENT_3D('',#16070,#16071,#16072);
#16070 = CARTESIAN_POINT('',(0.,0.,0.71));
#16071 = DIRECTION('',(0.,0.,1.));
#16072 = DIRECTION('',(1.,0.,-0.));
#16073 = ADVANCED_FACE('',(#16074),#16077,.T.);
#16074 = FACE_BOUND('',#16075,.T.);
#16075 = EDGE_LOOP('',(#16076));
#16076 = ORIENTED_EDGE('',*,*,#16045,.T.);
#16077 = PLANE('',#16078);
#16078 = AXIS2_PLACEMENT_3D('',#16079,#16080,#16081);
#16079 = CARTESIAN_POINT('',(0.,0.,0.75));
#16080 = DIRECTION('',(0.,0.,1.));
#16081 = DIRECTION('',(1.,0.,-0.));
#16082 = MANIFOLD_SOLID_BREP('',#16083);
#16083 = CLOSED_SHELL('',(#16084,#16126,#16157,#16190,#16221,#16254,
    #16285,#16318,#16340,#16356));
#16084 = ADVANCED_FACE('',(#16085),#16121,.T.);
#16085 = FACE_BOUND('',#16086,.T.);
#16086 = EDGE_LOOP('',(#16087,#16097,#16106,#16114));
#16087 = ORIENTED_EDGE('',*,*,#16088,.T.);
#16088 = EDGE_CURVE('',#16089,#16091,#16093,.T.);
#16089 = VERTEX_POINT('',#16090);
#16090 = CARTESIAN_POINT('',(107.2,-111.53,0.71));
#16091 = VERTEX_POINT('',#16092);
#16092 = CARTESIAN_POINT('',(107.2,-111.53,0.75));
#16093 = LINE('',#16094,#16095);
#16094 = CARTESIAN_POINT('',(107.2,-111.53,0.71));
#16095 = VECTOR('',#16096,1.);
#16096 = DIRECTION('',(0.,0.,1.));
#16097 = ORIENTED_EDGE('',*,*,#16098,.T.);
#16098 = EDGE_CURVE('',#16091,#16099,#16101,.T.);
#16099 = VERTEX_POINT('',#16100);
#16100 = CARTESIAN_POINT('',(107.34,-111.39,0.75));
#16101 = CIRCLE('',#16102,0.139999827125);
#16102 = AXIS2_PLACEMENT_3D('',#16103,#16104,#16105);
#16103 = CARTESIAN_POINT('',(107.33999982712,-111.5299998271,0.75));
#16104 = DIRECTION('',(0.,0.,-1.));
#16105 = DIRECTION('',(-0.999999999999,-1.234820451254E-06,-0.));
#16106 = ORIENTED_EDGE('',*,*,#16107,.F.);
#16107 = EDGE_CURVE('',#16108,#16099,#16110,.T.);
#16108 = VERTEX_POINT('',#16109);
#16109 = CARTESIAN_POINT('',(107.34,-111.39,0.71));
#16110 = LINE('',#16111,#16112);
#16111 = CARTESIAN_POINT('',(107.34,-111.39,0.71));
#16112 = VECTOR('',#16113,1.);
#16113 = DIRECTION('',(0.,0.,1.));
#16114 = ORIENTED_EDGE('',*,*,#16115,.F.);
#16115 = EDGE_CURVE('',#16089,#16108,#16116,.T.);
#16116 = CIRCLE('',#16117,0.139999827125);
#16117 = AXIS2_PLACEMENT_3D('',#16118,#16119,#16120);
#16118 = CARTESIAN_POINT('',(107.33999982712,-111.5299998271,0.71));
#16119 = DIRECTION('',(0.,0.,-1.));
#16120 = DIRECTION('',(-0.999999999999,-1.234820451254E-06,-0.));
#16121 = CYLINDRICAL_SURFACE('',#16122,0.139999827125);
#16122 = AXIS2_PLACEMENT_3D('',#16123,#16124,#16125);
#16123 = CARTESIAN_POINT('',(107.33999982712,-111.5299998271,0.71));
#16124 = DIRECTION('',(0.,0.,-1.));
#16125 = DIRECTION('',(-0.999999999999,-1.234820451254E-06,-0.));
#16126 = ADVANCED_FACE('',(#16127),#16152,.T.);
#16127 = FACE_BOUND('',#16128,.T.);
#16128 = EDGE_LOOP('',(#16129,#16130,#16138,#16146));
#16129 = ORIENTED_EDGE('',*,*,#16107,.T.);
#16130 = ORIENTED_EDGE('',*,*,#16131,.T.);
#16131 = EDGE_CURVE('',#16099,#16132,#16134,.T.);
#16132 = VERTEX_POINT('',#16133);
#16133 = CARTESIAN_POINT('',(107.62,-111.39,0.75));
#16134 = LINE('',#16135,#16136);
#16135 = CARTESIAN_POINT('',(107.34,-111.39,0.75));
#16136 = VECTOR('',#16137,1.);
#16137 = DIRECTION('',(1.,0.,0.));
#16138 = ORIENTED_EDGE('',*,*,#16139,.F.);
#16139 = EDGE_CURVE('',#16140,#16132,#16142,.T.);
#16140 = VERTEX_POINT('',#16141);
#16141 = CARTESIAN_POINT('',(107.62,-111.39,0.71));
#16142 = LINE('',#16143,#16144);
#16143 = CARTESIAN_POINT('',(107.62,-111.39,0.71));
#16144 = VECTOR('',#16145,1.);
#16145 = DIRECTION('',(0.,0.,1.));
#16146 = ORIENTED_EDGE('',*,*,#16147,.F.);
#16147 = EDGE_CURVE('',#16108,#16140,#16148,.T.);
#16148 = LINE('',#16149,#16150);
#16149 = CARTESIAN_POINT('',(107.34,-111.39,0.71));
#16150 = VECTOR('',#16151,1.);
#16151 = DIRECTION('',(1.,0.,0.));
#16152 = PLANE('',#16153);
#16153 = AXIS2_PLACEMENT_3D('',#16154,#16155,#16156);
#16154 = CARTESIAN_POINT('',(107.34,-111.39,0.71));
#16155 = DIRECTION('',(0.,1.,0.));
#16156 = DIRECTION('',(1.,0.,0.));
#16157 = ADVANCED_FACE('',(#16158),#16185,.T.);
#16158 = FACE_BOUND('',#16159,.T.);
#16159 = EDGE_LOOP('',(#16160,#16161,#16170,#16178));
#16160 = ORIENTED_EDGE('',*,*,#16139,.T.);
#16161 = ORIENTED_EDGE('',*,*,#16162,.T.);
#16162 = EDGE_CURVE('',#16132,#16163,#16165,.T.);
#16163 = VERTEX_POINT('',#16164);
#16164 = CARTESIAN_POINT('',(107.76,-111.53,0.75));
#16165 = CIRCLE('',#16166,0.139999827125);
#16166 = AXIS2_PLACEMENT_3D('',#16167,#16168,#16169);
#16167 = CARTESIAN_POINT('',(107.62000017287,-111.5299998271,0.75));
#16168 = DIRECTION('',(0.,0.,-1.));
#16169 = DIRECTION('',(-1.234820451254E-06,0.999999999999,0.));
#16170 = ORIENTED_EDGE('',*,*,#16171,.F.);
#16171 = EDGE_CURVE('',#16172,#16163,#16174,.T.);
#16172 = VERTEX_POINT('',#16173);
#16173 = CARTESIAN_POINT('',(107.76,-111.53,0.71));
#16174 = LINE('',#16175,#16176);
#16175 = CARTESIAN_POINT('',(107.76,-111.53,0.71));
#16176 = VECTOR('',#16177,1.);
#16177 = DIRECTION('',(0.,0.,1.));
#16178 = ORIENTED_EDGE('',*,*,#16179,.F.);
#16179 = EDGE_CURVE('',#16140,#16172,#16180,.T.);
#16180 = CIRCLE('',#16181,0.139999827125);
#16181 = AXIS2_PLACEMENT_3D('',#16182,#16183,#16184);
#16182 = CARTESIAN_POINT('',(107.62000017287,-111.5299998271,0.71));
#16183 = DIRECTION('',(0.,0.,-1.));
#16184 = DIRECTION('',(-1.234820451254E-06,0.999999999999,0.));
#16185 = CYLINDRICAL_SURFACE('',#16186,0.139999827125);
#16186 = AXIS2_PLACEMENT_3D('',#16187,#16188,#16189);
#16187 = CARTESIAN_POINT('',(107.62000017287,-111.5299998271,0.71));
#16188 = DIRECTION('',(0.,0.,-1.));
#16189 = DIRECTION('',(-1.234820451254E-06,0.999999999999,0.));
#16190 = ADVANCED_FACE('',(#16191),#16216,.T.);
#16191 = FACE_BOUND('',#16192,.T.);
#16192 = EDGE_LOOP('',(#16193,#16194,#16202,#16210));
#16193 = ORIENTED_EDGE('',*,*,#16171,.T.);
#16194 = ORIENTED_EDGE('',*,*,#16195,.T.);
#16195 = EDGE_CURVE('',#16163,#16196,#16198,.T.);
#16196 = VERTEX_POINT('',#16197);
#16197 = CARTESIAN_POINT('',(107.76,-111.87,0.75));
#16198 = LINE('',#16199,#16200);
#16199 = CARTESIAN_POINT('',(107.76,-111.53,0.75));
#16200 = VECTOR('',#16201,1.);
#16201 = DIRECTION('',(0.,-1.,0.));
#16202 = ORIENTED_EDGE('',*,*,#16203,.F.);
#16203 = EDGE_CURVE('',#16204,#16196,#16206,.T.);
#16204 = VERTEX_POINT('',#16205);
#16205 = CARTESIAN_POINT('',(107.76,-111.87,0.71));
#16206 = LINE('',#16207,#16208);
#16207 = CARTESIAN_POINT('',(107.76,-111.87,0.71));
#16208 = VECTOR('',#16209,1.);
#16209 = DIRECTION('',(0.,0.,1.));
#16210 = ORIENTED_EDGE('',*,*,#16211,.F.);
#16211 = EDGE_CURVE('',#16172,#16204,#16212,.T.);
#16212 = LINE('',#16213,#16214);
#16213 = CARTESIAN_POINT('',(107.76,-111.53,0.71));
#16214 = VECTOR('',#16215,1.);
#16215 = DIRECTION('',(0.,-1.,0.));
#16216 = PLANE('',#16217);
#16217 = AXIS2_PLACEMENT_3D('',#16218,#16219,#16220);
#16218 = CARTESIAN_POINT('',(107.76,-111.53,0.71));
#16219 = DIRECTION('',(1.,0.,-0.));
#16220 = DIRECTION('',(0.,-1.,0.));
#16221 = ADVANCED_FACE('',(#16222),#16249,.T.);
#16222 = FACE_BOUND('',#16223,.T.);
#16223 = EDGE_LOOP('',(#16224,#16225,#16234,#16242));
#16224 = ORIENTED_EDGE('',*,*,#16203,.T.);
#16225 = ORIENTED_EDGE('',*,*,#16226,.T.);
#16226 = EDGE_CURVE('',#16196,#16227,#16229,.T.);
#16227 = VERTEX_POINT('',#16228);
#16228 = CARTESIAN_POINT('',(107.62,-112.01,0.75));
#16229 = CIRCLE('',#16230,0.139999827125);
#16230 = AXIS2_PLACEMENT_3D('',#16231,#16232,#16233);
#16231 = CARTESIAN_POINT('',(107.62000017287,-111.8700001728,0.75));
#16232 = DIRECTION('',(0.,0.,-1.));
#16233 = DIRECTION('',(0.999999999999,1.234820451254E-06,0.));
#16234 = ORIENTED_EDGE('',*,*,#16235,.F.);
#16235 = EDGE_CURVE('',#16236,#16227,#16238,.T.);
#16236 = VERTEX_POINT('',#16237);
#16237 = CARTESIAN_POINT('',(107.62,-112.01,0.71));
#16238 = LINE('',#16239,#16240);
#16239 = CARTESIAN_POINT('',(107.62,-112.01,0.71));
#16240 = VECTOR('',#16241,1.);
#16241 = DIRECTION('',(0.,0.,1.));
#16242 = ORIENTED_EDGE('',*,*,#16243,.F.);
#16243 = EDGE_CURVE('',#16204,#16236,#16244,.T.);
#16244 = CIRCLE('',#16245,0.139999827125);
#16245 = AXIS2_PLACEMENT_3D('',#16246,#16247,#16248);
#16246 = CARTESIAN_POINT('',(107.62000017287,-111.8700001728,0.71));
#16247 = DIRECTION('',(0.,0.,-1.));
#16248 = DIRECTION('',(0.999999999999,1.234820451254E-06,0.));
#16249 = CYLINDRICAL_SURFACE('',#16250,0.139999827125);
#16250 = AXIS2_PLACEMENT_3D('',#16251,#16252,#16253);
#16251 = CARTESIAN_POINT('',(107.62000017287,-111.8700001728,0.71));
#16252 = DIRECTION('',(0.,0.,-1.));
#16253 = DIRECTION('',(0.999999999999,1.234820451254E-06,0.));
#16254 = ADVANCED_FACE('',(#16255),#16280,.T.);
#16255 = FACE_BOUND('',#16256,.T.);
#16256 = EDGE_LOOP('',(#16257,#16258,#16266,#16274));
#16257 = ORIENTED_EDGE('',*,*,#16235,.T.);
#16258 = ORIENTED_EDGE('',*,*,#16259,.T.);
#16259 = EDGE_CURVE('',#16227,#16260,#16262,.T.);
#16260 = VERTEX_POINT('',#16261);
#16261 = CARTESIAN_POINT('',(107.34,-112.01,0.75));
#16262 = LINE('',#16263,#16264);
#16263 = CARTESIAN_POINT('',(107.62,-112.01,0.75));
#16264 = VECTOR('',#16265,1.);
#16265 = DIRECTION('',(-1.,0.,0.));
#16266 = ORIENTED_EDGE('',*,*,#16267,.F.);
#16267 = EDGE_CURVE('',#16268,#16260,#16270,.T.);
#16268 = VERTEX_POINT('',#16269);
#16269 = CARTESIAN_POINT('',(107.34,-112.01,0.71));
#16270 = LINE('',#16271,#16272);
#16271 = CARTESIAN_POINT('',(107.34,-112.01,0.71));
#16272 = VECTOR('',#16273,1.);
#16273 = DIRECTION('',(0.,0.,1.));
#16274 = ORIENTED_EDGE('',*,*,#16275,.F.);
#16275 = EDGE_CURVE('',#16236,#16268,#16276,.T.);
#16276 = LINE('',#16277,#16278);
#16277 = CARTESIAN_POINT('',(107.62,-112.01,0.71));
#16278 = VECTOR('',#16279,1.);
#16279 = DIRECTION('',(-1.,0.,0.));
#16280 = PLANE('',#16281);
#16281 = AXIS2_PLACEMENT_3D('',#16282,#16283,#16284);
#16282 = CARTESIAN_POINT('',(107.62,-112.01,0.71));
#16283 = DIRECTION('',(0.,-1.,0.));
#16284 = DIRECTION('',(-1.,0.,0.));
#16285 = ADVANCED_FACE('',(#16286),#16313,.T.);
#16286 = FACE_BOUND('',#16287,.T.);
#16287 = EDGE_LOOP('',(#16288,#16289,#16298,#16306));
#16288 = ORIENTED_EDGE('',*,*,#16267,.T.);
#16289 = ORIENTED_EDGE('',*,*,#16290,.T.);
#16290 = EDGE_CURVE('',#16260,#16291,#16293,.T.);
#16291 = VERTEX_POINT('',#16292);
#16292 = CARTESIAN_POINT('',(107.2,-111.87,0.75));
#16293 = CIRCLE('',#16294,0.139999827125);
#16294 = AXIS2_PLACEMENT_3D('',#16295,#16296,#16297);
#16295 = CARTESIAN_POINT('',(107.33999982712,-111.8700001728,0.75));
#16296 = DIRECTION('',(0.,0.,-1.));
#16297 = DIRECTION('',(1.234820451254E-06,-0.999999999999,0.));
#16298 = ORIENTED_EDGE('',*,*,#16299,.F.);
#16299 = EDGE_CURVE('',#16300,#16291,#16302,.T.);
#16300 = VERTEX_POINT('',#16301);
#16301 = CARTESIAN_POINT('',(107.2,-111.87,0.71));
#16302 = LINE('',#16303,#16304);
#16303 = CARTESIAN_POINT('',(107.2,-111.87,0.71));
#16304 = VECTOR('',#16305,1.);
#16305 = DIRECTION('',(0.,0.,1.));
#16306 = ORIENTED_EDGE('',*,*,#16307,.F.);
#16307 = EDGE_CURVE('',#16268,#16300,#16308,.T.);
#16308 = CIRCLE('',#16309,0.139999827125);
#16309 = AXIS2_PLACEMENT_3D('',#16310,#16311,#16312);
#16310 = CARTESIAN_POINT('',(107.33999982712,-111.8700001728,0.71));
#16311 = DIRECTION('',(0.,0.,-1.));
#16312 = DIRECTION('',(1.234820451254E-06,-0.999999999999,0.));
#16313 = CYLINDRICAL_SURFACE('',#16314,0.139999827125);
#16314 = AXIS2_PLACEMENT_3D('',#16315,#16316,#16317);
#16315 = CARTESIAN_POINT('',(107.33999982712,-111.8700001728,0.71));
#16316 = DIRECTION('',(0.,0.,-1.));
#16317 = DIRECTION('',(1.234820451254E-06,-0.999999999999,0.));
#16318 = ADVANCED_FACE('',(#16319),#16335,.T.);
#16319 = FACE_BOUND('',#16320,.T.);
#16320 = EDGE_LOOP('',(#16321,#16322,#16328,#16329));
#16321 = ORIENTED_EDGE('',*,*,#16299,.T.);
#16322 = ORIENTED_EDGE('',*,*,#16323,.T.);
#16323 = EDGE_CURVE('',#16291,#16091,#16324,.T.);
#16324 = LINE('',#16325,#16326);
#16325 = CARTESIAN_POINT('',(107.2,-111.87,0.75));
#16326 = VECTOR('',#16327,1.);
#16327 = DIRECTION('',(0.,1.,0.));
#16328 = ORIENTED_EDGE('',*,*,#16088,.F.);
#16329 = ORIENTED_EDGE('',*,*,#16330,.F.);
#16330 = EDGE_CURVE('',#16300,#16089,#16331,.T.);
#16331 = LINE('',#16332,#16333);
#16332 = CARTESIAN_POINT('',(107.2,-111.87,0.71));
#16333 = VECTOR('',#16334,1.);
#16334 = DIRECTION('',(0.,1.,0.));
#16335 = PLANE('',#16336);
#16336 = AXIS2_PLACEMENT_3D('',#16337,#16338,#16339);
#16337 = CARTESIAN_POINT('',(107.2,-111.87,0.71));
#16338 = DIRECTION('',(-1.,0.,0.));
#16339 = DIRECTION('',(0.,1.,0.));
#16340 = ADVANCED_FACE('',(#16341),#16351,.F.);
#16341 = FACE_BOUND('',#16342,.T.);
#16342 = EDGE_LOOP('',(#16343,#16344,#16345,#16346,#16347,#16348,#16349,
    #16350));
#16343 = ORIENTED_EDGE('',*,*,#16115,.T.);
#16344 = ORIENTED_EDGE('',*,*,#16147,.T.);
#16345 = ORIENTED_EDGE('',*,*,#16179,.T.);
#16346 = ORIENTED_EDGE('',*,*,#16211,.T.);
#16347 = ORIENTED_EDGE('',*,*,#16243,.T.);
#16348 = ORIENTED_EDGE('',*,*,#16275,.T.);
#16349 = ORIENTED_EDGE('',*,*,#16307,.T.);
#16350 = ORIENTED_EDGE('',*,*,#16330,.T.);
#16351 = PLANE('',#16352);
#16352 = AXIS2_PLACEMENT_3D('',#16353,#16354,#16355);
#16353 = CARTESIAN_POINT('',(0.,0.,0.71));
#16354 = DIRECTION('',(0.,0.,1.));
#16355 = DIRECTION('',(1.,0.,-0.));
#16356 = ADVANCED_FACE('',(#16357),#16367,.T.);
#16357 = FACE_BOUND('',#16358,.F.);
#16358 = EDGE_LOOP('',(#16359,#16360,#16361,#16362,#16363,#16364,#16365,
    #16366));
#16359 = ORIENTED_EDGE('',*,*,#16098,.T.);
#16360 = ORIENTED_EDGE('',*,*,#16131,.T.);
#16361 = ORIENTED_EDGE('',*,*,#16162,.T.);
#16362 = ORIENTED_EDGE('',*,*,#16195,.T.);
#16363 = ORIENTED_EDGE('',*,*,#16226,.T.);
#16364 = ORIENTED_EDGE('',*,*,#16259,.T.);
#16365 = ORIENTED_EDGE('',*,*,#16290,.T.);
#16366 = ORIENTED_EDGE('',*,*,#16323,.T.);
#16367 = PLANE('',#16368);
#16368 = AXIS2_PLACEMENT_3D('',#16369,#16370,#16371);
#16369 = CARTESIAN_POINT('',(0.,0.,0.75));
#16370 = DIRECTION('',(0.,0.,1.));
#16371 = DIRECTION('',(1.,0.,-0.));
#16372 = MANIFOLD_SOLID_BREP('',#16373);
#16373 = CLOSED_SHELL('',(#16374,#16414,#16445,#16476,#16498,#16510));
#16374 = ADVANCED_FACE('',(#16375),#16409,.T.);
#16375 = FACE_BOUND('',#16376,.T.);
#16376 = EDGE_LOOP('',(#16377,#16387,#16395,#16403));
#16377 = ORIENTED_EDGE('',*,*,#16378,.T.);
#16378 = EDGE_CURVE('',#16379,#16381,#16383,.T.);
#16379 = VERTEX_POINT('',#16380);
#16380 = CARTESIAN_POINT('',(99.5,-100.5,0.71));
#16381 = VERTEX_POINT('',#16382);
#16382 = CARTESIAN_POINT('',(99.5,-100.5,0.75));
#16383 = LINE('',#16384,#16385);
#16384 = CARTESIAN_POINT('',(99.5,-100.5,0.71));
#16385 = VECTOR('',#16386,1.);
#16386 = DIRECTION('',(0.,0.,1.));
#16387 = ORIENTED_EDGE('',*,*,#16388,.T.);
#16388 = EDGE_CURVE('',#16381,#16389,#16391,.T.);
#16389 = VERTEX_POINT('',#16390);
#16390 = CARTESIAN_POINT('',(99.5,-99.5,0.75));
#16391 = LINE('',#16392,#16393);
#16392 = CARTESIAN_POINT('',(99.5,-100.5,0.75));
#16393 = VECTOR('',#16394,1.);
#16394 = DIRECTION('',(0.,1.,0.));
#16395 = ORIENTED_EDGE('',*,*,#16396,.F.);
#16396 = EDGE_CURVE('',#16397,#16389,#16399,.T.);
#16397 = VERTEX_POINT('',#16398);
#16398 = CARTESIAN_POINT('',(99.5,-99.5,0.71));
#16399 = LINE('',#16400,#16401);
#16400 = CARTESIAN_POINT('',(99.5,-99.5,0.71));
#16401 = VECTOR('',#16402,1.);
#16402 = DIRECTION('',(0.,0.,1.));
#16403 = ORIENTED_EDGE('',*,*,#16404,.F.);
#16404 = EDGE_CURVE('',#16379,#16397,#16405,.T.);
#16405 = LINE('',#16406,#16407);
#16406 = CARTESIAN_POINT('',(99.5,-100.5,0.71));
#16407 = VECTOR('',#16408,1.);
#16408 = DIRECTION('',(0.,1.,0.));
#16409 = PLANE('',#16410);
#16410 = AXIS2_PLACEMENT_3D('',#16411,#16412,#16413);
#16411 = CARTESIAN_POINT('',(99.5,-100.5,0.71));
#16412 = DIRECTION('',(-1.,0.,0.));
#16413 = DIRECTION('',(0.,1.,0.));
#16414 = ADVANCED_FACE('',(#16415),#16440,.T.);
#16415 = FACE_BOUND('',#16416,.T.);
#16416 = EDGE_LOOP('',(#16417,#16418,#16426,#16434));
#16417 = ORIENTED_EDGE('',*,*,#16396,.T.);
#16418 = ORIENTED_EDGE('',*,*,#16419,.T.);
#16419 = EDGE_CURVE('',#16389,#16420,#16422,.T.);
#16420 = VERTEX_POINT('',#16421);
#16421 = CARTESIAN_POINT('',(100.5,-99.5,0.75));
#16422 = LINE('',#16423,#16424);
#16423 = CARTESIAN_POINT('',(99.5,-99.5,0.75));
#16424 = VECTOR('',#16425,1.);
#16425 = DIRECTION('',(1.,0.,0.));
#16426 = ORIENTED_EDGE('',*,*,#16427,.F.);
#16427 = EDGE_CURVE('',#16428,#16420,#16430,.T.);
#16428 = VERTEX_POINT('',#16429);
#16429 = CARTESIAN_POINT('',(100.5,-99.5,0.71));
#16430 = LINE('',#16431,#16432);
#16431 = CARTESIAN_POINT('',(100.5,-99.5,0.71));
#16432 = VECTOR('',#16433,1.);
#16433 = DIRECTION('',(0.,0.,1.));
#16434 = ORIENTED_EDGE('',*,*,#16435,.F.);
#16435 = EDGE_CURVE('',#16397,#16428,#16436,.T.);
#16436 = LINE('',#16437,#16438);
#16437 = CARTESIAN_POINT('',(99.5,-99.5,0.71));
#16438 = VECTOR('',#16439,1.);
#16439 = DIRECTION('',(1.,0.,0.));
#16440 = PLANE('',#16441);
#16441 = AXIS2_PLACEMENT_3D('',#16442,#16443,#16444);
#16442 = CARTESIAN_POINT('',(99.5,-99.5,0.71));
#16443 = DIRECTION('',(0.,1.,0.));
#16444 = DIRECTION('',(1.,0.,0.));
#16445 = ADVANCED_FACE('',(#16446),#16471,.T.);
#16446 = FACE_BOUND('',#16447,.T.);
#16447 = EDGE_LOOP('',(#16448,#16449,#16457,#16465));
#16448 = ORIENTED_EDGE('',*,*,#16427,.T.);
#16449 = ORIENTED_EDGE('',*,*,#16450,.T.);
#16450 = EDGE_CURVE('',#16420,#16451,#16453,.T.);
#16451 = VERTEX_POINT('',#16452);
#16452 = CARTESIAN_POINT('',(100.5,-100.5,0.75));
#16453 = LINE('',#16454,#16455);
#16454 = CARTESIAN_POINT('',(100.5,-99.5,0.75));
#16455 = VECTOR('',#16456,1.);
#16456 = DIRECTION('',(0.,-1.,0.));
#16457 = ORIENTED_EDGE('',*,*,#16458,.F.);
#16458 = EDGE_CURVE('',#16459,#16451,#16461,.T.);
#16459 = VERTEX_POINT('',#16460);
#16460 = CARTESIAN_POINT('',(100.5,-100.5,0.71));
#16461 = LINE('',#16462,#16463);
#16462 = CARTESIAN_POINT('',(100.5,-100.5,0.71));
#16463 = VECTOR('',#16464,1.);
#16464 = DIRECTION('',(0.,0.,1.));
#16465 = ORIENTED_EDGE('',*,*,#16466,.F.);
#16466 = EDGE_CURVE('',#16428,#16459,#16467,.T.);
#16467 = LINE('',#16468,#16469);
#16468 = CARTESIAN_POINT('',(100.5,-99.5,0.71));
#16469 = VECTOR('',#16470,1.);
#16470 = DIRECTION('',(0.,-1.,0.));
#16471 = PLANE('',#16472);
#16472 = AXIS2_PLACEMENT_3D('',#16473,#16474,#16475);
#16473 = CARTESIAN_POINT('',(100.5,-99.5,0.71));
#16474 = DIRECTION('',(1.,0.,-0.));
#16475 = DIRECTION('',(0.,-1.,0.));
#16476 = ADVANCED_FACE('',(#16477),#16493,.T.);
#16477 = FACE_BOUND('',#16478,.T.);
#16478 = EDGE_LOOP('',(#16479,#16480,#16486,#16487));
#16479 = ORIENTED_EDGE('',*,*,#16458,.T.);
#16480 = ORIENTED_EDGE('',*,*,#16481,.T.);
#16481 = EDGE_CURVE('',#16451,#16381,#16482,.T.);
#16482 = LINE('',#16483,#16484);
#16483 = CARTESIAN_POINT('',(100.5,-100.5,0.75));
#16484 = VECTOR('',#16485,1.);
#16485 = DIRECTION('',(-1.,0.,0.));
#16486 = ORIENTED_EDGE('',*,*,#16378,.F.);
#16487 = ORIENTED_EDGE('',*,*,#16488,.F.);
#16488 = EDGE_CURVE('',#16459,#16379,#16489,.T.);
#16489 = LINE('',#16490,#16491);
#16490 = CARTESIAN_POINT('',(100.5,-100.5,0.71));
#16491 = VECTOR('',#16492,1.);
#16492 = DIRECTION('',(-1.,0.,0.));
#16493 = PLANE('',#16494);
#16494 = AXIS2_PLACEMENT_3D('',#16495,#16496,#16497);
#16495 = CARTESIAN_POINT('',(100.5,-100.5,0.71));
#16496 = DIRECTION('',(0.,-1.,0.));
#16497 = DIRECTION('',(-1.,0.,0.));
#16498 = ADVANCED_FACE('',(#16499),#16505,.F.);
#16499 = FACE_BOUND('',#16500,.T.);
#16500 = EDGE_LOOP('',(#16501,#16502,#16503,#16504));
#16501 = ORIENTED_EDGE('',*,*,#16404,.T.);
#16502 = ORIENTED_EDGE('',*,*,#16435,.T.);
#16503 = ORIENTED_EDGE('',*,*,#16466,.T.);
#16504 = ORIENTED_EDGE('',*,*,#16488,.T.);
#16505 = PLANE('',#16506);
#16506 = AXIS2_PLACEMENT_3D('',#16507,#16508,#16509);
#16507 = CARTESIAN_POINT('',(0.,0.,0.71));
#16508 = DIRECTION('',(0.,0.,1.));
#16509 = DIRECTION('',(1.,0.,-0.));
#16510 = ADVANCED_FACE('',(#16511),#16517,.T.);
#16511 = FACE_BOUND('',#16512,.F.);
#16512 = EDGE_LOOP('',(#16513,#16514,#16515,#16516));
#16513 = ORIENTED_EDGE('',*,*,#16388,.T.);
#16514 = ORIENTED_EDGE('',*,*,#16419,.T.);
#16515 = ORIENTED_EDGE('',*,*,#16450,.T.);
#16516 = ORIENTED_EDGE('',*,*,#16481,.T.);
#16517 = PLANE('',#16518);
#16518 = AXIS2_PLACEMENT_3D('',#16519,#16520,#16521);
#16519 = CARTESIAN_POINT('',(0.,0.,0.75));
#16520 = DIRECTION('',(0.,0.,1.));
#16521 = DIRECTION('',(1.,0.,-0.));
#16522 = MANIFOLD_SOLID_BREP('',#16523);
#16523 = CLOSED_SHELL('',(#16524,#16564,#16595,#16626,#16648,#16660));
#16524 = ADVANCED_FACE('',(#16525),#16559,.F.);
#16525 = FACE_BOUND('',#16526,.F.);
#16526 = EDGE_LOOP('',(#16527,#16537,#16545,#16553));
#16527 = ORIENTED_EDGE('',*,*,#16528,.T.);
#16528 = EDGE_CURVE('',#16529,#16531,#16533,.T.);
#16529 = VERTEX_POINT('',#16530);
#16530 = CARTESIAN_POINT('',(99.5,-100.5,0.));
#16531 = VERTEX_POINT('',#16532);
#16532 = CARTESIAN_POINT('',(99.5,-100.5,-4.E-02));
#16533 = LINE('',#16534,#16535);
#16534 = CARTESIAN_POINT('',(99.5,-100.5,0.));
#16535 = VECTOR('',#16536,1.);
#16536 = DIRECTION('',(0.,0.,-1.));
#16537 = ORIENTED_EDGE('',*,*,#16538,.T.);
#16538 = EDGE_CURVE('',#16531,#16539,#16541,.T.);
#16539 = VERTEX_POINT('',#16540);
#16540 = CARTESIAN_POINT('',(99.5,-99.5,-4.E-02));
#16541 = LINE('',#16542,#16543);
#16542 = CARTESIAN_POINT('',(99.5,-100.5,-4.E-02));
#16543 = VECTOR('',#16544,1.);
#16544 = DIRECTION('',(0.,1.,0.));
#16545 = ORIENTED_EDGE('',*,*,#16546,.F.);
#16546 = EDGE_CURVE('',#16547,#16539,#16549,.T.);
#16547 = VERTEX_POINT('',#16548);
#16548 = CARTESIAN_POINT('',(99.5,-99.5,0.));
#16549 = LINE('',#16550,#16551);
#16550 = CARTESIAN_POINT('',(99.5,-99.5,0.));
#16551 = VECTOR('',#16552,1.);
#16552 = DIRECTION('',(0.,0.,-1.));
#16553 = ORIENTED_EDGE('',*,*,#16554,.F.);
#16554 = EDGE_CURVE('',#16529,#16547,#16555,.T.);
#16555 = LINE('',#16556,#16557);
#16556 = CARTESIAN_POINT('',(99.5,-100.5,0.));
#16557 = VECTOR('',#16558,1.);
#16558 = DIRECTION('',(0.,1.,0.));
#16559 = PLANE('',#16560);
#16560 = AXIS2_PLACEMENT_3D('',#16561,#16562,#16563);
#16561 = CARTESIAN_POINT('',(99.5,-100.5,0.));
#16562 = DIRECTION('',(1.,-0.,0.));
#16563 = DIRECTION('',(0.,1.,0.));
#16564 = ADVANCED_FACE('',(#16565),#16590,.F.);
#16565 = FACE_BOUND('',#16566,.F.);
#16566 = EDGE_LOOP('',(#16567,#16568,#16576,#16584));
#16567 = ORIENTED_EDGE('',*,*,#16546,.T.);
#16568 = ORIENTED_EDGE('',*,*,#16569,.T.);
#16569 = EDGE_CURVE('',#16539,#16570,#16572,.T.);
#16570 = VERTEX_POINT('',#16571);
#16571 = CARTESIAN_POINT('',(100.5,-99.5,-4.E-02));
#16572 = LINE('',#16573,#16574);
#16573 = CARTESIAN_POINT('',(99.5,-99.5,-4.E-02));
#16574 = VECTOR('',#16575,1.);
#16575 = DIRECTION('',(1.,0.,0.));
#16576 = ORIENTED_EDGE('',*,*,#16577,.F.);
#16577 = EDGE_CURVE('',#16578,#16570,#16580,.T.);
#16578 = VERTEX_POINT('',#16579);
#16579 = CARTESIAN_POINT('',(100.5,-99.5,0.));
#16580 = LINE('',#16581,#16582);
#16581 = CARTESIAN_POINT('',(100.5,-99.5,0.));
#16582 = VECTOR('',#16583,1.);
#16583 = DIRECTION('',(0.,0.,-1.));
#16584 = ORIENTED_EDGE('',*,*,#16585,.F.);
#16585 = EDGE_CURVE('',#16547,#16578,#16586,.T.);
#16586 = LINE('',#16587,#16588);
#16587 = CARTESIAN_POINT('',(99.5,-99.5,0.));
#16588 = VECTOR('',#16589,1.);
#16589 = DIRECTION('',(1.,0.,0.));
#16590 = PLANE('',#16591);
#16591 = AXIS2_PLACEMENT_3D('',#16592,#16593,#16594);
#16592 = CARTESIAN_POINT('',(99.5,-99.5,0.));
#16593 = DIRECTION('',(0.,-1.,0.));
#16594 = DIRECTION('',(1.,0.,0.));
#16595 = ADVANCED_FACE('',(#16596),#16621,.F.);
#16596 = FACE_BOUND('',#16597,.F.);
#16597 = EDGE_LOOP('',(#16598,#16599,#16607,#16615));
#16598 = ORIENTED_EDGE('',*,*,#16577,.T.);
#16599 = ORIENTED_EDGE('',*,*,#16600,.T.);
#16600 = EDGE_CURVE('',#16570,#16601,#16603,.T.);
#16601 = VERTEX_POINT('',#16602);
#16602 = CARTESIAN_POINT('',(100.5,-100.5,-4.E-02));
#16603 = LINE('',#16604,#16605);
#16604 = CARTESIAN_POINT('',(100.5,-99.5,-4.E-02));
#16605 = VECTOR('',#16606,1.);
#16606 = DIRECTION('',(0.,-1.,0.));
#16607 = ORIENTED_EDGE('',*,*,#16608,.F.);
#16608 = EDGE_CURVE('',#16609,#16601,#16611,.T.);
#16609 = VERTEX_POINT('',#16610);
#16610 = CARTESIAN_POINT('',(100.5,-100.5,0.));
#16611 = LINE('',#16612,#16613);
#16612 = CARTESIAN_POINT('',(100.5,-100.5,0.));
#16613 = VECTOR('',#16614,1.);
#16614 = DIRECTION('',(0.,0.,-1.));
#16615 = ORIENTED_EDGE('',*,*,#16616,.F.);
#16616 = EDGE_CURVE('',#16578,#16609,#16617,.T.);
#16617 = LINE('',#16618,#16619);
#16618 = CARTESIAN_POINT('',(100.5,-99.5,0.));
#16619 = VECTOR('',#16620,1.);
#16620 = DIRECTION('',(0.,-1.,0.));
#16621 = PLANE('',#16622);
#16622 = AXIS2_PLACEMENT_3D('',#16623,#16624,#16625);
#16623 = CARTESIAN_POINT('',(100.5,-99.5,0.));
#16624 = DIRECTION('',(-1.,-0.,-0.));
#16625 = DIRECTION('',(0.,-1.,0.));
#16626 = ADVANCED_FACE('',(#16627),#16643,.F.);
#16627 = FACE_BOUND('',#16628,.F.);
#16628 = EDGE_LOOP('',(#16629,#16630,#16636,#16637));
#16629 = ORIENTED_EDGE('',*,*,#16608,.T.);
#16630 = ORIENTED_EDGE('',*,*,#16631,.T.);
#16631 = EDGE_CURVE('',#16601,#16531,#16632,.T.);
#16632 = LINE('',#16633,#16634);
#16633 = CARTESIAN_POINT('',(100.5,-100.5,-4.E-02));
#16634 = VECTOR('',#16635,1.);
#16635 = DIRECTION('',(-1.,0.,0.));
#16636 = ORIENTED_EDGE('',*,*,#16528,.F.);
#16637 = ORIENTED_EDGE('',*,*,#16638,.F.);
#16638 = EDGE_CURVE('',#16609,#16529,#16639,.T.);
#16639 = LINE('',#16640,#16641);
#16640 = CARTESIAN_POINT('',(100.5,-100.5,0.));
#16641 = VECTOR('',#16642,1.);
#16642 = DIRECTION('',(-1.,0.,0.));
#16643 = PLANE('',#16644);
#16644 = AXIS2_PLACEMENT_3D('',#16645,#16646,#16647);
#16645 = CARTESIAN_POINT('',(100.5,-100.5,0.));
#16646 = DIRECTION('',(0.,1.,0.));
#16647 = DIRECTION('',(-1.,0.,0.));
#16648 = ADVANCED_FACE('',(#16649),#16655,.F.);
#16649 = FACE_BOUND('',#16650,.F.);
#16650 = EDGE_LOOP('',(#16651,#16652,#16653,#16654));
#16651 = ORIENTED_EDGE('',*,*,#16554,.T.);
#16652 = ORIENTED_EDGE('',*,*,#16585,.T.);
#16653 = ORIENTED_EDGE('',*,*,#16616,.T.);
#16654 = ORIENTED_EDGE('',*,*,#16638,.T.);
#16655 = PLANE('',#16656);
#16656 = AXIS2_PLACEMENT_3D('',#16657,#16658,#16659);
#16657 = CARTESIAN_POINT('',(0.,0.,0.));
#16658 = DIRECTION('',(-0.,-0.,-1.));
#16659 = DIRECTION('',(-1.,0.,0.));
#16660 = ADVANCED_FACE('',(#16661),#16667,.T.);
#16661 = FACE_BOUND('',#16662,.T.);
#16662 = EDGE_LOOP('',(#16663,#16664,#16665,#16666));
#16663 = ORIENTED_EDGE('',*,*,#16538,.T.);
#16664 = ORIENTED_EDGE('',*,*,#16569,.T.);
#16665 = ORIENTED_EDGE('',*,*,#16600,.T.);
#16666 = ORIENTED_EDGE('',*,*,#16631,.T.);
#16667 = PLANE('',#16668);
#16668 = AXIS2_PLACEMENT_3D('',#16669,#16670,#16671);
#16669 = CARTESIAN_POINT('',(0.,0.,-4.E-02));
#16670 = DIRECTION('',(-0.,-0.,-1.));
#16671 = DIRECTION('',(-1.,0.,0.));
#16672 = MANIFOLD_SOLID_BREP('',#16673);
#16673 = CLOSED_SHELL('',(#16674,#16714,#16745,#16776,#16798,#16810));
#16674 = ADVANCED_FACE('',(#16675),#16709,.F.);
#16675 = FACE_BOUND('',#16676,.F.);
#16676 = EDGE_LOOP('',(#16677,#16687,#16695,#16703));
#16677 = ORIENTED_EDGE('',*,*,#16678,.T.);
#16678 = EDGE_CURVE('',#16679,#16681,#16683,.T.);
#16679 = VERTEX_POINT('',#16680);
#16680 = CARTESIAN_POINT('',(96.,-93.1,0.));
#16681 = VERTEX_POINT('',#16682);
#16682 = CARTESIAN_POINT('',(96.,-93.1,-4.E-02));
#16683 = LINE('',#16684,#16685);
#16684 = CARTESIAN_POINT('',(96.,-93.1,0.));
#16685 = VECTOR('',#16686,1.);
#16686 = DIRECTION('',(0.,0.,-1.));
#16687 = ORIENTED_EDGE('',*,*,#16688,.T.);
#16688 = EDGE_CURVE('',#16681,#16689,#16691,.T.);
#16689 = VERTEX_POINT('',#16690);
#16690 = CARTESIAN_POINT('',(96.,-85.1,-4.E-02));
#16691 = LINE('',#16692,#16693);
#16692 = CARTESIAN_POINT('',(96.,-93.1,-4.E-02));
#16693 = VECTOR('',#16694,1.);
#16694 = DIRECTION('',(0.,1.,0.));
#16695 = ORIENTED_EDGE('',*,*,#16696,.F.);
#16696 = EDGE_CURVE('',#16697,#16689,#16699,.T.);
#16697 = VERTEX_POINT('',#16698);
#16698 = CARTESIAN_POINT('',(96.,-85.1,0.));
#16699 = LINE('',#16700,#16701);
#16700 = CARTESIAN_POINT('',(96.,-85.1,0.));
#16701 = VECTOR('',#16702,1.);
#16702 = DIRECTION('',(0.,0.,-1.));
#16703 = ORIENTED_EDGE('',*,*,#16704,.F.);
#16704 = EDGE_CURVE('',#16679,#16697,#16705,.T.);
#16705 = LINE('',#16706,#16707);
#16706 = CARTESIAN_POINT('',(96.,-93.1,0.));
#16707 = VECTOR('',#16708,1.);
#16708 = DIRECTION('',(0.,1.,0.));
#16709 = PLANE('',#16710);
#16710 = AXIS2_PLACEMENT_3D('',#16711,#16712,#16713);
#16711 = CARTESIAN_POINT('',(96.,-93.1,0.));
#16712 = DIRECTION('',(1.,-0.,0.));
#16713 = DIRECTION('',(0.,1.,0.));
#16714 = ADVANCED_FACE('',(#16715),#16740,.F.);
#16715 = FACE_BOUND('',#16716,.F.);
#16716 = EDGE_LOOP('',(#16717,#16718,#16726,#16734));
#16717 = ORIENTED_EDGE('',*,*,#16696,.T.);
#16718 = ORIENTED_EDGE('',*,*,#16719,.T.);
#16719 = EDGE_CURVE('',#16689,#16720,#16722,.T.);
#16720 = VERTEX_POINT('',#16721);
#16721 = CARTESIAN_POINT('',(104.,-85.1,-4.E-02));
#16722 = LINE('',#16723,#16724);
#16723 = CARTESIAN_POINT('',(96.,-85.1,-4.E-02));
#16724 = VECTOR('',#16725,1.);
#16725 = DIRECTION('',(1.,0.,0.));
#16726 = ORIENTED_EDGE('',*,*,#16727,.F.);
#16727 = EDGE_CURVE('',#16728,#16720,#16730,.T.);
#16728 = VERTEX_POINT('',#16729);
#16729 = CARTESIAN_POINT('',(104.,-85.1,0.));
#16730 = LINE('',#16731,#16732);
#16731 = CARTESIAN_POINT('',(104.,-85.1,0.));
#16732 = VECTOR('',#16733,1.);
#16733 = DIRECTION('',(0.,0.,-1.));
#16734 = ORIENTED_EDGE('',*,*,#16735,.F.);
#16735 = EDGE_CURVE('',#16697,#16728,#16736,.T.);
#16736 = LINE('',#16737,#16738);
#16737 = CARTESIAN_POINT('',(96.,-85.1,0.));
#16738 = VECTOR('',#16739,1.);
#16739 = DIRECTION('',(1.,0.,0.));
#16740 = PLANE('',#16741);
#16741 = AXIS2_PLACEMENT_3D('',#16742,#16743,#16744);
#16742 = CARTESIAN_POINT('',(96.,-85.1,0.));
#16743 = DIRECTION('',(0.,-1.,0.));
#16744 = DIRECTION('',(1.,0.,0.));
#16745 = ADVANCED_FACE('',(#16746),#16771,.F.);
#16746 = FACE_BOUND('',#16747,.F.);
#16747 = EDGE_LOOP('',(#16748,#16749,#16757,#16765));
#16748 = ORIENTED_EDGE('',*,*,#16727,.T.);
#16749 = ORIENTED_EDGE('',*,*,#16750,.T.);
#16750 = EDGE_CURVE('',#16720,#16751,#16753,.T.);
#16751 = VERTEX_POINT('',#16752);
#16752 = CARTESIAN_POINT('',(104.,-93.1,-4.E-02));
#16753 = LINE('',#16754,#16755);
#16754 = CARTESIAN_POINT('',(104.,-85.1,-4.E-02));
#16755 = VECTOR('',#16756,1.);
#16756 = DIRECTION('',(0.,-1.,0.));
#16757 = ORIENTED_EDGE('',*,*,#16758,.F.);
#16758 = EDGE_CURVE('',#16759,#16751,#16761,.T.);
#16759 = VERTEX_POINT('',#16760);
#16760 = CARTESIAN_POINT('',(104.,-93.1,0.));
#16761 = LINE('',#16762,#16763);
#16762 = CARTESIAN_POINT('',(104.,-93.1,0.));
#16763 = VECTOR('',#16764,1.);
#16764 = DIRECTION('',(0.,0.,-1.));
#16765 = ORIENTED_EDGE('',*,*,#16766,.F.);
#16766 = EDGE_CURVE('',#16728,#16759,#16767,.T.);
#16767 = LINE('',#16768,#16769);
#16768 = CARTESIAN_POINT('',(104.,-85.1,0.));
#16769 = VECTOR('',#16770,1.);
#16770 = DIRECTION('',(0.,-1.,0.));
#16771 = PLANE('',#16772);
#16772 = AXIS2_PLACEMENT_3D('',#16773,#16774,#16775);
#16773 = CARTESIAN_POINT('',(104.,-85.1,0.));
#16774 = DIRECTION('',(-1.,-0.,-0.));
#16775 = DIRECTION('',(0.,-1.,0.));
#16776 = ADVANCED_FACE('',(#16777),#16793,.F.);
#16777 = FACE_BOUND('',#16778,.F.);
#16778 = EDGE_LOOP('',(#16779,#16780,#16786,#16787));
#16779 = ORIENTED_EDGE('',*,*,#16758,.T.);
#16780 = ORIENTED_EDGE('',*,*,#16781,.T.);
#16781 = EDGE_CURVE('',#16751,#16681,#16782,.T.);
#16782 = LINE('',#16783,#16784);
#16783 = CARTESIAN_POINT('',(104.,-93.1,-4.E-02));
#16784 = VECTOR('',#16785,1.);
#16785 = DIRECTION('',(-1.,0.,0.));
#16786 = ORIENTED_EDGE('',*,*,#16678,.F.);
#16787 = ORIENTED_EDGE('',*,*,#16788,.F.);
#16788 = EDGE_CURVE('',#16759,#16679,#16789,.T.);
#16789 = LINE('',#16790,#16791);
#16790 = CARTESIAN_POINT('',(104.,-93.1,0.));
#16791 = VECTOR('',#16792,1.);
#16792 = DIRECTION('',(-1.,0.,0.));
#16793 = PLANE('',#16794);
#16794 = AXIS2_PLACEMENT_3D('',#16795,#16796,#16797);
#16795 = CARTESIAN_POINT('',(104.,-93.1,0.));
#16796 = DIRECTION('',(0.,1.,0.));
#16797 = DIRECTION('',(-1.,0.,0.));
#16798 = ADVANCED_FACE('',(#16799),#16805,.F.);
#16799 = FACE_BOUND('',#16800,.F.);
#16800 = EDGE_LOOP('',(#16801,#16802,#16803,#16804));
#16801 = ORIENTED_EDGE('',*,*,#16704,.T.);
#16802 = ORIENTED_EDGE('',*,*,#16735,.T.);
#16803 = ORIENTED_EDGE('',*,*,#16766,.T.);
#16804 = ORIENTED_EDGE('',*,*,#16788,.T.);
#16805 = PLANE('',#16806);
#16806 = AXIS2_PLACEMENT_3D('',#16807,#16808,#16809);
#16807 = CARTESIAN_POINT('',(0.,0.,0.));
#16808 = DIRECTION('',(-0.,-0.,-1.));
#16809 = DIRECTION('',(-1.,0.,0.));
#16810 = ADVANCED_FACE('',(#16811),#16817,.T.);
#16811 = FACE_BOUND('',#16812,.T.);
#16812 = EDGE_LOOP('',(#16813,#16814,#16815,#16816));
#16813 = ORIENTED_EDGE('',*,*,#16688,.T.);
#16814 = ORIENTED_EDGE('',*,*,#16719,.T.);
#16815 = ORIENTED_EDGE('',*,*,#16750,.T.);
#16816 = ORIENTED_EDGE('',*,*,#16781,.T.);
#16817 = PLANE('',#16818);
#16818 = AXIS2_PLACEMENT_3D('',#16819,#16820,#16821);
#16819 = CARTESIAN_POINT('',(0.,0.,-4.E-02));
#16820 = DIRECTION('',(-0.,-0.,-1.));
#16821 = DIRECTION('',(-1.,0.,0.));
#16822 = MANIFOLD_SOLID_BREP('',#16823);
#16823 = CLOSED_SHELL('',(#16824,#16864,#16895,#16926,#16948,#16960));
#16824 = ADVANCED_FACE('',(#16825),#16859,.T.);
#16825 = FACE_BOUND('',#16826,.T.);
#16826 = EDGE_LOOP('',(#16827,#16837,#16845,#16853));
#16827 = ORIENTED_EDGE('',*,*,#16828,.T.);
#16828 = EDGE_CURVE('',#16829,#16831,#16833,.T.);
#16829 = VERTEX_POINT('',#16830);
#16830 = CARTESIAN_POINT('',(100.82,-92.15,0.71));
#16831 = VERTEX_POINT('',#16832);
#16832 = CARTESIAN_POINT('',(100.82,-92.15,0.75));
#16833 = LINE('',#16834,#16835);
#16834 = CARTESIAN_POINT('',(100.82,-92.15,0.71));
#16835 = VECTOR('',#16836,1.);
#16836 = DIRECTION('',(0.,0.,1.));
#16837 = ORIENTED_EDGE('',*,*,#16838,.T.);
#16838 = EDGE_CURVE('',#16831,#16839,#16841,.T.);
#16839 = VERTEX_POINT('',#16840);
#16840 = CARTESIAN_POINT('',(100.82,-90.35,0.75));
#16841 = LINE('',#16842,#16843);
#16842 = CARTESIAN_POINT('',(100.82,-92.15,0.75));
#16843 = VECTOR('',#16844,1.);
#16844 = DIRECTION('',(0.,1.,0.));
#16845 = ORIENTED_EDGE('',*,*,#16846,.F.);
#16846 = EDGE_CURVE('',#16847,#16839,#16849,.T.);
#16847 = VERTEX_POINT('',#16848);
#16848 = CARTESIAN_POINT('',(100.82,-90.35,0.71));
#16849 = LINE('',#16850,#16851);
#16850 = CARTESIAN_POINT('',(100.82,-90.35,0.71));
#16851 = VECTOR('',#16852,1.);
#16852 = DIRECTION('',(0.,0.,1.));
#16853 = ORIENTED_EDGE('',*,*,#16854,.F.);
#16854 = EDGE_CURVE('',#16829,#16847,#16855,.T.);
#16855 = LINE('',#16856,#16857);
#16856 = CARTESIAN_POINT('',(100.82,-92.15,0.71));
#16857 = VECTOR('',#16858,1.);
#16858 = DIRECTION('',(0.,1.,0.));
#16859 = PLANE('',#16860);
#16860 = AXIS2_PLACEMENT_3D('',#16861,#16862,#16863);
#16861 = CARTESIAN_POINT('',(100.82,-92.15,0.71));
#16862 = DIRECTION('',(-1.,0.,0.));
#16863 = DIRECTION('',(0.,1.,0.));
#16864 = ADVANCED_FACE('',(#16865),#16890,.T.);
#16865 = FACE_BOUND('',#16866,.T.);
#16866 = EDGE_LOOP('',(#16867,#16868,#16876,#16884));
#16867 = ORIENTED_EDGE('',*,*,#16846,.T.);
#16868 = ORIENTED_EDGE('',*,*,#16869,.T.);
#16869 = EDGE_CURVE('',#16839,#16870,#16872,.T.);
#16870 = VERTEX_POINT('',#16871);
#16871 = CARTESIAN_POINT('',(101.52,-90.35,0.75));
#16872 = LINE('',#16873,#16874);
#16873 = CARTESIAN_POINT('',(100.82,-90.35,0.75));
#16874 = VECTOR('',#16875,1.);
#16875 = DIRECTION('',(1.,0.,0.));
#16876 = ORIENTED_EDGE('',*,*,#16877,.F.);
#16877 = EDGE_CURVE('',#16878,#16870,#16880,.T.);
#16878 = VERTEX_POINT('',#16879);
#16879 = CARTESIAN_POINT('',(101.52,-90.35,0.71));
#16880 = LINE('',#16881,#16882);
#16881 = CARTESIAN_POINT('',(101.52,-90.35,0.71));
#16882 = VECTOR('',#16883,1.);
#16883 = DIRECTION('',(0.,0.,1.));
#16884 = ORIENTED_EDGE('',*,*,#16885,.F.);
#16885 = EDGE_CURVE('',#16847,#16878,#16886,.T.);
#16886 = LINE('',#16887,#16888);
#16887 = CARTESIAN_POINT('',(100.82,-90.35,0.71));
#16888 = VECTOR('',#16889,1.);
#16889 = DIRECTION('',(1.,0.,0.));
#16890 = PLANE('',#16891);
#16891 = AXIS2_PLACEMENT_3D('',#16892,#16893,#16894);
#16892 = CARTESIAN_POINT('',(100.82,-90.35,0.71));
#16893 = DIRECTION('',(0.,1.,0.));
#16894 = DIRECTION('',(1.,0.,0.));
#16895 = ADVANCED_FACE('',(#16896),#16921,.T.);
#16896 = FACE_BOUND('',#16897,.T.);
#16897 = EDGE_LOOP('',(#16898,#16899,#16907,#16915));
#16898 = ORIENTED_EDGE('',*,*,#16877,.T.);
#16899 = ORIENTED_EDGE('',*,*,#16900,.T.);
#16900 = EDGE_CURVE('',#16870,#16901,#16903,.T.);
#16901 = VERTEX_POINT('',#16902);
#16902 = CARTESIAN_POINT('',(101.52,-92.15,0.75));
#16903 = LINE('',#16904,#16905);
#16904 = CARTESIAN_POINT('',(101.52,-90.35,0.75));
#16905 = VECTOR('',#16906,1.);
#16906 = DIRECTION('',(0.,-1.,0.));
#16907 = ORIENTED_EDGE('',*,*,#16908,.F.);
#16908 = EDGE_CURVE('',#16909,#16901,#16911,.T.);
#16909 = VERTEX_POINT('',#16910);
#16910 = CARTESIAN_POINT('',(101.52,-92.15,0.71));
#16911 = LINE('',#16912,#16913);
#16912 = CARTESIAN_POINT('',(101.52,-92.15,0.71));
#16913 = VECTOR('',#16914,1.);
#16914 = DIRECTION('',(0.,0.,1.));
#16915 = ORIENTED_EDGE('',*,*,#16916,.F.);
#16916 = EDGE_CURVE('',#16878,#16909,#16917,.T.);
#16917 = LINE('',#16918,#16919);
#16918 = CARTESIAN_POINT('',(101.52,-90.35,0.71));
#16919 = VECTOR('',#16920,1.);
#16920 = DIRECTION('',(0.,-1.,0.));
#16921 = PLANE('',#16922);
#16922 = AXIS2_PLACEMENT_3D('',#16923,#16924,#16925);
#16923 = CARTESIAN_POINT('',(101.52,-90.35,0.71));
#16924 = DIRECTION('',(1.,0.,-0.));
#16925 = DIRECTION('',(0.,-1.,0.));
#16926 = ADVANCED_FACE('',(#16927),#16943,.T.);
#16927 = FACE_BOUND('',#16928,.T.);
#16928 = EDGE_LOOP('',(#16929,#16930,#16936,#16937));
#16929 = ORIENTED_EDGE('',*,*,#16908,.T.);
#16930 = ORIENTED_EDGE('',*,*,#16931,.T.);
#16931 = EDGE_CURVE('',#16901,#16831,#16932,.T.);
#16932 = LINE('',#16933,#16934);
#16933 = CARTESIAN_POINT('',(101.52,-92.15,0.75));
#16934 = VECTOR('',#16935,1.);
#16935 = DIRECTION('',(-1.,0.,0.));
#16936 = ORIENTED_EDGE('',*,*,#16828,.F.);
#16937 = ORIENTED_EDGE('',*,*,#16938,.F.);
#16938 = EDGE_CURVE('',#16909,#16829,#16939,.T.);
#16939 = LINE('',#16940,#16941);
#16940 = CARTESIAN_POINT('',(101.52,-92.15,0.71));
#16941 = VECTOR('',#16942,1.);
#16942 = DIRECTION('',(-1.,0.,0.));
#16943 = PLANE('',#16944);
#16944 = AXIS2_PLACEMENT_3D('',#16945,#16946,#16947);
#16945 = CARTESIAN_POINT('',(101.52,-92.15,0.71));
#16946 = DIRECTION('',(0.,-1.,0.));
#16947 = DIRECTION('',(-1.,0.,0.));
#16948 = ADVANCED_FACE('',(#16949),#16955,.F.);
#16949 = FACE_BOUND('',#16950,.T.);
#16950 = EDGE_LOOP('',(#16951,#16952,#16953,#16954));
#16951 = ORIENTED_EDGE('',*,*,#16854,.T.);
#16952 = ORIENTED_EDGE('',*,*,#16885,.T.);
#16953 = ORIENTED_EDGE('',*,*,#16916,.T.);
#16954 = ORIENTED_EDGE('',*,*,#16938,.T.);
#16955 = PLANE('',#16956);
#16956 = AXIS2_PLACEMENT_3D('',#16957,#16958,#16959);
#16957 = CARTESIAN_POINT('',(0.,0.,0.71));
#16958 = DIRECTION('',(0.,0.,1.));
#16959 = DIRECTION('',(1.,0.,-0.));
#16960 = ADVANCED_FACE('',(#16961),#16967,.T.);
#16961 = FACE_BOUND('',#16962,.F.);
#16962 = EDGE_LOOP('',(#16963,#16964,#16965,#16966));
#16963 = ORIENTED_EDGE('',*,*,#16838,.T.);
#16964 = ORIENTED_EDGE('',*,*,#16869,.T.);
#16965 = ORIENTED_EDGE('',*,*,#16900,.T.);
#16966 = ORIENTED_EDGE('',*,*,#16931,.T.);
#16967 = PLANE('',#16968);
#16968 = AXIS2_PLACEMENT_3D('',#16969,#16970,#16971);
#16969 = CARTESIAN_POINT('',(0.,0.,0.75));
#16970 = DIRECTION('',(0.,0.,1.));
#16971 = DIRECTION('',(1.,0.,-0.));
#16972 = MANIFOLD_SOLID_BREP('',#16973);
#16973 = CLOSED_SHELL('',(#16974,#17007,#17016));
#16974 = ADVANCED_FACE('',(#16975),#17002,.T.);
#16975 = FACE_BOUND('',#16976,.F.);
#16976 = EDGE_LOOP('',(#16977,#16987,#16994,#16995));
#16977 = ORIENTED_EDGE('',*,*,#16978,.T.);
#16978 = EDGE_CURVE('',#16979,#16981,#16983,.T.);
#16979 = VERTEX_POINT('',#16980);
#16980 = CARTESIAN_POINT('',(111.,-90.,0.71));
#16981 = VERTEX_POINT('',#16982);
#16982 = CARTESIAN_POINT('',(111.,-90.,0.75));
#16983 = LINE('',#16984,#16985);
#16984 = CARTESIAN_POINT('',(111.,-90.,0.71));
#16985 = VECTOR('',#16986,1.);
#16986 = DIRECTION('',(0.,0.,1.));
#16987 = ORIENTED_EDGE('',*,*,#16988,.T.);
#16988 = EDGE_CURVE('',#16981,#16981,#16989,.T.);
#16989 = CIRCLE('',#16990,0.5);
#16990 = AXIS2_PLACEMENT_3D('',#16991,#16992,#16993);
#16991 = CARTESIAN_POINT('',(110.5,-90.,0.75));
#16992 = DIRECTION('',(0.,0.,1.));
#16993 = DIRECTION('',(1.,0.,-0.));
#16994 = ORIENTED_EDGE('',*,*,#16978,.F.);
#16995 = ORIENTED_EDGE('',*,*,#16996,.F.);
#16996 = EDGE_CURVE('',#16979,#16979,#16997,.T.);
#16997 = CIRCLE('',#16998,0.5);
#16998 = AXIS2_PLACEMENT_3D('',#16999,#17000,#17001);
#16999 = CARTESIAN_POINT('',(110.5,-90.,0.71));
#17000 = DIRECTION('',(0.,0.,1.));
#17001 = DIRECTION('',(1.,0.,-0.));
#17002 = CYLINDRICAL_SURFACE('',#17003,0.5);
#17003 = AXIS2_PLACEMENT_3D('',#17004,#17005,#17006);
#17004 = CARTESIAN_POINT('',(110.5,-90.,0.71));
#17005 = DIRECTION('',(-0.,-0.,-1.));
#17006 = DIRECTION('',(1.,0.,-0.));
#17007 = ADVANCED_FACE('',(#17008),#17011,.F.);
#17008 = FACE_BOUND('',#17009,.F.);
#17009 = EDGE_LOOP('',(#17010));
#17010 = ORIENTED_EDGE('',*,*,#16996,.T.);
#17011 = PLANE('',#17012);
#17012 = AXIS2_PLACEMENT_3D('',#17013,#17014,#17015);
#17013 = CARTESIAN_POINT('',(0.,0.,0.71));
#17014 = DIRECTION('',(0.,0.,1.));
#17015 = DIRECTION('',(1.,0.,-0.));
#17016 = ADVANCED_FACE('',(#17017),#17020,.T.);
#17017 = FACE_BOUND('',#17018,.T.);
#17018 = EDGE_LOOP('',(#17019));
#17019 = ORIENTED_EDGE('',*,*,#16988,.T.);
#17020 = PLANE('',#17021);
#17021 = AXIS2_PLACEMENT_3D('',#17022,#17023,#17024);
#17022 = CARTESIAN_POINT('',(0.,0.,0.75));
#17023 = DIRECTION('',(0.,0.,1.));
#17024 = DIRECTION('',(1.,0.,-0.));
#17025 = MANIFOLD_SOLID_BREP('',#17026);
#17026 = CLOSED_SHELL('',(#17027,#17067,#17098,#17129,#17151,#17163));
#17027 = ADVANCED_FACE('',(#17028),#17062,.T.);
#17028 = FACE_BOUND('',#17029,.T.);
#17029 = EDGE_LOOP('',(#17030,#17040,#17048,#17056));
#17030 = ORIENTED_EDGE('',*,*,#17031,.T.);
#17031 = EDGE_CURVE('',#17032,#17034,#17036,.T.);
#17032 = VERTEX_POINT('',#17033);
#17033 = CARTESIAN_POINT('',(99.55,-92.15,0.71));
#17034 = VERTEX_POINT('',#17035);
#17035 = CARTESIAN_POINT('',(99.55,-92.15,0.75));
#17036 = LINE('',#17037,#17038);
#17037 = CARTESIAN_POINT('',(99.55,-92.15,0.71));
#17038 = VECTOR('',#17039,1.);
#17039 = DIRECTION('',(0.,0.,1.));
#17040 = ORIENTED_EDGE('',*,*,#17041,.T.);
#17041 = EDGE_CURVE('',#17034,#17042,#17044,.T.);
#17042 = VERTEX_POINT('',#17043);
#17043 = CARTESIAN_POINT('',(99.55,-90.35,0.75));
#17044 = LINE('',#17045,#17046);
#17045 = CARTESIAN_POINT('',(99.55,-92.15,0.75));
#17046 = VECTOR('',#17047,1.);
#17047 = DIRECTION('',(0.,1.,0.));
#17048 = ORIENTED_EDGE('',*,*,#17049,.F.);
#17049 = EDGE_CURVE('',#17050,#17042,#17052,.T.);
#17050 = VERTEX_POINT('',#17051);
#17051 = CARTESIAN_POINT('',(99.55,-90.35,0.71));
#17052 = LINE('',#17053,#17054);
#17053 = CARTESIAN_POINT('',(99.55,-90.35,0.71));
#17054 = VECTOR('',#17055,1.);
#17055 = DIRECTION('',(0.,0.,1.));
#17056 = ORIENTED_EDGE('',*,*,#17057,.F.);
#17057 = EDGE_CURVE('',#17032,#17050,#17058,.T.);
#17058 = LINE('',#17059,#17060);
#17059 = CARTESIAN_POINT('',(99.55,-92.15,0.71));
#17060 = VECTOR('',#17061,1.);
#17061 = DIRECTION('',(0.,1.,0.));
#17062 = PLANE('',#17063);
#17063 = AXIS2_PLACEMENT_3D('',#17064,#17065,#17066);
#17064 = CARTESIAN_POINT('',(99.55,-92.15,0.71));
#17065 = DIRECTION('',(-1.,0.,0.));
#17066 = DIRECTION('',(0.,1.,0.));
#17067 = ADVANCED_FACE('',(#17068),#17093,.T.);
#17068 = FACE_BOUND('',#17069,.T.);
#17069 = EDGE_LOOP('',(#17070,#17071,#17079,#17087));
#17070 = ORIENTED_EDGE('',*,*,#17049,.T.);
#17071 = ORIENTED_EDGE('',*,*,#17072,.T.);
#17072 = EDGE_CURVE('',#17042,#17073,#17075,.T.);
#17073 = VERTEX_POINT('',#17074);
#17074 = CARTESIAN_POINT('',(100.25,-90.35,0.75));
#17075 = LINE('',#17076,#17077);
#17076 = CARTESIAN_POINT('',(99.55,-90.35,0.75));
#17077 = VECTOR('',#17078,1.);
#17078 = DIRECTION('',(1.,0.,0.));
#17079 = ORIENTED_EDGE('',*,*,#17080,.F.);
#17080 = EDGE_CURVE('',#17081,#17073,#17083,.T.);
#17081 = VERTEX_POINT('',#17082);
#17082 = CARTESIAN_POINT('',(100.25,-90.35,0.71));
#17083 = LINE('',#17084,#17085);
#17084 = CARTESIAN_POINT('',(100.25,-90.35,0.71));
#17085 = VECTOR('',#17086,1.);
#17086 = DIRECTION('',(0.,0.,1.));
#17087 = ORIENTED_EDGE('',*,*,#17088,.F.);
#17088 = EDGE_CURVE('',#17050,#17081,#17089,.T.);
#17089 = LINE('',#17090,#17091);
#17090 = CARTESIAN_POINT('',(99.55,-90.35,0.71));
#17091 = VECTOR('',#17092,1.);
#17092 = DIRECTION('',(1.,0.,0.));
#17093 = PLANE('',#17094);
#17094 = AXIS2_PLACEMENT_3D('',#17095,#17096,#17097);
#17095 = CARTESIAN_POINT('',(99.55,-90.35,0.71));
#17096 = DIRECTION('',(0.,1.,0.));
#17097 = DIRECTION('',(1.,0.,0.));
#17098 = ADVANCED_FACE('',(#17099),#17124,.T.);
#17099 = FACE_BOUND('',#17100,.T.);
#17100 = EDGE_LOOP('',(#17101,#17102,#17110,#17118));
#17101 = ORIENTED_EDGE('',*,*,#17080,.T.);
#17102 = ORIENTED_EDGE('',*,*,#17103,.T.);
#17103 = EDGE_CURVE('',#17073,#17104,#17106,.T.);
#17104 = VERTEX_POINT('',#17105);
#17105 = CARTESIAN_POINT('',(100.25,-92.15,0.75));
#17106 = LINE('',#17107,#17108);
#17107 = CARTESIAN_POINT('',(100.25,-90.35,0.75));
#17108 = VECTOR('',#17109,1.);
#17109 = DIRECTION('',(0.,-1.,0.));
#17110 = ORIENTED_EDGE('',*,*,#17111,.F.);
#17111 = EDGE_CURVE('',#17112,#17104,#17114,.T.);
#17112 = VERTEX_POINT('',#17113);
#17113 = CARTESIAN_POINT('',(100.25,-92.15,0.71));
#17114 = LINE('',#17115,#17116);
#17115 = CARTESIAN_POINT('',(100.25,-92.15,0.71));
#17116 = VECTOR('',#17117,1.);
#17117 = DIRECTION('',(0.,0.,1.));
#17118 = ORIENTED_EDGE('',*,*,#17119,.F.);
#17119 = EDGE_CURVE('',#17081,#17112,#17120,.T.);
#17120 = LINE('',#17121,#17122);
#17121 = CARTESIAN_POINT('',(100.25,-90.35,0.71));
#17122 = VECTOR('',#17123,1.);
#17123 = DIRECTION('',(0.,-1.,0.));
#17124 = PLANE('',#17125);
#17125 = AXIS2_PLACEMENT_3D('',#17126,#17127,#17128);
#17126 = CARTESIAN_POINT('',(100.25,-90.35,0.71));
#17127 = DIRECTION('',(1.,0.,-0.));
#17128 = DIRECTION('',(0.,-1.,0.));
#17129 = ADVANCED_FACE('',(#17130),#17146,.T.);
#17130 = FACE_BOUND('',#17131,.T.);
#17131 = EDGE_LOOP('',(#17132,#17133,#17139,#17140));
#17132 = ORIENTED_EDGE('',*,*,#17111,.T.);
#17133 = ORIENTED_EDGE('',*,*,#17134,.T.);
#17134 = EDGE_CURVE('',#17104,#17034,#17135,.T.);
#17135 = LINE('',#17136,#17137);
#17136 = CARTESIAN_POINT('',(100.25,-92.15,0.75));
#17137 = VECTOR('',#17138,1.);
#17138 = DIRECTION('',(-1.,0.,0.));
#17139 = ORIENTED_EDGE('',*,*,#17031,.F.);
#17140 = ORIENTED_EDGE('',*,*,#17141,.F.);
#17141 = EDGE_CURVE('',#17112,#17032,#17142,.T.);
#17142 = LINE('',#17143,#17144);
#17143 = CARTESIAN_POINT('',(100.25,-92.15,0.71));
#17144 = VECTOR('',#17145,1.);
#17145 = DIRECTION('',(-1.,0.,0.));
#17146 = PLANE('',#17147);
#17147 = AXIS2_PLACEMENT_3D('',#17148,#17149,#17150);
#17148 = CARTESIAN_POINT('',(100.25,-92.15,0.71));
#17149 = DIRECTION('',(0.,-1.,0.));
#17150 = DIRECTION('',(-1.,0.,0.));
#17151 = ADVANCED_FACE('',(#17152),#17158,.F.);
#17152 = FACE_BOUND('',#17153,.T.);
#17153 = EDGE_LOOP('',(#17154,#17155,#17156,#17157));
#17154 = ORIENTED_EDGE('',*,*,#17057,.T.);
#17155 = ORIENTED_EDGE('',*,*,#17088,.T.);
#17156 = ORIENTED_EDGE('',*,*,#17119,.T.);
#17157 = ORIENTED_EDGE('',*,*,#17141,.T.);
#17158 = PLANE('',#17159);
#17159 = AXIS2_PLACEMENT_3D('',#17160,#17161,#17162);
#17160 = CARTESIAN_POINT('',(0.,0.,0.71));
#17161 = DIRECTION('',(0.,0.,1.));
#17162 = DIRECTION('',(1.,0.,-0.));
#17163 = ADVANCED_FACE('',(#17164),#17170,.T.);
#17164 = FACE_BOUND('',#17165,.F.);
#17165 = EDGE_LOOP('',(#17166,#17167,#17168,#17169));
#17166 = ORIENTED_EDGE('',*,*,#17041,.T.);
#17167 = ORIENTED_EDGE('',*,*,#17072,.T.);
#17168 = ORIENTED_EDGE('',*,*,#17103,.T.);
#17169 = ORIENTED_EDGE('',*,*,#17134,.T.);
#17170 = PLANE('',#17171);
#17171 = AXIS2_PLACEMENT_3D('',#17172,#17173,#17174);
#17172 = CARTESIAN_POINT('',(0.,0.,0.75));
#17173 = DIRECTION('',(0.,0.,1.));
#17174 = DIRECTION('',(1.,0.,-0.));
#17175 = MANIFOLD_SOLID_BREP('',#17176);
#17176 = CLOSED_SHELL('',(#17177,#17210,#17219));
#17177 = ADVANCED_FACE('',(#17178),#17205,.T.);
#17178 = FACE_BOUND('',#17179,.F.);
#17179 = EDGE_LOOP('',(#17180,#17190,#17197,#17198));
#17180 = ORIENTED_EDGE('',*,*,#17181,.T.);
#17181 = EDGE_CURVE('',#17182,#17184,#17186,.T.);
#17182 = VERTEX_POINT('',#17183);
#17183 = CARTESIAN_POINT('',(109.5,-88.,0.71));
#17184 = VERTEX_POINT('',#17185);
#17185 = CARTESIAN_POINT('',(109.5,-88.,0.75));
#17186 = LINE('',#17187,#17188);
#17187 = CARTESIAN_POINT('',(109.5,-88.,0.71));
#17188 = VECTOR('',#17189,1.);
#17189 = DIRECTION('',(0.,0.,1.));
#17190 = ORIENTED_EDGE('',*,*,#17191,.T.);
#17191 = EDGE_CURVE('',#17184,#17184,#17192,.T.);
#17192 = CIRCLE('',#17193,0.5);
#17193 = AXIS2_PLACEMENT_3D('',#17194,#17195,#17196);
#17194 = CARTESIAN_POINT('',(109.,-88.,0.75));
#17195 = DIRECTION('',(0.,0.,1.));
#17196 = DIRECTION('',(1.,0.,-0.));
#17197 = ORIENTED_EDGE('',*,*,#17181,.F.);
#17198 = ORIENTED_EDGE('',*,*,#17199,.F.);
#17199 = EDGE_CURVE('',#17182,#17182,#17200,.T.);
#17200 = CIRCLE('',#17201,0.5);
#17201 = AXIS2_PLACEMENT_3D('',#17202,#17203,#17204);
#17202 = CARTESIAN_POINT('',(109.,-88.,0.71));
#17203 = DIRECTION('',(0.,0.,1.));
#17204 = DIRECTION('',(1.,0.,-0.));
#17205 = CYLINDRICAL_SURFACE('',#17206,0.5);
#17206 = AXIS2_PLACEMENT_3D('',#17207,#17208,#17209);
#17207 = CARTESIAN_POINT('',(109.,-88.,0.71));
#17208 = DIRECTION('',(-0.,-0.,-1.));
#17209 = DIRECTION('',(1.,0.,-0.));
#17210 = ADVANCED_FACE('',(#17211),#17214,.F.);
#17211 = FACE_BOUND('',#17212,.F.);
#17212 = EDGE_LOOP('',(#17213));
#17213 = ORIENTED_EDGE('',*,*,#17199,.T.);
#17214 = PLANE('',#17215);
#17215 = AXIS2_PLACEMENT_3D('',#17216,#17217,#17218);
#17216 = CARTESIAN_POINT('',(0.,0.,0.71));
#17217 = DIRECTION('',(0.,0.,1.));
#17218 = DIRECTION('',(1.,0.,-0.));
#17219 = ADVANCED_FACE('',(#17220),#17223,.T.);
#17220 = FACE_BOUND('',#17221,.T.);
#17221 = EDGE_LOOP('',(#17222));
#17222 = ORIENTED_EDGE('',*,*,#17191,.T.);
#17223 = PLANE('',#17224);
#17224 = AXIS2_PLACEMENT_3D('',#17225,#17226,#17227);
#17225 = CARTESIAN_POINT('',(0.,0.,0.75));
#17226 = DIRECTION('',(0.,0.,1.));
#17227 = DIRECTION('',(1.,0.,-0.));
#17228 = MANIFOLD_SOLID_BREP('',#17229);
#17229 = CLOSED_SHELL('',(#17230,#17270,#17301,#17332,#17354,#17366));
#17230 = ADVANCED_FACE('',(#17231),#17265,.T.);
#17231 = FACE_BOUND('',#17232,.T.);
#17232 = EDGE_LOOP('',(#17233,#17243,#17251,#17259));
#17233 = ORIENTED_EDGE('',*,*,#17234,.T.);
#17234 = EDGE_CURVE('',#17235,#17237,#17239,.T.);
#17235 = VERTEX_POINT('',#17236);
#17236 = CARTESIAN_POINT('',(113.45,-107.335,0.71));
#17237 = VERTEX_POINT('',#17238);
#17238 = CARTESIAN_POINT('',(113.45,-107.335,0.75));
#17239 = LINE('',#17240,#17241);
#17240 = CARTESIAN_POINT('',(113.45,-107.335,0.71));
#17241 = VECTOR('',#17242,1.);
#17242 = DIRECTION('',(0.,0.,1.));
#17243 = ORIENTED_EDGE('',*,*,#17244,.T.);
#17244 = EDGE_CURVE('',#17237,#17245,#17247,.T.);
#17245 = VERTEX_POINT('',#17246);
#17246 = CARTESIAN_POINT('',(113.45,-106.635,0.75));
#17247 = LINE('',#17248,#17249);
#17248 = CARTESIAN_POINT('',(113.45,-107.335,0.75));
#17249 = VECTOR('',#17250,1.);
#17250 = DIRECTION('',(0.,1.,0.));
#17251 = ORIENTED_EDGE('',*,*,#17252,.F.);
#17252 = EDGE_CURVE('',#17253,#17245,#17255,.T.);
#17253 = VERTEX_POINT('',#17254);
#17254 = CARTESIAN_POINT('',(113.45,-106.635,0.71));
#17255 = LINE('',#17256,#17257);
#17256 = CARTESIAN_POINT('',(113.45,-106.635,0.71));
#17257 = VECTOR('',#17258,1.);
#17258 = DIRECTION('',(0.,0.,1.));
#17259 = ORIENTED_EDGE('',*,*,#17260,.F.);
#17260 = EDGE_CURVE('',#17235,#17253,#17261,.T.);
#17261 = LINE('',#17262,#17263);
#17262 = CARTESIAN_POINT('',(113.45,-107.335,0.71));
#17263 = VECTOR('',#17264,1.);
#17264 = DIRECTION('',(0.,1.,0.));
#17265 = PLANE('',#17266);
#17266 = AXIS2_PLACEMENT_3D('',#17267,#17268,#17269);
#17267 = CARTESIAN_POINT('',(113.45,-107.335,0.71));
#17268 = DIRECTION('',(-1.,0.,0.));
#17269 = DIRECTION('',(0.,1.,0.));
#17270 = ADVANCED_FACE('',(#17271),#17296,.T.);
#17271 = FACE_BOUND('',#17272,.T.);
#17272 = EDGE_LOOP('',(#17273,#17274,#17282,#17290));
#17273 = ORIENTED_EDGE('',*,*,#17252,.T.);
#17274 = ORIENTED_EDGE('',*,*,#17275,.T.);
#17275 = EDGE_CURVE('',#17245,#17276,#17278,.T.);
#17276 = VERTEX_POINT('',#17277);
#17277 = CARTESIAN_POINT('',(115.25,-106.635,0.75));
#17278 = LINE('',#17279,#17280);
#17279 = CARTESIAN_POINT('',(113.45,-106.635,0.75));
#17280 = VECTOR('',#17281,1.);
#17281 = DIRECTION('',(1.,0.,0.));
#17282 = ORIENTED_EDGE('',*,*,#17283,.F.);
#17283 = EDGE_CURVE('',#17284,#17276,#17286,.T.);
#17284 = VERTEX_POINT('',#17285);
#17285 = CARTESIAN_POINT('',(115.25,-106.635,0.71));
#17286 = LINE('',#17287,#17288);
#17287 = CARTESIAN_POINT('',(115.25,-106.635,0.71));
#17288 = VECTOR('',#17289,1.);
#17289 = DIRECTION('',(0.,0.,1.));
#17290 = ORIENTED_EDGE('',*,*,#17291,.F.);
#17291 = EDGE_CURVE('',#17253,#17284,#17292,.T.);
#17292 = LINE('',#17293,#17294);
#17293 = CARTESIAN_POINT('',(113.45,-106.635,0.71));
#17294 = VECTOR('',#17295,1.);
#17295 = DIRECTION('',(1.,0.,0.));
#17296 = PLANE('',#17297);
#17297 = AXIS2_PLACEMENT_3D('',#17298,#17299,#17300);
#17298 = CARTESIAN_POINT('',(113.45,-106.635,0.71));
#17299 = DIRECTION('',(0.,1.,0.));
#17300 = DIRECTION('',(1.,0.,0.));
#17301 = ADVANCED_FACE('',(#17302),#17327,.T.);
#17302 = FACE_BOUND('',#17303,.T.);
#17303 = EDGE_LOOP('',(#17304,#17305,#17313,#17321));
#17304 = ORIENTED_EDGE('',*,*,#17283,.T.);
#17305 = ORIENTED_EDGE('',*,*,#17306,.T.);
#17306 = EDGE_CURVE('',#17276,#17307,#17309,.T.);
#17307 = VERTEX_POINT('',#17308);
#17308 = CARTESIAN_POINT('',(115.25,-107.335,0.75));
#17309 = LINE('',#17310,#17311);
#17310 = CARTESIAN_POINT('',(115.25,-106.635,0.75));
#17311 = VECTOR('',#17312,1.);
#17312 = DIRECTION('',(0.,-1.,0.));
#17313 = ORIENTED_EDGE('',*,*,#17314,.F.);
#17314 = EDGE_CURVE('',#17315,#17307,#17317,.T.);
#17315 = VERTEX_POINT('',#17316);
#17316 = CARTESIAN_POINT('',(115.25,-107.335,0.71));
#17317 = LINE('',#17318,#17319);
#17318 = CARTESIAN_POINT('',(115.25,-107.335,0.71));
#17319 = VECTOR('',#17320,1.);
#17320 = DIRECTION('',(0.,0.,1.));
#17321 = ORIENTED_EDGE('',*,*,#17322,.F.);
#17322 = EDGE_CURVE('',#17284,#17315,#17323,.T.);
#17323 = LINE('',#17324,#17325);
#17324 = CARTESIAN_POINT('',(115.25,-106.635,0.71));
#17325 = VECTOR('',#17326,1.);
#17326 = DIRECTION('',(0.,-1.,0.));
#17327 = PLANE('',#17328);
#17328 = AXIS2_PLACEMENT_3D('',#17329,#17330,#17331);
#17329 = CARTESIAN_POINT('',(115.25,-106.635,0.71));
#17330 = DIRECTION('',(1.,0.,-0.));
#17331 = DIRECTION('',(0.,-1.,0.));
#17332 = ADVANCED_FACE('',(#17333),#17349,.T.);
#17333 = FACE_BOUND('',#17334,.T.);
#17334 = EDGE_LOOP('',(#17335,#17336,#17342,#17343));
#17335 = ORIENTED_EDGE('',*,*,#17314,.T.);
#17336 = ORIENTED_EDGE('',*,*,#17337,.T.);
#17337 = EDGE_CURVE('',#17307,#17237,#17338,.T.);
#17338 = LINE('',#17339,#17340);
#17339 = CARTESIAN_POINT('',(115.25,-107.335,0.75));
#17340 = VECTOR('',#17341,1.);
#17341 = DIRECTION('',(-1.,0.,0.));
#17342 = ORIENTED_EDGE('',*,*,#17234,.F.);
#17343 = ORIENTED_EDGE('',*,*,#17344,.F.);
#17344 = EDGE_CURVE('',#17315,#17235,#17345,.T.);
#17345 = LINE('',#17346,#17347);
#17346 = CARTESIAN_POINT('',(115.25,-107.335,0.71));
#17347 = VECTOR('',#17348,1.);
#17348 = DIRECTION('',(-1.,0.,0.));
#17349 = PLANE('',#17350);
#17350 = AXIS2_PLACEMENT_3D('',#17351,#17352,#17353);
#17351 = CARTESIAN_POINT('',(115.25,-107.335,0.71));
#17352 = DIRECTION('',(0.,-1.,0.));
#17353 = DIRECTION('',(-1.,0.,0.));
#17354 = ADVANCED_FACE('',(#17355),#17361,.F.);
#17355 = FACE_BOUND('',#17356,.T.);
#17356 = EDGE_LOOP('',(#17357,#17358,#17359,#17360));
#17357 = ORIENTED_EDGE('',*,*,#17260,.T.);
#17358 = ORIENTED_EDGE('',*,*,#17291,.T.);
#17359 = ORIENTED_EDGE('',*,*,#17322,.T.);
#17360 = ORIENTED_EDGE('',*,*,#17344,.T.);
#17361 = PLANE('',#17362);
#17362 = AXIS2_PLACEMENT_3D('',#17363,#17364,#17365);
#17363 = CARTESIAN_POINT('',(0.,0.,0.71));
#17364 = DIRECTION('',(0.,0.,1.));
#17365 = DIRECTION('',(1.,0.,-0.));
#17366 = ADVANCED_FACE('',(#17367),#17373,.T.);
#17367 = FACE_BOUND('',#17368,.F.);
#17368 = EDGE_LOOP('',(#17369,#17370,#17371,#17372));
#17369 = ORIENTED_EDGE('',*,*,#17244,.T.);
#17370 = ORIENTED_EDGE('',*,*,#17275,.T.);
#17371 = ORIENTED_EDGE('',*,*,#17306,.T.);
#17372 = ORIENTED_EDGE('',*,*,#17337,.T.);
#17373 = PLANE('',#17374);
#17374 = AXIS2_PLACEMENT_3D('',#17375,#17376,#17377);
#17375 = CARTESIAN_POINT('',(0.,0.,0.75));
#17376 = DIRECTION('',(0.,0.,1.));
#17377 = DIRECTION('',(1.,0.,-0.));
#17378 = MANIFOLD_SOLID_BREP('',#17379);
#17379 = CLOSED_SHELL('',(#17380,#17422,#17453,#17486,#17517,#17550,
    #17581,#17614,#17636,#17652));
#17380 = ADVANCED_FACE('',(#17381),#17417,.T.);
#17381 = FACE_BOUND('',#17382,.T.);
#17382 = EDGE_LOOP('',(#17383,#17393,#17402,#17410));
#17383 = ORIENTED_EDGE('',*,*,#17384,.T.);
#17384 = EDGE_CURVE('',#17385,#17387,#17389,.T.);
#17385 = VERTEX_POINT('',#17386);
#17386 = CARTESIAN_POINT('',(108.275,-110.45,0.71));
#17387 = VERTEX_POINT('',#17388);
#17388 = CARTESIAN_POINT('',(108.275,-110.45,0.75));
#17389 = LINE('',#17390,#17391);
#17390 = CARTESIAN_POINT('',(108.275,-110.45,0.71));
#17391 = VECTOR('',#17392,1.);
#17392 = DIRECTION('',(0.,0.,1.));
#17393 = ORIENTED_EDGE('',*,*,#17394,.T.);
#17394 = EDGE_CURVE('',#17387,#17395,#17397,.T.);
#17395 = VERTEX_POINT('',#17396);
#17396 = CARTESIAN_POINT('',(108.5,-110.225,0.75));
#17397 = CIRCLE('',#17398,0.225000087974);
#17398 = AXIS2_PLACEMENT_3D('',#17399,#17400,#17401);
#17399 = CARTESIAN_POINT('',(108.50000008797,-110.4500000879,0.75));
#17400 = DIRECTION('',(0.,0.,-1.));
#17401 = DIRECTION('',(-1.,3.909954089759E-07,0.));
#17402 = ORIENTED_EDGE('',*,*,#17403,.F.);
#17403 = EDGE_CURVE('',#17404,#17395,#17406,.T.);
#17404 = VERTEX_POINT('',#17405);
#17405 = CARTESIAN_POINT('',(108.5,-110.225,0.71));
#17406 = LINE('',#17407,#17408);
#17407 = CARTESIAN_POINT('',(108.5,-110.225,0.71));
#17408 = VECTOR('',#17409,1.);
#17409 = DIRECTION('',(0.,0.,1.));
#17410 = ORIENTED_EDGE('',*,*,#17411,.F.);
#17411 = EDGE_CURVE('',#17385,#17404,#17412,.T.);
#17412 = CIRCLE('',#17413,0.225000087974);
#17413 = AXIS2_PLACEMENT_3D('',#17414,#17415,#17416);
#17414 = CARTESIAN_POINT('',(108.50000008797,-110.4500000879,0.71));
#17415 = DIRECTION('',(0.,0.,-1.));
#17416 = DIRECTION('',(-1.,3.909954089759E-07,0.));
#17417 = CYLINDRICAL_SURFACE('',#17418,0.225000087974);
#17418 = AXIS2_PLACEMENT_3D('',#17419,#17420,#17421);
#17419 = CARTESIAN_POINT('',(108.50000008797,-110.4500000879,0.71));
#17420 = DIRECTION('',(0.,0.,-1.));
#17421 = DIRECTION('',(-1.,3.909954089759E-07,0.));
#17422 = ADVANCED_FACE('',(#17423),#17448,.T.);
#17423 = FACE_BOUND('',#17424,.T.);
#17424 = EDGE_LOOP('',(#17425,#17426,#17434,#17442));
#17425 = ORIENTED_EDGE('',*,*,#17403,.T.);
#17426 = ORIENTED_EDGE('',*,*,#17427,.T.);
#17427 = EDGE_CURVE('',#17395,#17428,#17430,.T.);
#17428 = VERTEX_POINT('',#17429);
#17429 = CARTESIAN_POINT('',(108.95,-110.225,0.75));
#17430 = LINE('',#17431,#17432);
#17431 = CARTESIAN_POINT('',(108.5,-110.225,0.75));
#17432 = VECTOR('',#17433,1.);
#17433 = DIRECTION('',(1.,0.,0.));
#17434 = ORIENTED_EDGE('',*,*,#17435,.F.);
#17435 = EDGE_CURVE('',#17436,#17428,#17438,.T.);
#17436 = VERTEX_POINT('',#17437);
#17437 = CARTESIAN_POINT('',(108.95,-110.225,0.71));
#17438 = LINE('',#17439,#17440);
#17439 = CARTESIAN_POINT('',(108.95,-110.225,0.71));
#17440 = VECTOR('',#17441,1.);
#17441 = DIRECTION('',(0.,0.,1.));
#17442 = ORIENTED_EDGE('',*,*,#17443,.F.);
#17443 = EDGE_CURVE('',#17404,#17436,#17444,.T.);
#17444 = LINE('',#17445,#17446);
#17445 = CARTESIAN_POINT('',(108.5,-110.225,0.71));
#17446 = VECTOR('',#17447,1.);
#17447 = DIRECTION('',(1.,0.,0.));
#17448 = PLANE('',#17449);
#17449 = AXIS2_PLACEMENT_3D('',#17450,#17451,#17452);
#17450 = CARTESIAN_POINT('',(108.5,-110.225,0.71));
#17451 = DIRECTION('',(0.,1.,0.));
#17452 = DIRECTION('',(1.,0.,0.));
#17453 = ADVANCED_FACE('',(#17454),#17481,.T.);
#17454 = FACE_BOUND('',#17455,.T.);
#17455 = EDGE_LOOP('',(#17456,#17457,#17466,#17474));
#17456 = ORIENTED_EDGE('',*,*,#17435,.T.);
#17457 = ORIENTED_EDGE('',*,*,#17458,.T.);
#17458 = EDGE_CURVE('',#17428,#17459,#17461,.T.);
#17459 = VERTEX_POINT('',#17460);
#17460 = CARTESIAN_POINT('',(109.175,-110.45,0.75));
#17461 = CIRCLE('',#17462,0.225000087974);
#17462 = AXIS2_PLACEMENT_3D('',#17463,#17464,#17465);
#17463 = CARTESIAN_POINT('',(108.94999991202,-110.4500000879,0.75));
#17464 = DIRECTION('',(0.,0.,-1.));
#17465 = DIRECTION('',(3.909954721353E-07,1.,0.));
#17466 = ORIENTED_EDGE('',*,*,#17467,.F.);
#17467 = EDGE_CURVE('',#17468,#17459,#17470,.T.);
#17468 = VERTEX_POINT('',#17469);
#17469 = CARTESIAN_POINT('',(109.175,-110.45,0.71));
#17470 = LINE('',#17471,#17472);
#17471 = CARTESIAN_POINT('',(109.175,-110.45,0.71));
#17472 = VECTOR('',#17473,1.);
#17473 = DIRECTION('',(0.,0.,1.));
#17474 = ORIENTED_EDGE('',*,*,#17475,.F.);
#17475 = EDGE_CURVE('',#17436,#17468,#17476,.T.);
#17476 = CIRCLE('',#17477,0.225000087974);
#17477 = AXIS2_PLACEMENT_3D('',#17478,#17479,#17480);
#17478 = CARTESIAN_POINT('',(108.94999991202,-110.4500000879,0.71));
#17479 = DIRECTION('',(0.,0.,-1.));
#17480 = DIRECTION('',(3.909954721353E-07,1.,0.));
#17481 = CYLINDRICAL_SURFACE('',#17482,0.225000087974);
#17482 = AXIS2_PLACEMENT_3D('',#17483,#17484,#17485);
#17483 = CARTESIAN_POINT('',(108.94999991202,-110.4500000879,0.71));
#17484 = DIRECTION('',(0.,0.,-1.));
#17485 = DIRECTION('',(3.909954721353E-07,1.,0.));
#17486 = ADVANCED_FACE('',(#17487),#17512,.T.);
#17487 = FACE_BOUND('',#17488,.T.);
#17488 = EDGE_LOOP('',(#17489,#17490,#17498,#17506));
#17489 = ORIENTED_EDGE('',*,*,#17467,.T.);
#17490 = ORIENTED_EDGE('',*,*,#17491,.T.);
#17491 = EDGE_CURVE('',#17459,#17492,#17494,.T.);
#17492 = VERTEX_POINT('',#17493);
#17493 = CARTESIAN_POINT('',(109.175,-110.95,0.75));
#17494 = LINE('',#17495,#17496);
#17495 = CARTESIAN_POINT('',(109.175,-110.45,0.75));
#17496 = VECTOR('',#17497,1.);
#17497 = DIRECTION('',(0.,-1.,0.));
#17498 = ORIENTED_EDGE('',*,*,#17499,.F.);
#17499 = EDGE_CURVE('',#17500,#17492,#17502,.T.);
#17500 = VERTEX_POINT('',#17501);
#17501 = CARTESIAN_POINT('',(109.175,-110.95,0.71));
#17502 = LINE('',#17503,#17504);
#17503 = CARTESIAN_POINT('',(109.175,-110.95,0.71));
#17504 = VECTOR('',#17505,1.);
#17505 = DIRECTION('',(0.,0.,1.));
#17506 = ORIENTED_EDGE('',*,*,#17507,.F.);
#17507 = EDGE_CURVE('',#17468,#17500,#17508,.T.);
#17508 = LINE('',#17509,#17510);
#17509 = CARTESIAN_POINT('',(109.175,-110.45,0.71));
#17510 = VECTOR('',#17511,1.);
#17511 = DIRECTION('',(0.,-1.,0.));
#17512 = PLANE('',#17513);
#17513 = AXIS2_PLACEMENT_3D('',#17514,#17515,#17516);
#17514 = CARTESIAN_POINT('',(109.175,-110.45,0.71));
#17515 = DIRECTION('',(1.,0.,-0.));
#17516 = DIRECTION('',(0.,-1.,0.));
#17517 = ADVANCED_FACE('',(#17518),#17545,.T.);
#17518 = FACE_BOUND('',#17519,.T.);
#17519 = EDGE_LOOP('',(#17520,#17521,#17530,#17538));
#17520 = ORIENTED_EDGE('',*,*,#17499,.T.);
#17521 = ORIENTED_EDGE('',*,*,#17522,.T.);
#17522 = EDGE_CURVE('',#17492,#17523,#17525,.T.);
#17523 = VERTEX_POINT('',#17524);
#17524 = CARTESIAN_POINT('',(108.95,-111.175,0.75));
#17525 = CIRCLE('',#17526,0.225000087974);
#17526 = AXIS2_PLACEMENT_3D('',#17527,#17528,#17529);
#17527 = CARTESIAN_POINT('',(108.94999991202,-110.949999912,0.75));
#17528 = DIRECTION('',(0.,0.,-1.));
#17529 = DIRECTION('',(1.,-3.909953458166E-07,0.));
#17530 = ORIENTED_EDGE('',*,*,#17531,.F.);
#17531 = EDGE_CURVE('',#17532,#17523,#17534,.T.);
#17532 = VERTEX_POINT('',#17533);
#17533 = CARTESIAN_POINT('',(108.95,-111.175,0.71));
#17534 = LINE('',#17535,#17536);
#17535 = CARTESIAN_POINT('',(108.95,-111.175,0.71));
#17536 = VECTOR('',#17537,1.);
#17537 = DIRECTION('',(0.,0.,1.));
#17538 = ORIENTED_EDGE('',*,*,#17539,.F.);
#17539 = EDGE_CURVE('',#17500,#17532,#17540,.T.);
#17540 = CIRCLE('',#17541,0.225000087974);
#17541 = AXIS2_PLACEMENT_3D('',#17542,#17543,#17544);
#17542 = CARTESIAN_POINT('',(108.94999991202,-110.949999912,0.71));
#17543 = DIRECTION('',(0.,0.,-1.));
#17544 = DIRECTION('',(1.,-3.909953458166E-07,0.));
#17545 = CYLINDRICAL_SURFACE('',#17546,0.225000087974);
#17546 = AXIS2_PLACEMENT_3D('',#17547,#17548,#17549);
#17547 = CARTESIAN_POINT('',(108.94999991202,-110.949999912,0.71));
#17548 = DIRECTION('',(0.,0.,-1.));
#17549 = DIRECTION('',(1.,-3.909953458166E-07,0.));
#17550 = ADVANCED_FACE('',(#17551),#17576,.T.);
#17551 = FACE_BOUND('',#17552,.T.);
#17552 = EDGE_LOOP('',(#17553,#17554,#17562,#17570));
#17553 = ORIENTED_EDGE('',*,*,#17531,.T.);
#17554 = ORIENTED_EDGE('',*,*,#17555,.T.);
#17555 = EDGE_CURVE('',#17523,#17556,#17558,.T.);
#17556 = VERTEX_POINT('',#17557);
#17557 = CARTESIAN_POINT('',(108.5,-111.175,0.75));
#17558 = LINE('',#17559,#17560);
#17559 = CARTESIAN_POINT('',(108.95,-111.175,0.75));
#17560 = VECTOR('',#17561,1.);
#17561 = DIRECTION('',(-1.,0.,0.));
#17562 = ORIENTED_EDGE('',*,*,#17563,.F.);
#17563 = EDGE_CURVE('',#17564,#17556,#17566,.T.);
#17564 = VERTEX_POINT('',#17565);
#17565 = CARTESIAN_POINT('',(108.5,-111.175,0.71));
#17566 = LINE('',#17567,#17568);
#17567 = CARTESIAN_POINT('',(108.5,-111.175,0.71));
#17568 = VECTOR('',#17569,1.);
#17569 = DIRECTION('',(0.,0.,1.));
#17570 = ORIENTED_EDGE('',*,*,#17571,.F.);
#17571 = EDGE_CURVE('',#17532,#17564,#17572,.T.);
#17572 = LINE('',#17573,#17574);
#17573 = CARTESIAN_POINT('',(108.95,-111.175,0.71));
#17574 = VECTOR('',#17575,1.);
#17575 = DIRECTION('',(-1.,0.,0.));
#17576 = PLANE('',#17577);
#17577 = AXIS2_PLACEMENT_3D('',#17578,#17579,#17580);
#17578 = CARTESIAN_POINT('',(108.95,-111.175,0.71));
#17579 = DIRECTION('',(0.,-1.,0.));
#17580 = DIRECTION('',(-1.,0.,0.));
#17581 = ADVANCED_FACE('',(#17582),#17609,.T.);
#17582 = FACE_BOUND('',#17583,.T.);
#17583 = EDGE_LOOP('',(#17584,#17585,#17594,#17602));
#17584 = ORIENTED_EDGE('',*,*,#17563,.T.);
#17585 = ORIENTED_EDGE('',*,*,#17586,.T.);
#17586 = EDGE_CURVE('',#17556,#17587,#17589,.T.);
#17587 = VERTEX_POINT('',#17588);
#17588 = CARTESIAN_POINT('',(108.275,-110.95,0.75));
#17589 = CIRCLE('',#17590,0.225000087974);
#17590 = AXIS2_PLACEMENT_3D('',#17591,#17592,#17593);
#17591 = CARTESIAN_POINT('',(108.50000008797,-110.949999912,0.75));
#17592 = DIRECTION('',(0.,0.,-1.));
#17593 = DIRECTION('',(-3.909953458166E-07,-1.,-0.));
#17594 = ORIENTED_EDGE('',*,*,#17595,.F.);
#17595 = EDGE_CURVE('',#17596,#17587,#17598,.T.);
#17596 = VERTEX_POINT('',#17597);
#17597 = CARTESIAN_POINT('',(108.275,-110.95,0.71));
#17598 = LINE('',#17599,#17600);
#17599 = CARTESIAN_POINT('',(108.275,-110.95,0.71));
#17600 = VECTOR('',#17601,1.);
#17601 = DIRECTION('',(0.,0.,1.));
#17602 = ORIENTED_EDGE('',*,*,#17603,.F.);
#17603 = EDGE_CURVE('',#17564,#17596,#17604,.T.);
#17604 = CIRCLE('',#17605,0.225000087974);
#17605 = AXIS2_PLACEMENT_3D('',#17606,#17607,#17608);
#17606 = CARTESIAN_POINT('',(108.50000008797,-110.949999912,0.71));
#17607 = DIRECTION('',(0.,0.,-1.));
#17608 = DIRECTION('',(-3.909953458166E-07,-1.,-0.));
#17609 = CYLINDRICAL_SURFACE('',#17610,0.225000087974);
#17610 = AXIS2_PLACEMENT_3D('',#17611,#17612,#17613);
#17611 = CARTESIAN_POINT('',(108.50000008797,-110.949999912,0.71));
#17612 = DIRECTION('',(0.,0.,-1.));
#17613 = DIRECTION('',(-3.909953458166E-07,-1.,-0.));
#17614 = ADVANCED_FACE('',(#17615),#17631,.T.);
#17615 = FACE_BOUND('',#17616,.T.);
#17616 = EDGE_LOOP('',(#17617,#17618,#17624,#17625));
#17617 = ORIENTED_EDGE('',*,*,#17595,.T.);
#17618 = ORIENTED_EDGE('',*,*,#17619,.T.);
#17619 = EDGE_CURVE('',#17587,#17387,#17620,.T.);
#17620 = LINE('',#17621,#17622);
#17621 = CARTESIAN_POINT('',(108.275,-110.95,0.75));
#17622 = VECTOR('',#17623,1.);
#17623 = DIRECTION('',(0.,1.,0.));
#17624 = ORIENTED_EDGE('',*,*,#17384,.F.);
#17625 = ORIENTED_EDGE('',*,*,#17626,.F.);
#17626 = EDGE_CURVE('',#17596,#17385,#17627,.T.);
#17627 = LINE('',#17628,#17629);
#17628 = CARTESIAN_POINT('',(108.275,-110.95,0.71));
#17629 = VECTOR('',#17630,1.);
#17630 = DIRECTION('',(0.,1.,0.));
#17631 = PLANE('',#17632);
#17632 = AXIS2_PLACEMENT_3D('',#17633,#17634,#17635);
#17633 = CARTESIAN_POINT('',(108.275,-110.95,0.71));
#17634 = DIRECTION('',(-1.,0.,0.));
#17635 = DIRECTION('',(0.,1.,0.));
#17636 = ADVANCED_FACE('',(#17637),#17647,.F.);
#17637 = FACE_BOUND('',#17638,.T.);
#17638 = EDGE_LOOP('',(#17639,#17640,#17641,#17642,#17643,#17644,#17645,
    #17646));
#17639 = ORIENTED_EDGE('',*,*,#17411,.T.);
#17640 = ORIENTED_EDGE('',*,*,#17443,.T.);
#17641 = ORIENTED_EDGE('',*,*,#17475,.T.);
#17642 = ORIENTED_EDGE('',*,*,#17507,.T.);
#17643 = ORIENTED_EDGE('',*,*,#17539,.T.);
#17644 = ORIENTED_EDGE('',*,*,#17571,.T.);
#17645 = ORIENTED_EDGE('',*,*,#17603,.T.);
#17646 = ORIENTED_EDGE('',*,*,#17626,.T.);
#17647 = PLANE('',#17648);
#17648 = AXIS2_PLACEMENT_3D('',#17649,#17650,#17651);
#17649 = CARTESIAN_POINT('',(0.,0.,0.71));
#17650 = DIRECTION('',(0.,0.,1.));
#17651 = DIRECTION('',(1.,0.,-0.));
#17652 = ADVANCED_FACE('',(#17653),#17663,.T.);
#17653 = FACE_BOUND('',#17654,.F.);
#17654 = EDGE_LOOP('',(#17655,#17656,#17657,#17658,#17659,#17660,#17661,
    #17662));
#17655 = ORIENTED_EDGE('',*,*,#17394,.T.);
#17656 = ORIENTED_EDGE('',*,*,#17427,.T.);
#17657 = ORIENTED_EDGE('',*,*,#17458,.T.);
#17658 = ORIENTED_EDGE('',*,*,#17491,.T.);
#17659 = ORIENTED_EDGE('',*,*,#17522,.T.);
#17660 = ORIENTED_EDGE('',*,*,#17555,.T.);
#17661 = ORIENTED_EDGE('',*,*,#17586,.T.);
#17662 = ORIENTED_EDGE('',*,*,#17619,.T.);
#17663 = PLANE('',#17664);
#17664 = AXIS2_PLACEMENT_3D('',#17665,#17666,#17667);
#17665 = CARTESIAN_POINT('',(0.,0.,0.75));
#17666 = DIRECTION('',(0.,0.,1.));
#17667 = DIRECTION('',(1.,0.,-0.));
#17668 = MANIFOLD_SOLID_BREP('',#17669);
#17669 = CLOSED_SHELL('',(#17670,#17710,#17741,#17772,#17794,#17806));
#17670 = ADVANCED_FACE('',(#17671),#17705,.T.);
#17671 = FACE_BOUND('',#17672,.T.);
#17672 = EDGE_LOOP('',(#17673,#17683,#17691,#17699));
#17673 = ORIENTED_EDGE('',*,*,#17674,.T.);
#17674 = EDGE_CURVE('',#17675,#17677,#17679,.T.);
#17675 = VERTEX_POINT('',#17676);
#17676 = CARTESIAN_POINT('',(98.095,-112.7,0.71));
#17677 = VERTEX_POINT('',#17678);
#17678 = CARTESIAN_POINT('',(98.095,-112.7,0.75));
#17679 = LINE('',#17680,#17681);
#17680 = CARTESIAN_POINT('',(98.095,-112.7,0.71));
#17681 = VECTOR('',#17682,1.);
#17682 = DIRECTION('',(0.,0.,1.));
#17683 = ORIENTED_EDGE('',*,*,#17684,.T.);
#17684 = EDGE_CURVE('',#17677,#17685,#17687,.T.);
#17685 = VERTEX_POINT('',#17686);
#17686 = CARTESIAN_POINT('',(98.095,-107.62,0.75));
#17687 = LINE('',#17688,#17689);
#17688 = CARTESIAN_POINT('',(98.095,-112.7,0.75));
#17689 = VECTOR('',#17690,1.);
#17690 = DIRECTION('',(0.,1.,0.));
#17691 = ORIENTED_EDGE('',*,*,#17692,.F.);
#17692 = EDGE_CURVE('',#17693,#17685,#17695,.T.);
#17693 = VERTEX_POINT('',#17694);
#17694 = CARTESIAN_POINT('',(98.095,-107.62,0.71));
#17695 = LINE('',#17696,#17697);
#17696 = CARTESIAN_POINT('',(98.095,-107.62,0.71));
#17697 = VECTOR('',#17698,1.);
#17698 = DIRECTION('',(0.,0.,1.));
#17699 = ORIENTED_EDGE('',*,*,#17700,.F.);
#17700 = EDGE_CURVE('',#17675,#17693,#17701,.T.);
#17701 = LINE('',#17702,#17703);
#17702 = CARTESIAN_POINT('',(98.095,-112.7,0.71));
#17703 = VECTOR('',#17704,1.);
#17704 = DIRECTION('',(0.,1.,0.));
#17705 = PLANE('',#17706);
#17706 = AXIS2_PLACEMENT_3D('',#17707,#17708,#17709);
#17707 = CARTESIAN_POINT('',(98.095,-112.7,0.71));
#17708 = DIRECTION('',(-1.,0.,0.));
#17709 = DIRECTION('',(0.,1.,0.));
#17710 = ADVANCED_FACE('',(#17711),#17736,.T.);
#17711 = FACE_BOUND('',#17712,.T.);
#17712 = EDGE_LOOP('',(#17713,#17714,#17722,#17730));
#17713 = ORIENTED_EDGE('',*,*,#17692,.T.);
#17714 = ORIENTED_EDGE('',*,*,#17715,.T.);
#17715 = EDGE_CURVE('',#17685,#17716,#17718,.T.);
#17716 = VERTEX_POINT('',#17717);
#17717 = CARTESIAN_POINT('',(101.905,-107.62,0.75));
#17718 = LINE('',#17719,#17720);
#17719 = CARTESIAN_POINT('',(98.095,-107.62,0.75));
#17720 = VECTOR('',#17721,1.);
#17721 = DIRECTION('',(1.,0.,0.));
#17722 = ORIENTED_EDGE('',*,*,#17723,.F.);
#17723 = EDGE_CURVE('',#17724,#17716,#17726,.T.);
#17724 = VERTEX_POINT('',#17725);
#17725 = CARTESIAN_POINT('',(101.905,-107.62,0.71));
#17726 = LINE('',#17727,#17728);
#17727 = CARTESIAN_POINT('',(101.905,-107.62,0.71));
#17728 = VECTOR('',#17729,1.);
#17729 = DIRECTION('',(0.,0.,1.));
#17730 = ORIENTED_EDGE('',*,*,#17731,.F.);
#17731 = EDGE_CURVE('',#17693,#17724,#17732,.T.);
#17732 = LINE('',#17733,#17734);
#17733 = CARTESIAN_POINT('',(98.095,-107.62,0.71));
#17734 = VECTOR('',#17735,1.);
#17735 = DIRECTION('',(1.,0.,0.));
#17736 = PLANE('',#17737);
#17737 = AXIS2_PLACEMENT_3D('',#17738,#17739,#17740);
#17738 = CARTESIAN_POINT('',(98.095,-107.62,0.71));
#17739 = DIRECTION('',(0.,1.,0.));
#17740 = DIRECTION('',(1.,0.,0.));
#17741 = ADVANCED_FACE('',(#17742),#17767,.T.);
#17742 = FACE_BOUND('',#17743,.T.);
#17743 = EDGE_LOOP('',(#17744,#17745,#17753,#17761));
#17744 = ORIENTED_EDGE('',*,*,#17723,.T.);
#17745 = ORIENTED_EDGE('',*,*,#17746,.T.);
#17746 = EDGE_CURVE('',#17716,#17747,#17749,.T.);
#17747 = VERTEX_POINT('',#17748);
#17748 = CARTESIAN_POINT('',(101.905,-112.7,0.75));
#17749 = LINE('',#17750,#17751);
#17750 = CARTESIAN_POINT('',(101.905,-107.62,0.75));
#17751 = VECTOR('',#17752,1.);
#17752 = DIRECTION('',(0.,-1.,0.));
#17753 = ORIENTED_EDGE('',*,*,#17754,.F.);
#17754 = EDGE_CURVE('',#17755,#17747,#17757,.T.);
#17755 = VERTEX_POINT('',#17756);
#17756 = CARTESIAN_POINT('',(101.905,-112.7,0.71));
#17757 = LINE('',#17758,#17759);
#17758 = CARTESIAN_POINT('',(101.905,-112.7,0.71));
#17759 = VECTOR('',#17760,1.);
#17760 = DIRECTION('',(0.,0.,1.));
#17761 = ORIENTED_EDGE('',*,*,#17762,.F.);
#17762 = EDGE_CURVE('',#17724,#17755,#17763,.T.);
#17763 = LINE('',#17764,#17765);
#17764 = CARTESIAN_POINT('',(101.905,-107.62,0.71));
#17765 = VECTOR('',#17766,1.);
#17766 = DIRECTION('',(0.,-1.,0.));
#17767 = PLANE('',#17768);
#17768 = AXIS2_PLACEMENT_3D('',#17769,#17770,#17771);
#17769 = CARTESIAN_POINT('',(101.905,-107.62,0.71));
#17770 = DIRECTION('',(1.,0.,-0.));
#17771 = DIRECTION('',(0.,-1.,0.));
#17772 = ADVANCED_FACE('',(#17773),#17789,.T.);
#17773 = FACE_BOUND('',#17774,.T.);
#17774 = EDGE_LOOP('',(#17775,#17776,#17782,#17783));
#17775 = ORIENTED_EDGE('',*,*,#17754,.T.);
#17776 = ORIENTED_EDGE('',*,*,#17777,.T.);
#17777 = EDGE_CURVE('',#17747,#17677,#17778,.T.);
#17778 = LINE('',#17779,#17780);
#17779 = CARTESIAN_POINT('',(101.905,-112.7,0.75));
#17780 = VECTOR('',#17781,1.);
#17781 = DIRECTION('',(-1.,0.,0.));
#17782 = ORIENTED_EDGE('',*,*,#17674,.F.);
#17783 = ORIENTED_EDGE('',*,*,#17784,.F.);
#17784 = EDGE_CURVE('',#17755,#17675,#17785,.T.);
#17785 = LINE('',#17786,#17787);
#17786 = CARTESIAN_POINT('',(101.905,-112.7,0.71));
#17787 = VECTOR('',#17788,1.);
#17788 = DIRECTION('',(-1.,0.,0.));
#17789 = PLANE('',#17790);
#17790 = AXIS2_PLACEMENT_3D('',#17791,#17792,#17793);
#17791 = CARTESIAN_POINT('',(101.905,-112.7,0.71));
#17792 = DIRECTION('',(0.,-1.,0.));
#17793 = DIRECTION('',(-1.,0.,0.));
#17794 = ADVANCED_FACE('',(#17795),#17801,.F.);
#17795 = FACE_BOUND('',#17796,.T.);
#17796 = EDGE_LOOP('',(#17797,#17798,#17799,#17800));
#17797 = ORIENTED_EDGE('',*,*,#17700,.T.);
#17798 = ORIENTED_EDGE('',*,*,#17731,.T.);
#17799 = ORIENTED_EDGE('',*,*,#17762,.T.);
#17800 = ORIENTED_EDGE('',*,*,#17784,.T.);
#17801 = PLANE('',#17802);
#17802 = AXIS2_PLACEMENT_3D('',#17803,#17804,#17805);
#17803 = CARTESIAN_POINT('',(0.,0.,0.71));
#17804 = DIRECTION('',(0.,0.,1.));
#17805 = DIRECTION('',(1.,0.,-0.));
#17806 = ADVANCED_FACE('',(#17807),#17813,.T.);
#17807 = FACE_BOUND('',#17808,.F.);
#17808 = EDGE_LOOP('',(#17809,#17810,#17811,#17812));
#17809 = ORIENTED_EDGE('',*,*,#17684,.T.);
#17810 = ORIENTED_EDGE('',*,*,#17715,.T.);
#17811 = ORIENTED_EDGE('',*,*,#17746,.T.);
#17812 = ORIENTED_EDGE('',*,*,#17777,.T.);
#17813 = PLANE('',#17814);
#17814 = AXIS2_PLACEMENT_3D('',#17815,#17816,#17817);
#17815 = CARTESIAN_POINT('',(0.,0.,0.75));
#17816 = DIRECTION('',(0.,0.,1.));
#17817 = DIRECTION('',(1.,0.,-0.));
#17818 = MANIFOLD_SOLID_BREP('',#17819);
#17819 = CLOSED_SHELL('',(#17820,#17862,#17893,#17926,#17957,#17990,
    #18021,#18054,#18076,#18092));
#17820 = ADVANCED_FACE('',(#17821),#17857,.T.);
#17821 = FACE_BOUND('',#17822,.T.);
#17822 = EDGE_LOOP('',(#17823,#17833,#17842,#17850));
#17823 = ORIENTED_EDGE('',*,*,#17824,.T.);
#17824 = EDGE_CURVE('',#17825,#17827,#17829,.T.);
#17825 = VERTEX_POINT('',#17826);
#17826 = CARTESIAN_POINT('',(106.24,-111.53,0.71));
#17827 = VERTEX_POINT('',#17828);
#17828 = CARTESIAN_POINT('',(106.24,-111.53,0.75));
#17829 = LINE('',#17830,#17831);
#17830 = CARTESIAN_POINT('',(106.24,-111.53,0.71));
#17831 = VECTOR('',#17832,1.);
#17832 = DIRECTION('',(0.,0.,1.));
#17833 = ORIENTED_EDGE('',*,*,#17834,.T.);
#17834 = EDGE_CURVE('',#17827,#17835,#17837,.T.);
#17835 = VERTEX_POINT('',#17836);
#17836 = CARTESIAN_POINT('',(106.38,-111.39,0.75));
#17837 = CIRCLE('',#17838,0.139999827125);
#17838 = AXIS2_PLACEMENT_3D('',#17839,#17840,#17841);
#17839 = CARTESIAN_POINT('',(106.37999982712,-111.5299998271,0.75));
#17840 = DIRECTION('',(0.,0.,-1.));
#17841 = DIRECTION('',(-0.999999999999,-1.234820451254E-06,-0.));
#17842 = ORIENTED_EDGE('',*,*,#17843,.F.);
#17843 = EDGE_CURVE('',#17844,#17835,#17846,.T.);
#17844 = VERTEX_POINT('',#17845);
#17845 = CARTESIAN_POINT('',(106.38,-111.39,0.71));
#17846 = LINE('',#17847,#17848);
#17847 = CARTESIAN_POINT('',(106.38,-111.39,0.71));
#17848 = VECTOR('',#17849,1.);
#17849 = DIRECTION('',(0.,0.,1.));
#17850 = ORIENTED_EDGE('',*,*,#17851,.F.);
#17851 = EDGE_CURVE('',#17825,#17844,#17852,.T.);
#17852 = CIRCLE('',#17853,0.139999827125);
#17853 = AXIS2_PLACEMENT_3D('',#17854,#17855,#17856);
#17854 = CARTESIAN_POINT('',(106.37999982712,-111.5299998271,0.71));
#17855 = DIRECTION('',(0.,0.,-1.));
#17856 = DIRECTION('',(-0.999999999999,-1.234820451254E-06,-0.));
#17857 = CYLINDRICAL_SURFACE('',#17858,0.139999827125);
#17858 = AXIS2_PLACEMENT_3D('',#17859,#17860,#17861);
#17859 = CARTESIAN_POINT('',(106.37999982712,-111.5299998271,0.71));
#17860 = DIRECTION('',(0.,0.,-1.));
#17861 = DIRECTION('',(-0.999999999999,-1.234820451254E-06,-0.));
#17862 = ADVANCED_FACE('',(#17863),#17888,.T.);
#17863 = FACE_BOUND('',#17864,.T.);
#17864 = EDGE_LOOP('',(#17865,#17866,#17874,#17882));
#17865 = ORIENTED_EDGE('',*,*,#17843,.T.);
#17866 = ORIENTED_EDGE('',*,*,#17867,.T.);
#17867 = EDGE_CURVE('',#17835,#17868,#17870,.T.);
#17868 = VERTEX_POINT('',#17869);
#17869 = CARTESIAN_POINT('',(106.66,-111.39,0.75));
#17870 = LINE('',#17871,#17872);
#17871 = CARTESIAN_POINT('',(106.38,-111.39,0.75));
#17872 = VECTOR('',#17873,1.);
#17873 = DIRECTION('',(1.,0.,0.));
#17874 = ORIENTED_EDGE('',*,*,#17875,.F.);
#17875 = EDGE_CURVE('',#17876,#17868,#17878,.T.);
#17876 = VERTEX_POINT('',#17877);
#17877 = CARTESIAN_POINT('',(106.66,-111.39,0.71));
#17878 = LINE('',#17879,#17880);
#17879 = CARTESIAN_POINT('',(106.66,-111.39,0.71));
#17880 = VECTOR('',#17881,1.);
#17881 = DIRECTION('',(0.,0.,1.));
#17882 = ORIENTED_EDGE('',*,*,#17883,.F.);
#17883 = EDGE_CURVE('',#17844,#17876,#17884,.T.);
#17884 = LINE('',#17885,#17886);
#17885 = CARTESIAN_POINT('',(106.38,-111.39,0.71));
#17886 = VECTOR('',#17887,1.);
#17887 = DIRECTION('',(1.,0.,0.));
#17888 = PLANE('',#17889);
#17889 = AXIS2_PLACEMENT_3D('',#17890,#17891,#17892);
#17890 = CARTESIAN_POINT('',(106.38,-111.39,0.71));
#17891 = DIRECTION('',(0.,1.,0.));
#17892 = DIRECTION('',(1.,0.,0.));
#17893 = ADVANCED_FACE('',(#17894),#17921,.T.);
#17894 = FACE_BOUND('',#17895,.T.);
#17895 = EDGE_LOOP('',(#17896,#17897,#17906,#17914));
#17896 = ORIENTED_EDGE('',*,*,#17875,.T.);
#17897 = ORIENTED_EDGE('',*,*,#17898,.T.);
#17898 = EDGE_CURVE('',#17868,#17899,#17901,.T.);
#17899 = VERTEX_POINT('',#17900);
#17900 = CARTESIAN_POINT('',(106.8,-111.53,0.75));
#17901 = CIRCLE('',#17902,0.139999827125);
#17902 = AXIS2_PLACEMENT_3D('',#17903,#17904,#17905);
#17903 = CARTESIAN_POINT('',(106.66000017287,-111.5299998271,0.75));
#17904 = DIRECTION('',(0.,0.,-1.));
#17905 = DIRECTION('',(-1.234820451254E-06,0.999999999999,0.));
#17906 = ORIENTED_EDGE('',*,*,#17907,.F.);
#17907 = EDGE_CURVE('',#17908,#17899,#17910,.T.);
#17908 = VERTEX_POINT('',#17909);
#17909 = CARTESIAN_POINT('',(106.8,-111.53,0.71));
#17910 = LINE('',#17911,#17912);
#17911 = CARTESIAN_POINT('',(106.8,-111.53,0.71));
#17912 = VECTOR('',#17913,1.);
#17913 = DIRECTION('',(0.,0.,1.));
#17914 = ORIENTED_EDGE('',*,*,#17915,.F.);
#17915 = EDGE_CURVE('',#17876,#17908,#17916,.T.);
#17916 = CIRCLE('',#17917,0.139999827125);
#17917 = AXIS2_PLACEMENT_3D('',#17918,#17919,#17920);
#17918 = CARTESIAN_POINT('',(106.66000017287,-111.5299998271,0.71));
#17919 = DIRECTION('',(0.,0.,-1.));
#17920 = DIRECTION('',(-1.234820451254E-06,0.999999999999,0.));
#17921 = CYLINDRICAL_SURFACE('',#17922,0.139999827125);
#17922 = AXIS2_PLACEMENT_3D('',#17923,#17924,#17925);
#17923 = CARTESIAN_POINT('',(106.66000017287,-111.5299998271,0.71));
#17924 = DIRECTION('',(0.,0.,-1.));
#17925 = DIRECTION('',(-1.234820451254E-06,0.999999999999,0.));
#17926 = ADVANCED_FACE('',(#17927),#17952,.T.);
#17927 = FACE_BOUND('',#17928,.T.);
#17928 = EDGE_LOOP('',(#17929,#17930,#17938,#17946));
#17929 = ORIENTED_EDGE('',*,*,#17907,.T.);
#17930 = ORIENTED_EDGE('',*,*,#17931,.T.);
#17931 = EDGE_CURVE('',#17899,#17932,#17934,.T.);
#17932 = VERTEX_POINT('',#17933);
#17933 = CARTESIAN_POINT('',(106.8,-111.87,0.75));
#17934 = LINE('',#17935,#17936);
#17935 = CARTESIAN_POINT('',(106.8,-111.53,0.75));
#17936 = VECTOR('',#17937,1.);
#17937 = DIRECTION('',(0.,-1.,0.));
#17938 = ORIENTED_EDGE('',*,*,#17939,.F.);
#17939 = EDGE_CURVE('',#17940,#17932,#17942,.T.);
#17940 = VERTEX_POINT('',#17941);
#17941 = CARTESIAN_POINT('',(106.8,-111.87,0.71));
#17942 = LINE('',#17943,#17944);
#17943 = CARTESIAN_POINT('',(106.8,-111.87,0.71));
#17944 = VECTOR('',#17945,1.);
#17945 = DIRECTION('',(0.,0.,1.));
#17946 = ORIENTED_EDGE('',*,*,#17947,.F.);
#17947 = EDGE_CURVE('',#17908,#17940,#17948,.T.);
#17948 = LINE('',#17949,#17950);
#17949 = CARTESIAN_POINT('',(106.8,-111.53,0.71));
#17950 = VECTOR('',#17951,1.);
#17951 = DIRECTION('',(0.,-1.,0.));
#17952 = PLANE('',#17953);
#17953 = AXIS2_PLACEMENT_3D('',#17954,#17955,#17956);
#17954 = CARTESIAN_POINT('',(106.8,-111.53,0.71));
#17955 = DIRECTION('',(1.,0.,-0.));
#17956 = DIRECTION('',(0.,-1.,0.));
#17957 = ADVANCED_FACE('',(#17958),#17985,.T.);
#17958 = FACE_BOUND('',#17959,.T.);
#17959 = EDGE_LOOP('',(#17960,#17961,#17970,#17978));
#17960 = ORIENTED_EDGE('',*,*,#17939,.T.);
#17961 = ORIENTED_EDGE('',*,*,#17962,.T.);
#17962 = EDGE_CURVE('',#17932,#17963,#17965,.T.);
#17963 = VERTEX_POINT('',#17964);
#17964 = CARTESIAN_POINT('',(106.66,-112.01,0.75));
#17965 = CIRCLE('',#17966,0.139999827125);
#17966 = AXIS2_PLACEMENT_3D('',#17967,#17968,#17969);
#17967 = CARTESIAN_POINT('',(106.66000017287,-111.8700001728,0.75));
#17968 = DIRECTION('',(0.,0.,-1.));
#17969 = DIRECTION('',(0.999999999999,1.234820451254E-06,0.));
#17970 = ORIENTED_EDGE('',*,*,#17971,.F.);
#17971 = EDGE_CURVE('',#17972,#17963,#17974,.T.);
#17972 = VERTEX_POINT('',#17973);
#17973 = CARTESIAN_POINT('',(106.66,-112.01,0.71));
#17974 = LINE('',#17975,#17976);
#17975 = CARTESIAN_POINT('',(106.66,-112.01,0.71));
#17976 = VECTOR('',#17977,1.);
#17977 = DIRECTION('',(0.,0.,1.));
#17978 = ORIENTED_EDGE('',*,*,#17979,.F.);
#17979 = EDGE_CURVE('',#17940,#17972,#17980,.T.);
#17980 = CIRCLE('',#17981,0.139999827125);
#17981 = AXIS2_PLACEMENT_3D('',#17982,#17983,#17984);
#17982 = CARTESIAN_POINT('',(106.66000017287,-111.8700001728,0.71));
#17983 = DIRECTION('',(0.,0.,-1.));
#17984 = DIRECTION('',(0.999999999999,1.234820451254E-06,0.));
#17985 = CYLINDRICAL_SURFACE('',#17986,0.139999827125);
#17986 = AXIS2_PLACEMENT_3D('',#17987,#17988,#17989);
#17987 = CARTESIAN_POINT('',(106.66000017287,-111.8700001728,0.71));
#17988 = DIRECTION('',(0.,0.,-1.));
#17989 = DIRECTION('',(0.999999999999,1.234820451254E-06,0.));
#17990 = ADVANCED_FACE('',(#17991),#18016,.T.);
#17991 = FACE_BOUND('',#17992,.T.);
#17992 = EDGE_LOOP('',(#17993,#17994,#18002,#18010));
#17993 = ORIENTED_EDGE('',*,*,#17971,.T.);
#17994 = ORIENTED_EDGE('',*,*,#17995,.T.);
#17995 = EDGE_CURVE('',#17963,#17996,#17998,.T.);
#17996 = VERTEX_POINT('',#17997);
#17997 = CARTESIAN_POINT('',(106.38,-112.01,0.75));
#17998 = LINE('',#17999,#18000);
#17999 = CARTESIAN_POINT('',(106.66,-112.01,0.75));
#18000 = VECTOR('',#18001,1.);
#18001 = DIRECTION('',(-1.,0.,0.));
#18002 = ORIENTED_EDGE('',*,*,#18003,.F.);
#18003 = EDGE_CURVE('',#18004,#17996,#18006,.T.);
#18004 = VERTEX_POINT('',#18005);
#18005 = CARTESIAN_POINT('',(106.38,-112.01,0.71));
#18006 = LINE('',#18007,#18008);
#18007 = CARTESIAN_POINT('',(106.38,-112.01,0.71));
#18008 = VECTOR('',#18009,1.);
#18009 = DIRECTION('',(0.,0.,1.));
#18010 = ORIENTED_EDGE('',*,*,#18011,.F.);
#18011 = EDGE_CURVE('',#17972,#18004,#18012,.T.);
#18012 = LINE('',#18013,#18014);
#18013 = CARTESIAN_POINT('',(106.66,-112.01,0.71));
#18014 = VECTOR('',#18015,1.);
#18015 = DIRECTION('',(-1.,0.,0.));
#18016 = PLANE('',#18017);
#18017 = AXIS2_PLACEMENT_3D('',#18018,#18019,#18020);
#18018 = CARTESIAN_POINT('',(106.66,-112.01,0.71));
#18019 = DIRECTION('',(0.,-1.,0.));
#18020 = DIRECTION('',(-1.,0.,0.));
#18021 = ADVANCED_FACE('',(#18022),#18049,.T.);
#18022 = FACE_BOUND('',#18023,.T.);
#18023 = EDGE_LOOP('',(#18024,#18025,#18034,#18042));
#18024 = ORIENTED_EDGE('',*,*,#18003,.T.);
#18025 = ORIENTED_EDGE('',*,*,#18026,.T.);
#18026 = EDGE_CURVE('',#17996,#18027,#18029,.T.);
#18027 = VERTEX_POINT('',#18028);
#18028 = CARTESIAN_POINT('',(106.24,-111.87,0.75));
#18029 = CIRCLE('',#18030,0.139999827125);
#18030 = AXIS2_PLACEMENT_3D('',#18031,#18032,#18033);
#18031 = CARTESIAN_POINT('',(106.37999982712,-111.8700001728,0.75));
#18032 = DIRECTION('',(0.,0.,-1.));
#18033 = DIRECTION('',(1.234820451254E-06,-0.999999999999,0.));
#18034 = ORIENTED_EDGE('',*,*,#18035,.F.);
#18035 = EDGE_CURVE('',#18036,#18027,#18038,.T.);
#18036 = VERTEX_POINT('',#18037);
#18037 = CARTESIAN_POINT('',(106.24,-111.87,0.71));
#18038 = LINE('',#18039,#18040);
#18039 = CARTESIAN_POINT('',(106.24,-111.87,0.71));
#18040 = VECTOR('',#18041,1.);
#18041 = DIRECTION('',(0.,0.,1.));
#18042 = ORIENTED_EDGE('',*,*,#18043,.F.);
#18043 = EDGE_CURVE('',#18004,#18036,#18044,.T.);
#18044 = CIRCLE('',#18045,0.139999827125);
#18045 = AXIS2_PLACEMENT_3D('',#18046,#18047,#18048);
#18046 = CARTESIAN_POINT('',(106.37999982712,-111.8700001728,0.71));
#18047 = DIRECTION('',(0.,0.,-1.));
#18048 = DIRECTION('',(1.234820451254E-06,-0.999999999999,0.));
#18049 = CYLINDRICAL_SURFACE('',#18050,0.139999827125);
#18050 = AXIS2_PLACEMENT_3D('',#18051,#18052,#18053);
#18051 = CARTESIAN_POINT('',(106.37999982712,-111.8700001728,0.71));
#18052 = DIRECTION('',(0.,0.,-1.));
#18053 = DIRECTION('',(1.234820451254E-06,-0.999999999999,0.));
#18054 = ADVANCED_FACE('',(#18055),#18071,.T.);
#18055 = FACE_BOUND('',#18056,.T.);
#18056 = EDGE_LOOP('',(#18057,#18058,#18064,#18065));
#18057 = ORIENTED_EDGE('',*,*,#18035,.T.);
#18058 = ORIENTED_EDGE('',*,*,#18059,.T.);
#18059 = EDGE_CURVE('',#18027,#17827,#18060,.T.);
#18060 = LINE('',#18061,#18062);
#18061 = CARTESIAN_POINT('',(106.24,-111.87,0.75));
#18062 = VECTOR('',#18063,1.);
#18063 = DIRECTION('',(0.,1.,0.));
#18064 = ORIENTED_EDGE('',*,*,#17824,.F.);
#18065 = ORIENTED_EDGE('',*,*,#18066,.F.);
#18066 = EDGE_CURVE('',#18036,#17825,#18067,.T.);
#18067 = LINE('',#18068,#18069);
#18068 = CARTESIAN_POINT('',(106.24,-111.87,0.71));
#18069 = VECTOR('',#18070,1.);
#18070 = DIRECTION('',(0.,1.,0.));
#18071 = PLANE('',#18072);
#18072 = AXIS2_PLACEMENT_3D('',#18073,#18074,#18075);
#18073 = CARTESIAN_POINT('',(106.24,-111.87,0.71));
#18074 = DIRECTION('',(-1.,0.,0.));
#18075 = DIRECTION('',(0.,1.,0.));
#18076 = ADVANCED_FACE('',(#18077),#18087,.F.);
#18077 = FACE_BOUND('',#18078,.T.);
#18078 = EDGE_LOOP('',(#18079,#18080,#18081,#18082,#18083,#18084,#18085,
    #18086));
#18079 = ORIENTED_EDGE('',*,*,#17851,.T.);
#18080 = ORIENTED_EDGE('',*,*,#17883,.T.);
#18081 = ORIENTED_EDGE('',*,*,#17915,.T.);
#18082 = ORIENTED_EDGE('',*,*,#17947,.T.);
#18083 = ORIENTED_EDGE('',*,*,#17979,.T.);
#18084 = ORIENTED_EDGE('',*,*,#18011,.T.);
#18085 = ORIENTED_EDGE('',*,*,#18043,.T.);
#18086 = ORIENTED_EDGE('',*,*,#18066,.T.);
#18087 = PLANE('',#18088);
#18088 = AXIS2_PLACEMENT_3D('',#18089,#18090,#18091);
#18089 = CARTESIAN_POINT('',(0.,0.,0.71));
#18090 = DIRECTION('',(0.,0.,1.));
#18091 = DIRECTION('',(1.,0.,-0.));
#18092 = ADVANCED_FACE('',(#18093),#18103,.T.);
#18093 = FACE_BOUND('',#18094,.F.);
#18094 = EDGE_LOOP('',(#18095,#18096,#18097,#18098,#18099,#18100,#18101,
    #18102));
#18095 = ORIENTED_EDGE('',*,*,#17834,.T.);
#18096 = ORIENTED_EDGE('',*,*,#17867,.T.);
#18097 = ORIENTED_EDGE('',*,*,#17898,.T.);
#18098 = ORIENTED_EDGE('',*,*,#17931,.T.);
#18099 = ORIENTED_EDGE('',*,*,#17962,.T.);
#18100 = ORIENTED_EDGE('',*,*,#17995,.T.);
#18101 = ORIENTED_EDGE('',*,*,#18026,.T.);
#18102 = ORIENTED_EDGE('',*,*,#18059,.T.);
#18103 = PLANE('',#18104);
#18104 = AXIS2_PLACEMENT_3D('',#18105,#18106,#18107);
#18105 = CARTESIAN_POINT('',(0.,0.,0.75));
#18106 = DIRECTION('',(0.,0.,1.));
#18107 = DIRECTION('',(1.,0.,-0.));
#18108 = MANIFOLD_SOLID_BREP('',#18109);
#18109 = CLOSED_SHELL('',(#18110,#18143,#18152));
#18110 = ADVANCED_FACE('',(#18111),#18138,.T.);
#18111 = FACE_BOUND('',#18112,.F.);
#18112 = EDGE_LOOP('',(#18113,#18123,#18130,#18131));
#18113 = ORIENTED_EDGE('',*,*,#18114,.T.);
#18114 = EDGE_CURVE('',#18115,#18117,#18119,.T.);
#18115 = VERTEX_POINT('',#18116);
#18116 = CARTESIAN_POINT('',(91.,-109.9,0.71));
#18117 = VERTEX_POINT('',#18118);
#18118 = CARTESIAN_POINT('',(91.,-109.9,0.75));
#18119 = LINE('',#18120,#18121);
#18120 = CARTESIAN_POINT('',(91.,-109.9,0.71));
#18121 = VECTOR('',#18122,1.);
#18122 = DIRECTION('',(0.,0.,1.));
#18123 = ORIENTED_EDGE('',*,*,#18124,.T.);
#18124 = EDGE_CURVE('',#18117,#18117,#18125,.T.);
#18125 = CIRCLE('',#18126,0.5);
#18126 = AXIS2_PLACEMENT_3D('',#18127,#18128,#18129);
#18127 = CARTESIAN_POINT('',(90.5,-109.9,0.75));
#18128 = DIRECTION('',(0.,0.,1.));
#18129 = DIRECTION('',(1.,0.,-0.));
#18130 = ORIENTED_EDGE('',*,*,#18114,.F.);
#18131 = ORIENTED_EDGE('',*,*,#18132,.F.);
#18132 = EDGE_CURVE('',#18115,#18115,#18133,.T.);
#18133 = CIRCLE('',#18134,0.5);
#18134 = AXIS2_PLACEMENT_3D('',#18135,#18136,#18137);
#18135 = CARTESIAN_POINT('',(90.5,-109.9,0.71));
#18136 = DIRECTION('',(0.,0.,1.));
#18137 = DIRECTION('',(1.,0.,-0.));
#18138 = CYLINDRICAL_SURFACE('',#18139,0.5);
#18139 = AXIS2_PLACEMENT_3D('',#18140,#18141,#18142);
#18140 = CARTESIAN_POINT('',(90.5,-109.9,0.71));
#18141 = DIRECTION('',(-0.,-0.,-1.));
#18142 = DIRECTION('',(1.,0.,-0.));
#18143 = ADVANCED_FACE('',(#18144),#18147,.F.);
#18144 = FACE_BOUND('',#18145,.F.);
#18145 = EDGE_LOOP('',(#18146));
#18146 = ORIENTED_EDGE('',*,*,#18132,.T.);
#18147 = PLANE('',#18148);
#18148 = AXIS2_PLACEMENT_3D('',#18149,#18150,#18151);
#18149 = CARTESIAN_POINT('',(0.,0.,0.71));
#18150 = DIRECTION('',(0.,0.,1.));
#18151 = DIRECTION('',(1.,0.,-0.));
#18152 = ADVANCED_FACE('',(#18153),#18156,.T.);
#18153 = FACE_BOUND('',#18154,.T.);
#18154 = EDGE_LOOP('',(#18155));
#18155 = ORIENTED_EDGE('',*,*,#18124,.T.);
#18156 = PLANE('',#18157);
#18157 = AXIS2_PLACEMENT_3D('',#18158,#18159,#18160);
#18158 = CARTESIAN_POINT('',(0.,0.,0.75));
#18159 = DIRECTION('',(0.,0.,1.));
#18160 = DIRECTION('',(1.,0.,-0.));
#18161 = ( GEOMETRIC_REPRESENTATION_CONTEXT(3) 
GLOBAL_UNCERTAINTY_ASSIGNED_CONTEXT((#18165)) 
GLOBAL_UNIT_ASSIGNED_CONTEXT((#18162,#18163,#18164)) 
REPRESENTATION_CONTEXT('Context #1',
  '3D Context with UNIT and UNCERTAINTY') );
#18162 = ( LENGTH_UNIT() NAMED_UNIT(*) SI_UNIT(.MILLI.,.METRE.) );
#18163 = ( NAMED_UNIT(*) PLANE_ANGLE_UNIT() SI_UNIT($,.RADIAN.) );
#18164 = ( NAMED_UNIT(*) SI_UNIT($,.STERADIAN.) SOLID_ANGLE_UNIT() );
#18165 = UNCERTAINTY_MEASURE_WITH_UNIT(LENGTH_MEASURE(1.E-07),#18162,
  'distance_accuracy_value','confusion accuracy');
#18166 = CONTEXT_DEPENDENT_SHAPE_REPRESENTATION(#18167,#18169);
#18167 = ( REPRESENTATION_RELATIONSHIP('','',#9246,#10) 
REPRESENTATION_RELATIONSHIP_WITH_TRANSFORMATION(#18168) 
SHAPE_REPRESENTATION_RELATIONSHIP() );
#18168 = ITEM_DEFINED_TRANSFORMATION('','',#11,#19);
#18169 = PRODUCT_DEFINITION_SHAPE('Placement','Placement of an item',
  #18170);
#18170 = NEXT_ASSEMBLY_USAGE_OCCURRENCE('2','=>[0:1:1:3]','',#5,#9241,$
  );
#18171 = PRODUCT_RELATED_PRODUCT_CATEGORY('part',$,(#9243));
#18172 = SHAPE_DEFINITION_REPRESENTATION(#18173,#18179);
#18173 = PRODUCT_DEFINITION_SHAPE('','',#18174);
#18174 = PRODUCT_DEFINITION('design','',#18175,#18178);
#18175 = PRODUCT_DEFINITION_FORMATION('','',#18176);
#18176 = PRODUCT('wristband_modulo_via','wristband_modulo_via','',(
    #18177));
#18177 = PRODUCT_CONTEXT('',#2,'mechanical');
#18178 = PRODUCT_DEFINITION_CONTEXT('part definition',#2,'design');
#18179 = SHAPE_REPRESENTATION('',(#11,#18180,#18272,#18364,#18456,#18548
    ,#18640,#18732,#18824,#18916,#19008,#19100,#19192),#19284);
#18180 = MANIFOLD_SOLID_BREP('',#18181);
#18181 = CLOSED_SHELL('',(#18182,#18215,#18235,#18255));
#18182 = ADVANCED_FACE('',(#18183),#18210,.T.);
#18183 = FACE_BOUND('',#18184,.F.);
#18184 = EDGE_LOOP('',(#18185,#18195,#18202,#18203));
#18185 = ORIENTED_EDGE('',*,*,#18186,.T.);
#18186 = EDGE_CURVE('',#18187,#18189,#18191,.T.);
#18187 = VERTEX_POINT('',#18188);
#18188 = CARTESIAN_POINT('',(92.809274,-91.99989,-3.5E-02));
#18189 = VERTEX_POINT('',#18190);
#18190 = CARTESIAN_POINT('',(92.809274,-91.99989,0.745));
#18191 = LINE('',#18192,#18193);
#18192 = CARTESIAN_POINT('',(92.809274,-91.99989,-3.5E-02));
#18193 = VECTOR('',#18194,1.);
#18194 = DIRECTION('',(0.,0.,1.));
#18195 = ORIENTED_EDGE('',*,*,#18196,.T.);
#18196 = EDGE_CURVE('',#18189,#18189,#18197,.T.);
#18197 = CIRCLE('',#18198,0.15);
#18198 = AXIS2_PLACEMENT_3D('',#18199,#18200,#18201);
#18199 = CARTESIAN_POINT('',(92.809274,-91.84989,0.745));
#18200 = DIRECTION('',(0.,-0.,1.));
#18201 = DIRECTION('',(9.473903143468E-14,-1.,-0.));
#18202 = ORIENTED_EDGE('',*,*,#18186,.F.);
#18203 = ORIENTED_EDGE('',*,*,#18204,.F.);
#18204 = EDGE_CURVE('',#18187,#18187,#18205,.T.);
#18205 = CIRCLE('',#18206,0.15);
#18206 = AXIS2_PLACEMENT_3D('',#18207,#18208,#18209);
#18207 = CARTESIAN_POINT('',(92.809274,-91.84989,-3.5E-02));
#18208 = DIRECTION('',(0.,-0.,1.));
#18209 = DIRECTION('',(9.473903143468E-14,-1.,-0.));
#18210 = CYLINDRICAL_SURFACE('',#18211,0.15);
#18211 = AXIS2_PLACEMENT_3D('',#18212,#18213,#18214);
#18212 = CARTESIAN_POINT('',(92.809274,-91.84989,-3.5E-02));
#18213 = DIRECTION('',(-0.,0.,-1.));
#18214 = DIRECTION('',(9.473903143468E-14,-1.,-0.));
#18215 = ADVANCED_FACE('',(#18216,#18219),#18230,.F.);
#18216 = FACE_BOUND('',#18217,.F.);
#18217 = EDGE_LOOP('',(#18218));
#18218 = ORIENTED_EDGE('',*,*,#18204,.T.);
#18219 = FACE_BOUND('',#18220,.F.);
#18220 = EDGE_LOOP('',(#18221));
#18221 = ORIENTED_EDGE('',*,*,#18222,.T.);
#18222 = EDGE_CURVE('',#18223,#18223,#18225,.T.);
#18223 = VERTEX_POINT('',#18224);
#18224 = CARTESIAN_POINT('',(92.809274,-91.97489,-3.5E-02));
#18225 = CIRCLE('',#18226,0.125);
#18226 = AXIS2_PLACEMENT_3D('',#18227,#18228,#18229);
#18227 = CARTESIAN_POINT('',(92.809274,-91.84989,-3.5E-02));
#18228 = DIRECTION('',(-0.,0.,-1.));
#18229 = DIRECTION('',(-0.,-1.,0.));
#18230 = PLANE('',#18231);
#18231 = AXIS2_PLACEMENT_3D('',#18232,#18233,#18234);
#18232 = CARTESIAN_POINT('',(92.809274,-91.99989,-3.5E-02));
#18233 = DIRECTION('',(0.,0.,1.));
#18234 = DIRECTION('',(1.,0.,-0.));
#18235 = ADVANCED_FACE('',(#18236,#18239),#18250,.T.);
#18236 = FACE_BOUND('',#18237,.T.);
#18237 = EDGE_LOOP('',(#18238));
#18238 = ORIENTED_EDGE('',*,*,#18196,.T.);
#18239 = FACE_BOUND('',#18240,.T.);
#18240 = EDGE_LOOP('',(#18241));
#18241 = ORIENTED_EDGE('',*,*,#18242,.T.);
#18242 = EDGE_CURVE('',#18243,#18243,#18245,.T.);
#18243 = VERTEX_POINT('',#18244);
#18244 = CARTESIAN_POINT('',(92.809274,-91.97489,0.745));
#18245 = CIRCLE('',#18246,0.125);
#18246 = AXIS2_PLACEMENT_3D('',#18247,#18248,#18249);
#18247 = CARTESIAN_POINT('',(92.809274,-91.84989,0.745));
#18248 = DIRECTION('',(-0.,0.,-1.));
#18249 = DIRECTION('',(-0.,-1.,0.));
#18250 = PLANE('',#18251);
#18251 = AXIS2_PLACEMENT_3D('',#18252,#18253,#18254);
#18252 = CARTESIAN_POINT('',(92.809274,-91.99989,0.745));
#18253 = DIRECTION('',(0.,0.,1.));
#18254 = DIRECTION('',(1.,0.,-0.));
#18255 = ADVANCED_FACE('',(#18256),#18267,.F.);
#18256 = FACE_BOUND('',#18257,.T.);
#18257 = EDGE_LOOP('',(#18258,#18259,#18265,#18266));
#18258 = ORIENTED_EDGE('',*,*,#18222,.T.);
#18259 = ORIENTED_EDGE('',*,*,#18260,.T.);
#18260 = EDGE_CURVE('',#18223,#18243,#18261,.T.);
#18261 = LINE('',#18262,#18263);
#18262 = CARTESIAN_POINT('',(92.809274,-91.97489,-3.6E-02));
#18263 = VECTOR('',#18264,1.);
#18264 = DIRECTION('',(0.,0.,1.));
#18265 = ORIENTED_EDGE('',*,*,#18242,.F.);
#18266 = ORIENTED_EDGE('',*,*,#18260,.F.);
#18267 = CYLINDRICAL_SURFACE('',#18268,0.125);
#18268 = AXIS2_PLACEMENT_3D('',#18269,#18270,#18271);
#18269 = CARTESIAN_POINT('',(92.809274,-91.84989,-3.6E-02));
#18270 = DIRECTION('',(-0.,-0.,-1.));
#18271 = DIRECTION('',(-0.,-1.,0.));
#18272 = MANIFOLD_SOLID_BREP('',#18273);
#18273 = CLOSED_SHELL('',(#18274,#18307,#18327,#18347));
#18274 = ADVANCED_FACE('',(#18275),#18302,.T.);
#18275 = FACE_BOUND('',#18276,.F.);
#18276 = EDGE_LOOP('',(#18277,#18287,#18294,#18295));
#18277 = ORIENTED_EDGE('',*,*,#18278,.T.);
#18278 = EDGE_CURVE('',#18279,#18281,#18283,.T.);
#18279 = VERTEX_POINT('',#18280);
#18280 = CARTESIAN_POINT('',(96.416381,-108.169606,-3.5E-02));
#18281 = VERTEX_POINT('',#18282);
#18282 = CARTESIAN_POINT('',(96.416381,-108.169606,0.745));
#18283 = LINE('',#18284,#18285);
#18284 = CARTESIAN_POINT('',(96.416381,-108.169606,-3.5E-02));
#18285 = VECTOR('',#18286,1.);
#18286 = DIRECTION('',(0.,0.,1.));
#18287 = ORIENTED_EDGE('',*,*,#18288,.T.);
#18288 = EDGE_CURVE('',#18281,#18281,#18289,.T.);
#18289 = CIRCLE('',#18290,0.15);
#18290 = AXIS2_PLACEMENT_3D('',#18291,#18292,#18293);
#18291 = CARTESIAN_POINT('',(96.416381,-108.019606,0.745));
#18292 = DIRECTION('',(0.,0.,1.));
#18293 = DIRECTION('',(-0.,-1.,0.));
#18294 = ORIENTED_EDGE('',*,*,#18278,.F.);
#18295 = ORIENTED_EDGE('',*,*,#18296,.F.);
#18296 = EDGE_CURVE('',#18279,#18279,#18297,.T.);
#18297 = CIRCLE('',#18298,0.15);
#18298 = AXIS2_PLACEMENT_3D('',#18299,#18300,#18301);
#18299 = CARTESIAN_POINT('',(96.416381,-108.019606,-3.5E-02));
#18300 = DIRECTION('',(0.,0.,1.));
#18301 = DIRECTION('',(-0.,-1.,0.));
#18302 = CYLINDRICAL_SURFACE('',#18303,0.15);
#18303 = AXIS2_PLACEMENT_3D('',#18304,#18305,#18306);
#18304 = CARTESIAN_POINT('',(96.416381,-108.019606,-3.5E-02));
#18305 = DIRECTION('',(-0.,-0.,-1.));
#18306 = DIRECTION('',(-0.,-1.,0.));
#18307 = ADVANCED_FACE('',(#18308,#18311),#18322,.F.);
#18308 = FACE_BOUND('',#18309,.F.);
#18309 = EDGE_LOOP('',(#18310));
#18310 = ORIENTED_EDGE('',*,*,#18296,.T.);
#18311 = FACE_BOUND('',#18312,.F.);
#18312 = EDGE_LOOP('',(#18313));
#18313 = ORIENTED_EDGE('',*,*,#18314,.T.);
#18314 = EDGE_CURVE('',#18315,#18315,#18317,.T.);
#18315 = VERTEX_POINT('',#18316);
#18316 = CARTESIAN_POINT('',(96.416381,-108.144606,-3.5E-02));
#18317 = CIRCLE('',#18318,0.125);
#18318 = AXIS2_PLACEMENT_3D('',#18319,#18320,#18321);
#18319 = CARTESIAN_POINT('',(96.416381,-108.019606,-3.5E-02));
#18320 = DIRECTION('',(-0.,0.,-1.));
#18321 = DIRECTION('',(-0.,-1.,0.));
#18322 = PLANE('',#18323);
#18323 = AXIS2_PLACEMENT_3D('',#18324,#18325,#18326);
#18324 = CARTESIAN_POINT('',(96.416381,-108.169606,-3.5E-02));
#18325 = DIRECTION('',(0.,0.,1.));
#18326 = DIRECTION('',(1.,0.,-0.));
#18327 = ADVANCED_FACE('',(#18328,#18331),#18342,.T.);
#18328 = FACE_BOUND('',#18329,.T.);
#18329 = EDGE_LOOP('',(#18330));
#18330 = ORIENTED_EDGE('',*,*,#18288,.T.);
#18331 = FACE_BOUND('',#18332,.T.);
#18332 = EDGE_LOOP('',(#18333));
#18333 = ORIENTED_EDGE('',*,*,#18334,.T.);
#18334 = EDGE_CURVE('',#18335,#18335,#18337,.T.);
#18335 = VERTEX_POINT('',#18336);
#18336 = CARTESIAN_POINT('',(96.416381,-108.144606,0.745));
#18337 = CIRCLE('',#18338,0.125);
#18338 = AXIS2_PLACEMENT_3D('',#18339,#18340,#18341);
#18339 = CARTESIAN_POINT('',(96.416381,-108.019606,0.745));
#18340 = DIRECTION('',(-0.,0.,-1.));
#18341 = DIRECTION('',(-0.,-1.,0.));
#18342 = PLANE('',#18343);
#18343 = AXIS2_PLACEMENT_3D('',#18344,#18345,#18346);
#18344 = CARTESIAN_POINT('',(96.416381,-108.169606,0.745));
#18345 = DIRECTION('',(0.,0.,1.));
#18346 = DIRECTION('',(1.,0.,-0.));
#18347 = ADVANCED_FACE('',(#18348),#18359,.F.);
#18348 = FACE_BOUND('',#18349,.T.);
#18349 = EDGE_LOOP('',(#18350,#18351,#18357,#18358));
#18350 = ORIENTED_EDGE('',*,*,#18314,.T.);
#18351 = ORIENTED_EDGE('',*,*,#18352,.T.);
#18352 = EDGE_CURVE('',#18315,#18335,#18353,.T.);
#18353 = LINE('',#18354,#18355);
#18354 = CARTESIAN_POINT('',(96.416381,-108.144606,-3.6E-02));
#18355 = VECTOR('',#18356,1.);
#18356 = DIRECTION('',(0.,0.,1.));
#18357 = ORIENTED_EDGE('',*,*,#18334,.F.);
#18358 = ORIENTED_EDGE('',*,*,#18352,.F.);
#18359 = CYLINDRICAL_SURFACE('',#18360,0.125);
#18360 = AXIS2_PLACEMENT_3D('',#18361,#18362,#18363);
#18361 = CARTESIAN_POINT('',(96.416381,-108.019606,-3.6E-02));
#18362 = DIRECTION('',(-0.,-0.,-1.));
#18363 = DIRECTION('',(-0.,-1.,0.));
#18364 = MANIFOLD_SOLID_BREP('',#18365);
#18365 = CLOSED_SHELL('',(#18366,#18399,#18419,#18439));
#18366 = ADVANCED_FACE('',(#18367),#18394,.T.);
#18367 = FACE_BOUND('',#18368,.F.);
#18368 = EDGE_LOOP('',(#18369,#18379,#18386,#18387));
#18369 = ORIENTED_EDGE('',*,*,#18370,.T.);
#18370 = EDGE_CURVE('',#18371,#18373,#18375,.T.);
#18371 = VERTEX_POINT('',#18372);
#18372 = CARTESIAN_POINT('',(99.2,-100.15,-3.5E-02));
#18373 = VERTEX_POINT('',#18374);
#18374 = CARTESIAN_POINT('',(99.2,-100.15,0.745));
#18375 = LINE('',#18376,#18377);
#18376 = CARTESIAN_POINT('',(99.2,-100.15,-3.5E-02));
#18377 = VECTOR('',#18378,1.);
#18378 = DIRECTION('',(0.,0.,1.));
#18379 = ORIENTED_EDGE('',*,*,#18380,.T.);
#18380 = EDGE_CURVE('',#18373,#18373,#18381,.T.);
#18381 = CIRCLE('',#18382,0.15);
#18382 = AXIS2_PLACEMENT_3D('',#18383,#18384,#18385);
#18383 = CARTESIAN_POINT('',(99.2,-100.,0.745));
#18384 = DIRECTION('',(0.,-0.,1.));
#18385 = DIRECTION('',(9.473903143468E-14,-1.,-0.));
#18386 = ORIENTED_EDGE('',*,*,#18370,.F.);
#18387 = ORIENTED_EDGE('',*,*,#18388,.F.);
#18388 = EDGE_CURVE('',#18371,#18371,#18389,.T.);
#18389 = CIRCLE('',#18390,0.15);
#18390 = AXIS2_PLACEMENT_3D('',#18391,#18392,#18393);
#18391 = CARTESIAN_POINT('',(99.2,-100.,-3.5E-02));
#18392 = DIRECTION('',(0.,-0.,1.));
#18393 = DIRECTION('',(9.473903143468E-14,-1.,-0.));
#18394 = CYLINDRICAL_SURFACE('',#18395,0.15);
#18395 = AXIS2_PLACEMENT_3D('',#18396,#18397,#18398);
#18396 = CARTESIAN_POINT('',(99.2,-100.,-3.5E-02));
#18397 = DIRECTION('',(-0.,0.,-1.));
#18398 = DIRECTION('',(9.473903143468E-14,-1.,-0.));
#18399 = ADVANCED_FACE('',(#18400,#18403),#18414,.F.);
#18400 = FACE_BOUND('',#18401,.F.);
#18401 = EDGE_LOOP('',(#18402));
#18402 = ORIENTED_EDGE('',*,*,#18388,.T.);
#18403 = FACE_BOUND('',#18404,.F.);
#18404 = EDGE_LOOP('',(#18405));
#18405 = ORIENTED_EDGE('',*,*,#18406,.T.);
#18406 = EDGE_CURVE('',#18407,#18407,#18409,.T.);
#18407 = VERTEX_POINT('',#18408);
#18408 = CARTESIAN_POINT('',(99.2,-100.125,-3.5E-02));
#18409 = CIRCLE('',#18410,0.125);
#18410 = AXIS2_PLACEMENT_3D('',#18411,#18412,#18413);
#18411 = CARTESIAN_POINT('',(99.2,-100.,-3.5E-02));
#18412 = DIRECTION('',(-0.,0.,-1.));
#18413 = DIRECTION('',(-0.,-1.,0.));
#18414 = PLANE('',#18415);
#18415 = AXIS2_PLACEMENT_3D('',#18416,#18417,#18418);
#18416 = CARTESIAN_POINT('',(99.2,-100.15,-3.5E-02));
#18417 = DIRECTION('',(0.,0.,1.));
#18418 = DIRECTION('',(1.,0.,-0.));
#18419 = ADVANCED_FACE('',(#18420,#18423),#18434,.T.);
#18420 = FACE_BOUND('',#18421,.T.);
#18421 = EDGE_LOOP('',(#18422));
#18422 = ORIENTED_EDGE('',*,*,#18380,.T.);
#18423 = FACE_BOUND('',#18424,.T.);
#18424 = EDGE_LOOP('',(#18425));
#18425 = ORIENTED_EDGE('',*,*,#18426,.T.);
#18426 = EDGE_CURVE('',#18427,#18427,#18429,.T.);
#18427 = VERTEX_POINT('',#18428);
#18428 = CARTESIAN_POINT('',(99.2,-100.125,0.745));
#18429 = CIRCLE('',#18430,0.125);
#18430 = AXIS2_PLACEMENT_3D('',#18431,#18432,#18433);
#18431 = CARTESIAN_POINT('',(99.2,-100.,0.745));
#18432 = DIRECTION('',(-0.,0.,-1.));
#18433 = DIRECTION('',(-0.,-1.,0.));
#18434 = PLANE('',#18435);
#18435 = AXIS2_PLACEMENT_3D('',#18436,#18437,#18438);
#18436 = CARTESIAN_POINT('',(99.2,-100.15,0.745));
#18437 = DIRECTION('',(0.,0.,1.));
#18438 = DIRECTION('',(1.,0.,-0.));
#18439 = ADVANCED_FACE('',(#18440),#18451,.F.);
#18440 = FACE_BOUND('',#18441,.T.);
#18441 = EDGE_LOOP('',(#18442,#18443,#18449,#18450));
#18442 = ORIENTED_EDGE('',*,*,#18406,.T.);
#18443 = ORIENTED_EDGE('',*,*,#18444,.T.);
#18444 = EDGE_CURVE('',#18407,#18427,#18445,.T.);
#18445 = LINE('',#18446,#18447);
#18446 = CARTESIAN_POINT('',(99.2,-100.125,-3.6E-02));
#18447 = VECTOR('',#18448,1.);
#18448 = DIRECTION('',(0.,0.,1.));
#18449 = ORIENTED_EDGE('',*,*,#18426,.F.);
#18450 = ORIENTED_EDGE('',*,*,#18444,.F.);
#18451 = CYLINDRICAL_SURFACE('',#18452,0.125);
#18452 = AXIS2_PLACEMENT_3D('',#18453,#18454,#18455);
#18453 = CARTESIAN_POINT('',(99.2,-100.,-3.6E-02));
#18454 = DIRECTION('',(-0.,-0.,-1.));
#18455 = DIRECTION('',(-0.,-1.,0.));
#18456 = MANIFOLD_SOLID_BREP('',#18457);
#18457 = CLOSED_SHELL('',(#18458,#18491,#18511,#18531));
#18458 = ADVANCED_FACE('',(#18459),#18486,.T.);
#18459 = FACE_BOUND('',#18460,.F.);
#18460 = EDGE_LOOP('',(#18461,#18471,#18478,#18479));
#18461 = ORIENTED_EDGE('',*,*,#18462,.T.);
#18462 = EDGE_CURVE('',#18463,#18465,#18467,.T.);
#18463 = VERTEX_POINT('',#18464);
#18464 = CARTESIAN_POINT('',(109.790154,-110.345099,-3.5E-02));
#18465 = VERTEX_POINT('',#18466);
#18466 = CARTESIAN_POINT('',(109.790154,-110.345099,0.745));
#18467 = LINE('',#18468,#18469);
#18468 = CARTESIAN_POINT('',(109.790154,-110.345099,-3.5E-02));
#18469 = VECTOR('',#18470,1.);
#18470 = DIRECTION('',(0.,0.,1.));
#18471 = ORIENTED_EDGE('',*,*,#18472,.T.);
#18472 = EDGE_CURVE('',#18465,#18465,#18473,.T.);
#18473 = CIRCLE('',#18474,0.15);
#18474 = AXIS2_PLACEMENT_3D('',#18475,#18476,#18477);
#18475 = CARTESIAN_POINT('',(109.790154,-110.195099,0.745));
#18476 = DIRECTION('',(0.,0.,1.));
#18477 = DIRECTION('',(-0.,-1.,0.));
#18478 = ORIENTED_EDGE('',*,*,#18462,.F.);
#18479 = ORIENTED_EDGE('',*,*,#18480,.F.);
#18480 = EDGE_CURVE('',#18463,#18463,#18481,.T.);
#18481 = CIRCLE('',#18482,0.15);
#18482 = AXIS2_PLACEMENT_3D('',#18483,#18484,#18485);
#18483 = CARTESIAN_POINT('',(109.790154,-110.195099,-3.5E-02));
#18484 = DIRECTION('',(0.,0.,1.));
#18485 = DIRECTION('',(-0.,-1.,0.));
#18486 = CYLINDRICAL_SURFACE('',#18487,0.15);
#18487 = AXIS2_PLACEMENT_3D('',#18488,#18489,#18490);
#18488 = CARTESIAN_POINT('',(109.790154,-110.195099,-3.5E-02));
#18489 = DIRECTION('',(-0.,-0.,-1.));
#18490 = DIRECTION('',(-0.,-1.,0.));
#18491 = ADVANCED_FACE('',(#18492,#18495),#18506,.F.);
#18492 = FACE_BOUND('',#18493,.F.);
#18493 = EDGE_LOOP('',(#18494));
#18494 = ORIENTED_EDGE('',*,*,#18480,.T.);
#18495 = FACE_BOUND('',#18496,.F.);
#18496 = EDGE_LOOP('',(#18497));
#18497 = ORIENTED_EDGE('',*,*,#18498,.T.);
#18498 = EDGE_CURVE('',#18499,#18499,#18501,.T.);
#18499 = VERTEX_POINT('',#18500);
#18500 = CARTESIAN_POINT('',(109.790154,-110.320099,-3.5E-02));
#18501 = CIRCLE('',#18502,0.125);
#18502 = AXIS2_PLACEMENT_3D('',#18503,#18504,#18505);
#18503 = CARTESIAN_POINT('',(109.790154,-110.195099,-3.5E-02));
#18504 = DIRECTION('',(-0.,0.,-1.));
#18505 = DIRECTION('',(-0.,-1.,0.));
#18506 = PLANE('',#18507);
#18507 = AXIS2_PLACEMENT_3D('',#18508,#18509,#18510);
#18508 = CARTESIAN_POINT('',(109.790154,-110.345099,-3.5E-02));
#18509 = DIRECTION('',(0.,0.,1.));
#18510 = DIRECTION('',(1.,0.,-0.));
#18511 = ADVANCED_FACE('',(#18512,#18515),#18526,.T.);
#18512 = FACE_BOUND('',#18513,.T.);
#18513 = EDGE_LOOP('',(#18514));
#18514 = ORIENTED_EDGE('',*,*,#18472,.T.);
#18515 = FACE_BOUND('',#18516,.T.);
#18516 = EDGE_LOOP('',(#18517));
#18517 = ORIENTED_EDGE('',*,*,#18518,.T.);
#18518 = EDGE_CURVE('',#18519,#18519,#18521,.T.);
#18519 = VERTEX_POINT('',#18520);
#18520 = CARTESIAN_POINT('',(109.790154,-110.320099,0.745));
#18521 = CIRCLE('',#18522,0.125);
#18522 = AXIS2_PLACEMENT_3D('',#18523,#18524,#18525);
#18523 = CARTESIAN_POINT('',(109.790154,-110.195099,0.745));
#18524 = DIRECTION('',(-0.,0.,-1.));
#18525 = DIRECTION('',(-0.,-1.,0.));
#18526 = PLANE('',#18527);
#18527 = AXIS2_PLACEMENT_3D('',#18528,#18529,#18530);
#18528 = CARTESIAN_POINT('',(109.790154,-110.345099,0.745));
#18529 = DIRECTION('',(0.,0.,1.));
#18530 = DIRECTION('',(1.,0.,-0.));
#18531 = ADVANCED_FACE('',(#18532),#18543,.F.);
#18532 = FACE_BOUND('',#18533,.T.);
#18533 = EDGE_LOOP('',(#18534,#18535,#18541,#18542));
#18534 = ORIENTED_EDGE('',*,*,#18498,.T.);
#18535 = ORIENTED_EDGE('',*,*,#18536,.T.);
#18536 = EDGE_CURVE('',#18499,#18519,#18537,.T.);
#18537 = LINE('',#18538,#18539);
#18538 = CARTESIAN_POINT('',(109.790154,-110.320099,-3.6E-02));
#18539 = VECTOR('',#18540,1.);
#18540 = DIRECTION('',(0.,0.,1.));
#18541 = ORIENTED_EDGE('',*,*,#18518,.F.);
#18542 = ORIENTED_EDGE('',*,*,#18536,.F.);
#18543 = CYLINDRICAL_SURFACE('',#18544,0.125);
#18544 = AXIS2_PLACEMENT_3D('',#18545,#18546,#18547);
#18545 = CARTESIAN_POINT('',(109.790154,-110.195099,-3.6E-02));
#18546 = DIRECTION('',(-0.,-0.,-1.));
#18547 = DIRECTION('',(-0.,-1.,0.));
#18548 = MANIFOLD_SOLID_BREP('',#18549);
#18549 = CLOSED_SHELL('',(#18550,#18583,#18603,#18623));
#18550 = ADVANCED_FACE('',(#18551),#18578,.T.);
#18551 = FACE_BOUND('',#18552,.F.);
#18552 = EDGE_LOOP('',(#18553,#18563,#18570,#18571));
#18553 = ORIENTED_EDGE('',*,*,#18554,.T.);
#18554 = EDGE_CURVE('',#18555,#18557,#18559,.T.);
#18555 = VERTEX_POINT('',#18556);
#18556 = CARTESIAN_POINT('',(112.458027,-108.112698,-3.5E-02));
#18557 = VERTEX_POINT('',#18558);
#18558 = CARTESIAN_POINT('',(112.458027,-108.112698,0.745));
#18559 = LINE('',#18560,#18561);
#18560 = CARTESIAN_POINT('',(112.458027,-108.112698,-3.5E-02));
#18561 = VECTOR('',#18562,1.);
#18562 = DIRECTION('',(0.,0.,1.));
#18563 = ORIENTED_EDGE('',*,*,#18564,.T.);
#18564 = EDGE_CURVE('',#18557,#18557,#18565,.T.);
#18565 = CIRCLE('',#18566,0.15);
#18566 = AXIS2_PLACEMENT_3D('',#18567,#18568,#18569);
#18567 = CARTESIAN_POINT('',(112.458027,-107.962698,0.745));
#18568 = DIRECTION('',(0.,0.,1.));
#18569 = DIRECTION('',(-0.,-1.,0.));
#18570 = ORIENTED_EDGE('',*,*,#18554,.F.);
#18571 = ORIENTED_EDGE('',*,*,#18572,.F.);
#18572 = EDGE_CURVE('',#18555,#18555,#18573,.T.);
#18573 = CIRCLE('',#18574,0.15);
#18574 = AXIS2_PLACEMENT_3D('',#18575,#18576,#18577);
#18575 = CARTESIAN_POINT('',(112.458027,-107.962698,-3.5E-02));
#18576 = DIRECTION('',(0.,0.,1.));
#18577 = DIRECTION('',(-0.,-1.,0.));
#18578 = CYLINDRICAL_SURFACE('',#18579,0.15);
#18579 = AXIS2_PLACEMENT_3D('',#18580,#18581,#18582);
#18580 = CARTESIAN_POINT('',(112.458027,-107.962698,-3.5E-02));
#18581 = DIRECTION('',(-0.,-0.,-1.));
#18582 = DIRECTION('',(-0.,-1.,0.));
#18583 = ADVANCED_FACE('',(#18584,#18587),#18598,.F.);
#18584 = FACE_BOUND('',#18585,.F.);
#18585 = EDGE_LOOP('',(#18586));
#18586 = ORIENTED_EDGE('',*,*,#18572,.T.);
#18587 = FACE_BOUND('',#18588,.F.);
#18588 = EDGE_LOOP('',(#18589));
#18589 = ORIENTED_EDGE('',*,*,#18590,.T.);
#18590 = EDGE_CURVE('',#18591,#18591,#18593,.T.);
#18591 = VERTEX_POINT('',#18592);
#18592 = CARTESIAN_POINT('',(112.458027,-108.087698,-3.5E-02));
#18593 = CIRCLE('',#18594,0.125);
#18594 = AXIS2_PLACEMENT_3D('',#18595,#18596,#18597);
#18595 = CARTESIAN_POINT('',(112.458027,-107.962698,-3.5E-02));
#18596 = DIRECTION('',(-0.,0.,-1.));
#18597 = DIRECTION('',(-0.,-1.,0.));
#18598 = PLANE('',#18599);
#18599 = AXIS2_PLACEMENT_3D('',#18600,#18601,#18602);
#18600 = CARTESIAN_POINT('',(112.458027,-108.112698,-3.5E-02));
#18601 = DIRECTION('',(0.,0.,1.));
#18602 = DIRECTION('',(1.,0.,-0.));
#18603 = ADVANCED_FACE('',(#18604,#18607),#18618,.T.);
#18604 = FACE_BOUND('',#18605,.T.);
#18605 = EDGE_LOOP('',(#18606));
#18606 = ORIENTED_EDGE('',*,*,#18564,.T.);
#18607 = FACE_BOUND('',#18608,.T.);
#18608 = EDGE_LOOP('',(#18609));
#18609 = ORIENTED_EDGE('',*,*,#18610,.T.);
#18610 = EDGE_CURVE('',#18611,#18611,#18613,.T.);
#18611 = VERTEX_POINT('',#18612);
#18612 = CARTESIAN_POINT('',(112.458027,-108.087698,0.745));
#18613 = CIRCLE('',#18614,0.125);
#18614 = AXIS2_PLACEMENT_3D('',#18615,#18616,#18617);
#18615 = CARTESIAN_POINT('',(112.458027,-107.962698,0.745));
#18616 = DIRECTION('',(-0.,0.,-1.));
#18617 = DIRECTION('',(-0.,-1.,0.));
#18618 = PLANE('',#18619);
#18619 = AXIS2_PLACEMENT_3D('',#18620,#18621,#18622);
#18620 = CARTESIAN_POINT('',(112.458027,-108.112698,0.745));
#18621 = DIRECTION('',(0.,0.,1.));
#18622 = DIRECTION('',(1.,0.,-0.));
#18623 = ADVANCED_FACE('',(#18624),#18635,.F.);
#18624 = FACE_BOUND('',#18625,.T.);
#18625 = EDGE_LOOP('',(#18626,#18627,#18633,#18634));
#18626 = ORIENTED_EDGE('',*,*,#18590,.T.);
#18627 = ORIENTED_EDGE('',*,*,#18628,.T.);
#18628 = EDGE_CURVE('',#18591,#18611,#18629,.T.);
#18629 = LINE('',#18630,#18631);
#18630 = CARTESIAN_POINT('',(112.458027,-108.087698,-3.6E-02));
#18631 = VECTOR('',#18632,1.);
#18632 = DIRECTION('',(0.,0.,1.));
#18633 = ORIENTED_EDGE('',*,*,#18610,.F.);
#18634 = ORIENTED_EDGE('',*,*,#18628,.F.);
#18635 = CYLINDRICAL_SURFACE('',#18636,0.125);
#18636 = AXIS2_PLACEMENT_3D('',#18637,#18638,#18639);
#18637 = CARTESIAN_POINT('',(112.458027,-107.962698,-3.6E-02));
#18638 = DIRECTION('',(-0.,-0.,-1.));
#18639 = DIRECTION('',(-0.,-1.,0.));
#18640 = MANIFOLD_SOLID_BREP('',#18641);
#18641 = CLOSED_SHELL('',(#18642,#18675,#18695,#18715));
#18642 = ADVANCED_FACE('',(#18643),#18670,.T.);
#18643 = FACE_BOUND('',#18644,.F.);
#18644 = EDGE_LOOP('',(#18645,#18655,#18662,#18663));
#18645 = ORIENTED_EDGE('',*,*,#18646,.T.);
#18646 = EDGE_CURVE('',#18647,#18649,#18651,.T.);
#18647 = VERTEX_POINT('',#18648);
#18648 = CARTESIAN_POINT('',(94.024684,-108.256047,-3.5E-02));
#18649 = VERTEX_POINT('',#18650);
#18650 = CARTESIAN_POINT('',(94.024684,-108.256047,0.745));
#18651 = LINE('',#18652,#18653);
#18652 = CARTESIAN_POINT('',(94.024684,-108.256047,-3.5E-02));
#18653 = VECTOR('',#18654,1.);
#18654 = DIRECTION('',(0.,0.,1.));
#18655 = ORIENTED_EDGE('',*,*,#18656,.T.);
#18656 = EDGE_CURVE('',#18649,#18649,#18657,.T.);
#18657 = CIRCLE('',#18658,0.15);
#18658 = AXIS2_PLACEMENT_3D('',#18659,#18660,#18661);
#18659 = CARTESIAN_POINT('',(94.024684,-108.106047,0.745));
#18660 = DIRECTION('',(0.,0.,1.));
#18661 = DIRECTION('',(-9.473903143469E-14,-1.,0.));
#18662 = ORIENTED_EDGE('',*,*,#18646,.F.);
#18663 = ORIENTED_EDGE('',*,*,#18664,.F.);
#18664 = EDGE_CURVE('',#18647,#18647,#18665,.T.);
#18665 = CIRCLE('',#18666,0.15);
#18666 = AXIS2_PLACEMENT_3D('',#18667,#18668,#18669);
#18667 = CARTESIAN_POINT('',(94.024684,-108.106047,-3.5E-02));
#18668 = DIRECTION('',(0.,0.,1.));
#18669 = DIRECTION('',(-9.473903143469E-14,-1.,0.));
#18670 = CYLINDRICAL_SURFACE('',#18671,0.15);
#18671 = AXIS2_PLACEMENT_3D('',#18672,#18673,#18674);
#18672 = CARTESIAN_POINT('',(94.024684,-108.106047,-3.5E-02));
#18673 = DIRECTION('',(-0.,-0.,-1.));
#18674 = DIRECTION('',(-9.473903143469E-14,-1.,0.));
#18675 = ADVANCED_FACE('',(#18676,#18679),#18690,.F.);
#18676 = FACE_BOUND('',#18677,.F.);
#18677 = EDGE_LOOP('',(#18678));
#18678 = ORIENTED_EDGE('',*,*,#18664,.T.);
#18679 = FACE_BOUND('',#18680,.F.);
#18680 = EDGE_LOOP('',(#18681));
#18681 = ORIENTED_EDGE('',*,*,#18682,.T.);
#18682 = EDGE_CURVE('',#18683,#18683,#18685,.T.);
#18683 = VERTEX_POINT('',#18684);
#18684 = CARTESIAN_POINT('',(94.024684,-108.231047,-3.5E-02));
#18685 = CIRCLE('',#18686,0.125);
#18686 = AXIS2_PLACEMENT_3D('',#18687,#18688,#18689);
#18687 = CARTESIAN_POINT('',(94.024684,-108.106047,-3.5E-02));
#18688 = DIRECTION('',(-0.,0.,-1.));
#18689 = DIRECTION('',(-0.,-1.,0.));
#18690 = PLANE('',#18691);
#18691 = AXIS2_PLACEMENT_3D('',#18692,#18693,#18694);
#18692 = CARTESIAN_POINT('',(94.024684,-108.256047,-3.5E-02));
#18693 = DIRECTION('',(0.,0.,1.));
#18694 = DIRECTION('',(1.,0.,-0.));
#18695 = ADVANCED_FACE('',(#18696,#18699),#18710,.T.);
#18696 = FACE_BOUND('',#18697,.T.);
#18697 = EDGE_LOOP('',(#18698));
#18698 = ORIENTED_EDGE('',*,*,#18656,.T.);
#18699 = FACE_BOUND('',#18700,.T.);
#18700 = EDGE_LOOP('',(#18701));
#18701 = ORIENTED_EDGE('',*,*,#18702,.T.);
#18702 = EDGE_CURVE('',#18703,#18703,#18705,.T.);
#18703 = VERTEX_POINT('',#18704);
#18704 = CARTESIAN_POINT('',(94.024684,-108.231047,0.745));
#18705 = CIRCLE('',#18706,0.125);
#18706 = AXIS2_PLACEMENT_3D('',#18707,#18708,#18709);
#18707 = CARTESIAN_POINT('',(94.024684,-108.106047,0.745));
#18708 = DIRECTION('',(-0.,0.,-1.));
#18709 = DIRECTION('',(-0.,-1.,0.));
#18710 = PLANE('',#18711);
#18711 = AXIS2_PLACEMENT_3D('',#18712,#18713,#18714);
#18712 = CARTESIAN_POINT('',(94.024684,-108.256047,0.745));
#18713 = DIRECTION('',(0.,0.,1.));
#18714 = DIRECTION('',(1.,0.,-0.));
#18715 = ADVANCED_FACE('',(#18716),#18727,.F.);
#18716 = FACE_BOUND('',#18717,.T.);
#18717 = EDGE_LOOP('',(#18718,#18719,#18725,#18726));
#18718 = ORIENTED_EDGE('',*,*,#18682,.T.);
#18719 = ORIENTED_EDGE('',*,*,#18720,.T.);
#18720 = EDGE_CURVE('',#18683,#18703,#18721,.T.);
#18721 = LINE('',#18722,#18723);
#18722 = CARTESIAN_POINT('',(94.024684,-108.231047,-3.6E-02));
#18723 = VECTOR('',#18724,1.);
#18724 = DIRECTION('',(0.,0.,1.));
#18725 = ORIENTED_EDGE('',*,*,#18702,.F.);
#18726 = ORIENTED_EDGE('',*,*,#18720,.F.);
#18727 = CYLINDRICAL_SURFACE('',#18728,0.125);
#18728 = AXIS2_PLACEMENT_3D('',#18729,#18730,#18731);
#18729 = CARTESIAN_POINT('',(94.024684,-108.106047,-3.6E-02));
#18730 = DIRECTION('',(-0.,-0.,-1.));
#18731 = DIRECTION('',(-0.,-1.,0.));
#18732 = MANIFOLD_SOLID_BREP('',#18733);
#18733 = CLOSED_SHELL('',(#18734,#18767,#18787,#18807));
#18734 = ADVANCED_FACE('',(#18735),#18762,.T.);
#18735 = FACE_BOUND('',#18736,.F.);
#18736 = EDGE_LOOP('',(#18737,#18747,#18754,#18755));
#18737 = ORIENTED_EDGE('',*,*,#18738,.T.);
#18738 = EDGE_CURVE('',#18739,#18741,#18743,.T.);
#18739 = VERTEX_POINT('',#18740);
#18740 = CARTESIAN_POINT('',(94.024684,-92.043952,-3.5E-02));
#18741 = VERTEX_POINT('',#18742);
#18742 = CARTESIAN_POINT('',(94.024684,-92.043952,0.745));
#18743 = LINE('',#18744,#18745);
#18744 = CARTESIAN_POINT('',(94.024684,-92.043952,-3.5E-02));
#18745 = VECTOR('',#18746,1.);
#18746 = DIRECTION('',(0.,0.,1.));
#18747 = ORIENTED_EDGE('',*,*,#18748,.T.);
#18748 = EDGE_CURVE('',#18741,#18741,#18749,.T.);
#18749 = CIRCLE('',#18750,0.15);
#18750 = AXIS2_PLACEMENT_3D('',#18751,#18752,#18753);
#18751 = CARTESIAN_POINT('',(94.024684,-91.893952,0.745));
#18752 = DIRECTION('',(0.,0.,1.));
#18753 = DIRECTION('',(-9.473903143469E-14,-1.,0.));
#18754 = ORIENTED_EDGE('',*,*,#18738,.F.);
#18755 = ORIENTED_EDGE('',*,*,#18756,.F.);
#18756 = EDGE_CURVE('',#18739,#18739,#18757,.T.);
#18757 = CIRCLE('',#18758,0.15);
#18758 = AXIS2_PLACEMENT_3D('',#18759,#18760,#18761);
#18759 = CARTESIAN_POINT('',(94.024684,-91.893952,-3.5E-02));
#18760 = DIRECTION('',(0.,0.,1.));
#18761 = DIRECTION('',(-9.473903143469E-14,-1.,0.));
#18762 = CYLINDRICAL_SURFACE('',#18763,0.15);
#18763 = AXIS2_PLACEMENT_3D('',#18764,#18765,#18766);
#18764 = CARTESIAN_POINT('',(94.024684,-91.893952,-3.5E-02));
#18765 = DIRECTION('',(-0.,-0.,-1.));
#18766 = DIRECTION('',(-9.473903143469E-14,-1.,0.));
#18767 = ADVANCED_FACE('',(#18768,#18771),#18782,.F.);
#18768 = FACE_BOUND('',#18769,.F.);
#18769 = EDGE_LOOP('',(#18770));
#18770 = ORIENTED_EDGE('',*,*,#18756,.T.);
#18771 = FACE_BOUND('',#18772,.F.);
#18772 = EDGE_LOOP('',(#18773));
#18773 = ORIENTED_EDGE('',*,*,#18774,.T.);
#18774 = EDGE_CURVE('',#18775,#18775,#18777,.T.);
#18775 = VERTEX_POINT('',#18776);
#18776 = CARTESIAN_POINT('',(94.024684,-92.018952,-3.5E-02));
#18777 = CIRCLE('',#18778,0.125);
#18778 = AXIS2_PLACEMENT_3D('',#18779,#18780,#18781);
#18779 = CARTESIAN_POINT('',(94.024684,-91.893952,-3.5E-02));
#18780 = DIRECTION('',(-0.,0.,-1.));
#18781 = DIRECTION('',(-0.,-1.,0.));
#18782 = PLANE('',#18783);
#18783 = AXIS2_PLACEMENT_3D('',#18784,#18785,#18786);
#18784 = CARTESIAN_POINT('',(94.024684,-92.043952,-3.5E-02));
#18785 = DIRECTION('',(0.,0.,1.));
#18786 = DIRECTION('',(1.,0.,-0.));
#18787 = ADVANCED_FACE('',(#18788,#18791),#18802,.T.);
#18788 = FACE_BOUND('',#18789,.T.);
#18789 = EDGE_LOOP('',(#18790));
#18790 = ORIENTED_EDGE('',*,*,#18748,.T.);
#18791 = FACE_BOUND('',#18792,.T.);
#18792 = EDGE_LOOP('',(#18793));
#18793 = ORIENTED_EDGE('',*,*,#18794,.T.);
#18794 = EDGE_CURVE('',#18795,#18795,#18797,.T.);
#18795 = VERTEX_POINT('',#18796);
#18796 = CARTESIAN_POINT('',(94.024684,-92.018952,0.745));
#18797 = CIRCLE('',#18798,0.125);
#18798 = AXIS2_PLACEMENT_3D('',#18799,#18800,#18801);
#18799 = CARTESIAN_POINT('',(94.024684,-91.893952,0.745));
#18800 = DIRECTION('',(-0.,0.,-1.));
#18801 = DIRECTION('',(-0.,-1.,0.));
#18802 = PLANE('',#18803);
#18803 = AXIS2_PLACEMENT_3D('',#18804,#18805,#18806);
#18804 = CARTESIAN_POINT('',(94.024684,-92.043952,0.745));
#18805 = DIRECTION('',(0.,0.,1.));
#18806 = DIRECTION('',(1.,0.,-0.));
#18807 = ADVANCED_FACE('',(#18808),#18819,.F.);
#18808 = FACE_BOUND('',#18809,.T.);
#18809 = EDGE_LOOP('',(#18810,#18811,#18817,#18818));
#18810 = ORIENTED_EDGE('',*,*,#18774,.T.);
#18811 = ORIENTED_EDGE('',*,*,#18812,.T.);
#18812 = EDGE_CURVE('',#18775,#18795,#18813,.T.);
#18813 = LINE('',#18814,#18815);
#18814 = CARTESIAN_POINT('',(94.024684,-92.018952,-3.6E-02));
#18815 = VECTOR('',#18816,1.);
#18816 = DIRECTION('',(0.,0.,1.));
#18817 = ORIENTED_EDGE('',*,*,#18794,.F.);
#18818 = ORIENTED_EDGE('',*,*,#18812,.F.);
#18819 = CYLINDRICAL_SURFACE('',#18820,0.125);
#18820 = AXIS2_PLACEMENT_3D('',#18821,#18822,#18823);
#18821 = CARTESIAN_POINT('',(94.024684,-91.893952,-3.6E-02));
#18822 = DIRECTION('',(-0.,-0.,-1.));
#18823 = DIRECTION('',(-0.,-1.,0.));
#18824 = MANIFOLD_SOLID_BREP('',#18825);
#18825 = CLOSED_SHELL('',(#18826,#18859,#18879,#18899));
#18826 = ADVANCED_FACE('',(#18827),#18854,.T.);
#18827 = FACE_BOUND('',#18828,.F.);
#18828 = EDGE_LOOP('',(#18829,#18839,#18846,#18847));
#18829 = ORIENTED_EDGE('',*,*,#18830,.T.);
#18830 = EDGE_CURVE('',#18831,#18833,#18835,.T.);
#18831 = VERTEX_POINT('',#18832);
#18832 = CARTESIAN_POINT('',(92.809274,-108.300109,-3.5E-02));
#18833 = VERTEX_POINT('',#18834);
#18834 = CARTESIAN_POINT('',(92.809274,-108.300109,0.745));
#18835 = LINE('',#18836,#18837);
#18836 = CARTESIAN_POINT('',(92.809274,-108.300109,-3.5E-02));
#18837 = VECTOR('',#18838,1.);
#18838 = DIRECTION('',(0.,0.,1.));
#18839 = ORIENTED_EDGE('',*,*,#18840,.T.);
#18840 = EDGE_CURVE('',#18833,#18833,#18841,.T.);
#18841 = CIRCLE('',#18842,0.15);
#18842 = AXIS2_PLACEMENT_3D('',#18843,#18844,#18845);
#18843 = CARTESIAN_POINT('',(92.809274,-108.150109,0.745));
#18844 = DIRECTION('',(0.,-0.,1.));
#18845 = DIRECTION('',(9.473903143467E-14,-1.,-0.));
#18846 = ORIENTED_EDGE('',*,*,#18830,.F.);
#18847 = ORIENTED_EDGE('',*,*,#18848,.F.);
#18848 = EDGE_CURVE('',#18831,#18831,#18849,.T.);
#18849 = CIRCLE('',#18850,0.15);
#18850 = AXIS2_PLACEMENT_3D('',#18851,#18852,#18853);
#18851 = CARTESIAN_POINT('',(92.809274,-108.150109,-3.5E-02));
#18852 = DIRECTION('',(0.,-0.,1.));
#18853 = DIRECTION('',(9.473903143467E-14,-1.,-0.));
#18854 = CYLINDRICAL_SURFACE('',#18855,0.15);
#18855 = AXIS2_PLACEMENT_3D('',#18856,#18857,#18858);
#18856 = CARTESIAN_POINT('',(92.809274,-108.150109,-3.5E-02));
#18857 = DIRECTION('',(-0.,0.,-1.));
#18858 = DIRECTION('',(9.473903143467E-14,-1.,-0.));
#18859 = ADVANCED_FACE('',(#18860,#18863),#18874,.F.);
#18860 = FACE_BOUND('',#18861,.F.);
#18861 = EDGE_LOOP('',(#18862));
#18862 = ORIENTED_EDGE('',*,*,#18848,.T.);
#18863 = FACE_BOUND('',#18864,.F.);
#18864 = EDGE_LOOP('',(#18865));
#18865 = ORIENTED_EDGE('',*,*,#18866,.T.);
#18866 = EDGE_CURVE('',#18867,#18867,#18869,.T.);
#18867 = VERTEX_POINT('',#18868);
#18868 = CARTESIAN_POINT('',(92.809274,-108.275109,-3.5E-02));
#18869 = CIRCLE('',#18870,0.125);
#18870 = AXIS2_PLACEMENT_3D('',#18871,#18872,#18873);
#18871 = CARTESIAN_POINT('',(92.809274,-108.150109,-3.5E-02));
#18872 = DIRECTION('',(-0.,0.,-1.));
#18873 = DIRECTION('',(-0.,-1.,0.));
#18874 = PLANE('',#18875);
#18875 = AXIS2_PLACEMENT_3D('',#18876,#18877,#18878);
#18876 = CARTESIAN_POINT('',(92.809274,-108.300109,-3.5E-02));
#18877 = DIRECTION('',(0.,0.,1.));
#18878 = DIRECTION('',(1.,0.,-0.));
#18879 = ADVANCED_FACE('',(#18880,#18883),#18894,.T.);
#18880 = FACE_BOUND('',#18881,.T.);
#18881 = EDGE_LOOP('',(#18882));
#18882 = ORIENTED_EDGE('',*,*,#18840,.T.);
#18883 = FACE_BOUND('',#18884,.T.);
#18884 = EDGE_LOOP('',(#18885));
#18885 = ORIENTED_EDGE('',*,*,#18886,.T.);
#18886 = EDGE_CURVE('',#18887,#18887,#18889,.T.);
#18887 = VERTEX_POINT('',#18888);
#18888 = CARTESIAN_POINT('',(92.809274,-108.275109,0.745));
#18889 = CIRCLE('',#18890,0.125);
#18890 = AXIS2_PLACEMENT_3D('',#18891,#18892,#18893);
#18891 = CARTESIAN_POINT('',(92.809274,-108.150109,0.745));
#18892 = DIRECTION('',(-0.,0.,-1.));
#18893 = DIRECTION('',(-0.,-1.,0.));
#18894 = PLANE('',#18895);
#18895 = AXIS2_PLACEMENT_3D('',#18896,#18897,#18898);
#18896 = CARTESIAN_POINT('',(92.809274,-108.300109,0.745));
#18897 = DIRECTION('',(0.,0.,1.));
#18898 = DIRECTION('',(1.,0.,-0.));
#18899 = ADVANCED_FACE('',(#18900),#18911,.F.);
#18900 = FACE_BOUND('',#18901,.T.);
#18901 = EDGE_LOOP('',(#18902,#18903,#18909,#18910));
#18902 = ORIENTED_EDGE('',*,*,#18866,.T.);
#18903 = ORIENTED_EDGE('',*,*,#18904,.T.);
#18904 = EDGE_CURVE('',#18867,#18887,#18905,.T.);
#18905 = LINE('',#18906,#18907);
#18906 = CARTESIAN_POINT('',(92.809274,-108.275109,-3.6E-02));
#18907 = VECTOR('',#18908,1.);
#18908 = DIRECTION('',(0.,0.,1.));
#18909 = ORIENTED_EDGE('',*,*,#18886,.F.);
#18910 = ORIENTED_EDGE('',*,*,#18904,.F.);
#18911 = CYLINDRICAL_SURFACE('',#18912,0.125);
#18912 = AXIS2_PLACEMENT_3D('',#18913,#18914,#18915);
#18913 = CARTESIAN_POINT('',(92.809274,-108.150109,-3.6E-02));
#18914 = DIRECTION('',(-0.,-0.,-1.));
#18915 = DIRECTION('',(-0.,-1.,0.));
#18916 = MANIFOLD_SOLID_BREP('',#18917);
#18917 = CLOSED_SHELL('',(#18918,#18951,#18971,#18991));
#18918 = ADVANCED_FACE('',(#18919),#18946,.T.);
#18919 = FACE_BOUND('',#18920,.F.);
#18920 = EDGE_LOOP('',(#18921,#18931,#18938,#18939));
#18921 = ORIENTED_EDGE('',*,*,#18922,.T.);
#18922 = EDGE_CURVE('',#18923,#18925,#18927,.T.);
#18923 = VERTEX_POINT('',#18924);
#18924 = CARTESIAN_POINT('',(108.261312,-112.021904,-3.5E-02));
#18925 = VERTEX_POINT('',#18926);
#18926 = CARTESIAN_POINT('',(108.261312,-112.021904,0.745));
#18927 = LINE('',#18928,#18929);
#18928 = CARTESIAN_POINT('',(108.261312,-112.021904,-3.5E-02));
#18929 = VECTOR('',#18930,1.);
#18930 = DIRECTION('',(0.,0.,1.));
#18931 = ORIENTED_EDGE('',*,*,#18932,.T.);
#18932 = EDGE_CURVE('',#18925,#18925,#18933,.T.);
#18933 = CIRCLE('',#18934,0.15);
#18934 = AXIS2_PLACEMENT_3D('',#18935,#18936,#18937);
#18935 = CARTESIAN_POINT('',(108.261312,-111.871904,0.745));
#18936 = DIRECTION('',(0.,0.,1.));
#18937 = DIRECTION('',(-0.,-1.,0.));
#18938 = ORIENTED_EDGE('',*,*,#18922,.F.);
#18939 = ORIENTED_EDGE('',*,*,#18940,.F.);
#18940 = EDGE_CURVE('',#18923,#18923,#18941,.T.);
#18941 = CIRCLE('',#18942,0.15);
#18942 = AXIS2_PLACEMENT_3D('',#18943,#18944,#18945);
#18943 = CARTESIAN_POINT('',(108.261312,-111.871904,-3.5E-02));
#18944 = DIRECTION('',(0.,0.,1.));
#18945 = DIRECTION('',(-0.,-1.,0.));
#18946 = CYLINDRICAL_SURFACE('',#18947,0.15);
#18947 = AXIS2_PLACEMENT_3D('',#18948,#18949,#18950);
#18948 = CARTESIAN_POINT('',(108.261312,-111.871904,-3.5E-02));
#18949 = DIRECTION('',(-0.,-0.,-1.));
#18950 = DIRECTION('',(-0.,-1.,0.));
#18951 = ADVANCED_FACE('',(#18952,#18955),#18966,.F.);
#18952 = FACE_BOUND('',#18953,.F.);
#18953 = EDGE_LOOP('',(#18954));
#18954 = ORIENTED_EDGE('',*,*,#18940,.T.);
#18955 = FACE_BOUND('',#18956,.F.);
#18956 = EDGE_LOOP('',(#18957));
#18957 = ORIENTED_EDGE('',*,*,#18958,.T.);
#18958 = EDGE_CURVE('',#18959,#18959,#18961,.T.);
#18959 = VERTEX_POINT('',#18960);
#18960 = CARTESIAN_POINT('',(108.261312,-111.996904,-3.5E-02));
#18961 = CIRCLE('',#18962,0.125);
#18962 = AXIS2_PLACEMENT_3D('',#18963,#18964,#18965);
#18963 = CARTESIAN_POINT('',(108.261312,-111.871904,-3.5E-02));
#18964 = DIRECTION('',(-0.,0.,-1.));
#18965 = DIRECTION('',(-0.,-1.,0.));
#18966 = PLANE('',#18967);
#18967 = AXIS2_PLACEMENT_3D('',#18968,#18969,#18970);
#18968 = CARTESIAN_POINT('',(108.261312,-112.021904,-3.5E-02));
#18969 = DIRECTION('',(0.,0.,1.));
#18970 = DIRECTION('',(1.,0.,-0.));
#18971 = ADVANCED_FACE('',(#18972,#18975),#18986,.T.);
#18972 = FACE_BOUND('',#18973,.T.);
#18973 = EDGE_LOOP('',(#18974));
#18974 = ORIENTED_EDGE('',*,*,#18932,.T.);
#18975 = FACE_BOUND('',#18976,.T.);
#18976 = EDGE_LOOP('',(#18977));
#18977 = ORIENTED_EDGE('',*,*,#18978,.T.);
#18978 = EDGE_CURVE('',#18979,#18979,#18981,.T.);
#18979 = VERTEX_POINT('',#18980);
#18980 = CARTESIAN_POINT('',(108.261312,-111.996904,0.745));
#18981 = CIRCLE('',#18982,0.125);
#18982 = AXIS2_PLACEMENT_3D('',#18983,#18984,#18985);
#18983 = CARTESIAN_POINT('',(108.261312,-111.871904,0.745));
#18984 = DIRECTION('',(-0.,0.,-1.));
#18985 = DIRECTION('',(-0.,-1.,0.));
#18986 = PLANE('',#18987);
#18987 = AXIS2_PLACEMENT_3D('',#18988,#18989,#18990);
#18988 = CARTESIAN_POINT('',(108.261312,-112.021904,0.745));
#18989 = DIRECTION('',(0.,0.,1.));
#18990 = DIRECTION('',(1.,0.,-0.));
#18991 = ADVANCED_FACE('',(#18992),#19003,.F.);
#18992 = FACE_BOUND('',#18993,.T.);
#18993 = EDGE_LOOP('',(#18994,#18995,#19001,#19002));
#18994 = ORIENTED_EDGE('',*,*,#18958,.T.);
#18995 = ORIENTED_EDGE('',*,*,#18996,.T.);
#18996 = EDGE_CURVE('',#18959,#18979,#18997,.T.);
#18997 = LINE('',#18998,#18999);
#18998 = CARTESIAN_POINT('',(108.261312,-111.996904,-3.6E-02));
#18999 = VECTOR('',#19000,1.);
#19000 = DIRECTION('',(0.,0.,1.));
#19001 = ORIENTED_EDGE('',*,*,#18978,.F.);
#19002 = ORIENTED_EDGE('',*,*,#18996,.F.);
#19003 = CYLINDRICAL_SURFACE('',#19004,0.125);
#19004 = AXIS2_PLACEMENT_3D('',#19005,#19006,#19007);
#19005 = CARTESIAN_POINT('',(108.261312,-111.871904,-3.6E-02));
#19006 = DIRECTION('',(-0.,-0.,-1.));
#19007 = DIRECTION('',(-0.,-1.,0.));
#19008 = MANIFOLD_SOLID_BREP('',#19009);
#19009 = CLOSED_SHELL('',(#19010,#19043,#19063,#19083));
#19010 = ADVANCED_FACE('',(#19011),#19038,.T.);
#19011 = FACE_BOUND('',#19012,.F.);
#19012 = EDGE_LOOP('',(#19013,#19023,#19030,#19031));
#19013 = ORIENTED_EDGE('',*,*,#19014,.T.);
#19014 = EDGE_CURVE('',#19015,#19017,#19019,.T.);
#19015 = VERTEX_POINT('',#19016);
#19016 = CARTESIAN_POINT('',(105.675089,-87.381049,-3.5E-02));
#19017 = VERTEX_POINT('',#19018);
#19018 = CARTESIAN_POINT('',(105.675089,-87.381049,0.745));
#19019 = LINE('',#19020,#19021);
#19020 = CARTESIAN_POINT('',(105.675089,-87.381049,-3.5E-02));
#19021 = VECTOR('',#19022,1.);
#19022 = DIRECTION('',(0.,0.,1.));
#19023 = ORIENTED_EDGE('',*,*,#19024,.T.);
#19024 = EDGE_CURVE('',#19017,#19017,#19025,.T.);
#19025 = CIRCLE('',#19026,0.15);
#19026 = AXIS2_PLACEMENT_3D('',#19027,#19028,#19029);
#19027 = CARTESIAN_POINT('',(105.675089,-87.231049,0.745));
#19028 = DIRECTION('',(0.,0.,1.));
#19029 = DIRECTION('',(-0.,-1.,0.));
#19030 = ORIENTED_EDGE('',*,*,#19014,.F.);
#19031 = ORIENTED_EDGE('',*,*,#19032,.F.);
#19032 = EDGE_CURVE('',#19015,#19015,#19033,.T.);
#19033 = CIRCLE('',#19034,0.15);
#19034 = AXIS2_PLACEMENT_3D('',#19035,#19036,#19037);
#19035 = CARTESIAN_POINT('',(105.675089,-87.231049,-3.5E-02));
#19036 = DIRECTION('',(0.,0.,1.));
#19037 = DIRECTION('',(-0.,-1.,0.));
#19038 = CYLINDRICAL_SURFACE('',#19039,0.15);
#19039 = AXIS2_PLACEMENT_3D('',#19040,#19041,#19042);
#19040 = CARTESIAN_POINT('',(105.675089,-87.231049,-3.5E-02));
#19041 = DIRECTION('',(-0.,-0.,-1.));
#19042 = DIRECTION('',(-0.,-1.,0.));
#19043 = ADVANCED_FACE('',(#19044,#19047),#19058,.F.);
#19044 = FACE_BOUND('',#19045,.F.);
#19045 = EDGE_LOOP('',(#19046));
#19046 = ORIENTED_EDGE('',*,*,#19032,.T.);
#19047 = FACE_BOUND('',#19048,.F.);
#19048 = EDGE_LOOP('',(#19049));
#19049 = ORIENTED_EDGE('',*,*,#19050,.T.);
#19050 = EDGE_CURVE('',#19051,#19051,#19053,.T.);
#19051 = VERTEX_POINT('',#19052);
#19052 = CARTESIAN_POINT('',(105.675089,-87.356049,-3.5E-02));
#19053 = CIRCLE('',#19054,0.125);
#19054 = AXIS2_PLACEMENT_3D('',#19055,#19056,#19057);
#19055 = CARTESIAN_POINT('',(105.675089,-87.231049,-3.5E-02));
#19056 = DIRECTION('',(-0.,0.,-1.));
#19057 = DIRECTION('',(-0.,-1.,0.));
#19058 = PLANE('',#19059);
#19059 = AXIS2_PLACEMENT_3D('',#19060,#19061,#19062);
#19060 = CARTESIAN_POINT('',(105.675089,-87.381049,-3.5E-02));
#19061 = DIRECTION('',(0.,0.,1.));
#19062 = DIRECTION('',(1.,0.,-0.));
#19063 = ADVANCED_FACE('',(#19064,#19067),#19078,.T.);
#19064 = FACE_BOUND('',#19065,.T.);
#19065 = EDGE_LOOP('',(#19066));
#19066 = ORIENTED_EDGE('',*,*,#19024,.T.);
#19067 = FACE_BOUND('',#19068,.T.);
#19068 = EDGE_LOOP('',(#19069));
#19069 = ORIENTED_EDGE('',*,*,#19070,.T.);
#19070 = EDGE_CURVE('',#19071,#19071,#19073,.T.);
#19071 = VERTEX_POINT('',#19072);
#19072 = CARTESIAN_POINT('',(105.675089,-87.356049,0.745));
#19073 = CIRCLE('',#19074,0.125);
#19074 = AXIS2_PLACEMENT_3D('',#19075,#19076,#19077);
#19075 = CARTESIAN_POINT('',(105.675089,-87.231049,0.745));
#19076 = DIRECTION('',(-0.,0.,-1.));
#19077 = DIRECTION('',(-0.,-1.,0.));
#19078 = PLANE('',#19079);
#19079 = AXIS2_PLACEMENT_3D('',#19080,#19081,#19082);
#19080 = CARTESIAN_POINT('',(105.675089,-87.381049,0.745));
#19081 = DIRECTION('',(0.,0.,1.));
#19082 = DIRECTION('',(1.,0.,-0.));
#19083 = ADVANCED_FACE('',(#19084),#19095,.F.);
#19084 = FACE_BOUND('',#19085,.T.);
#19085 = EDGE_LOOP('',(#19086,#19087,#19093,#19094));
#19086 = ORIENTED_EDGE('',*,*,#19050,.T.);
#19087 = ORIENTED_EDGE('',*,*,#19088,.T.);
#19088 = EDGE_CURVE('',#19051,#19071,#19089,.T.);
#19089 = LINE('',#19090,#19091);
#19090 = CARTESIAN_POINT('',(105.675089,-87.356049,-3.6E-02));
#19091 = VECTOR('',#19092,1.);
#19092 = DIRECTION('',(0.,0.,1.));
#19093 = ORIENTED_EDGE('',*,*,#19070,.F.);
#19094 = ORIENTED_EDGE('',*,*,#19088,.F.);
#19095 = CYLINDRICAL_SURFACE('',#19096,0.125);
#19096 = AXIS2_PLACEMENT_3D('',#19097,#19098,#19099);
#19097 = CARTESIAN_POINT('',(105.675089,-87.231049,-3.6E-02));
#19098 = DIRECTION('',(-0.,-0.,-1.));
#19099 = DIRECTION('',(-0.,-1.,0.));
#19100 = MANIFOLD_SOLID_BREP('',#19101);
#19101 = CLOSED_SHELL('',(#19102,#19135,#19155,#19175));
#19102 = ADVANCED_FACE('',(#19103),#19130,.T.);
#19103 = FACE_BOUND('',#19104,.F.);
#19104 = EDGE_LOOP('',(#19105,#19115,#19122,#19123));
#19105 = ORIENTED_EDGE('',*,*,#19106,.T.);
#19106 = EDGE_CURVE('',#19107,#19109,#19111,.T.);
#19107 = VERTEX_POINT('',#19108);
#19108 = CARTESIAN_POINT('',(108.,-107.135,-3.5E-02));
#19109 = VERTEX_POINT('',#19110);
#19110 = CARTESIAN_POINT('',(108.,-107.135,0.745));
#19111 = LINE('',#19112,#19113);
#19112 = CARTESIAN_POINT('',(108.,-107.135,-3.5E-02));
#19113 = VECTOR('',#19114,1.);
#19114 = DIRECTION('',(0.,0.,1.));
#19115 = ORIENTED_EDGE('',*,*,#19116,.T.);
#19116 = EDGE_CURVE('',#19109,#19109,#19117,.T.);
#19117 = CIRCLE('',#19118,0.15);
#19118 = AXIS2_PLACEMENT_3D('',#19119,#19120,#19121);
#19119 = CARTESIAN_POINT('',(108.,-106.985,0.745));
#19120 = DIRECTION('',(0.,0.,1.));
#19121 = DIRECTION('',(-0.,-1.,0.));
#19122 = ORIENTED_EDGE('',*,*,#19106,.F.);
#19123 = ORIENTED_EDGE('',*,*,#19124,.F.);
#19124 = EDGE_CURVE('',#19107,#19107,#19125,.T.);
#19125 = CIRCLE('',#19126,0.15);
#19126 = AXIS2_PLACEMENT_3D('',#19127,#19128,#19129);
#19127 = CARTESIAN_POINT('',(108.,-106.985,-3.5E-02));
#19128 = DIRECTION('',(0.,0.,1.));
#19129 = DIRECTION('',(-0.,-1.,0.));
#19130 = CYLINDRICAL_SURFACE('',#19131,0.15);
#19131 = AXIS2_PLACEMENT_3D('',#19132,#19133,#19134);
#19132 = CARTESIAN_POINT('',(108.,-106.985,-3.5E-02));
#19133 = DIRECTION('',(-0.,-0.,-1.));
#19134 = DIRECTION('',(-0.,-1.,0.));
#19135 = ADVANCED_FACE('',(#19136,#19139),#19150,.F.);
#19136 = FACE_BOUND('',#19137,.F.);
#19137 = EDGE_LOOP('',(#19138));
#19138 = ORIENTED_EDGE('',*,*,#19124,.T.);
#19139 = FACE_BOUND('',#19140,.F.);
#19140 = EDGE_LOOP('',(#19141));
#19141 = ORIENTED_EDGE('',*,*,#19142,.T.);
#19142 = EDGE_CURVE('',#19143,#19143,#19145,.T.);
#19143 = VERTEX_POINT('',#19144);
#19144 = CARTESIAN_POINT('',(108.,-107.11,-3.5E-02));
#19145 = CIRCLE('',#19146,0.125);
#19146 = AXIS2_PLACEMENT_3D('',#19147,#19148,#19149);
#19147 = CARTESIAN_POINT('',(108.,-106.985,-3.5E-02));
#19148 = DIRECTION('',(-0.,0.,-1.));
#19149 = DIRECTION('',(-0.,-1.,0.));
#19150 = PLANE('',#19151);
#19151 = AXIS2_PLACEMENT_3D('',#19152,#19153,#19154);
#19152 = CARTESIAN_POINT('',(108.,-107.135,-3.5E-02));
#19153 = DIRECTION('',(0.,0.,1.));
#19154 = DIRECTION('',(1.,0.,-0.));
#19155 = ADVANCED_FACE('',(#19156,#19159),#19170,.T.);
#19156 = FACE_BOUND('',#19157,.T.);
#19157 = EDGE_LOOP('',(#19158));
#19158 = ORIENTED_EDGE('',*,*,#19116,.T.);
#19159 = FACE_BOUND('',#19160,.T.);
#19160 = EDGE_LOOP('',(#19161));
#19161 = ORIENTED_EDGE('',*,*,#19162,.T.);
#19162 = EDGE_CURVE('',#19163,#19163,#19165,.T.);
#19163 = VERTEX_POINT('',#19164);
#19164 = CARTESIAN_POINT('',(108.,-107.11,0.745));
#19165 = CIRCLE('',#19166,0.125);
#19166 = AXIS2_PLACEMENT_3D('',#19167,#19168,#19169);
#19167 = CARTESIAN_POINT('',(108.,-106.985,0.745));
#19168 = DIRECTION('',(-0.,0.,-1.));
#19169 = DIRECTION('',(-0.,-1.,0.));
#19170 = PLANE('',#19171);
#19171 = AXIS2_PLACEMENT_3D('',#19172,#19173,#19174);
#19172 = CARTESIAN_POINT('',(108.,-107.135,0.745));
#19173 = DIRECTION('',(0.,0.,1.));
#19174 = DIRECTION('',(1.,0.,-0.));
#19175 = ADVANCED_FACE('',(#19176),#19187,.F.);
#19176 = FACE_BOUND('',#19177,.T.);
#19177 = EDGE_LOOP('',(#19178,#19179,#19185,#19186));
#19178 = ORIENTED_EDGE('',*,*,#19142,.T.);
#19179 = ORIENTED_EDGE('',*,*,#19180,.T.);
#19180 = EDGE_CURVE('',#19143,#19163,#19181,.T.);
#19181 = LINE('',#19182,#19183);
#19182 = CARTESIAN_POINT('',(108.,-107.11,-3.6E-02));
#19183 = VECTOR('',#19184,1.);
#19184 = DIRECTION('',(0.,0.,1.));
#19185 = ORIENTED_EDGE('',*,*,#19162,.F.);
#19186 = ORIENTED_EDGE('',*,*,#19180,.F.);
#19187 = CYLINDRICAL_SURFACE('',#19188,0.125);
#19188 = AXIS2_PLACEMENT_3D('',#19189,#19190,#19191);
#19189 = CARTESIAN_POINT('',(108.,-106.985,-3.6E-02));
#19190 = DIRECTION('',(-0.,-0.,-1.));
#19191 = DIRECTION('',(-0.,-1.,0.));
#19192 = MANIFOLD_SOLID_BREP('',#19193);
#19193 = CLOSED_SHELL('',(#19194,#19227,#19247,#19267));
#19194 = ADVANCED_FACE('',(#19195),#19222,.T.);
#19195 = FACE_BOUND('',#19196,.F.);
#19196 = EDGE_LOOP('',(#19197,#19207,#19214,#19215));
#19197 = ORIENTED_EDGE('',*,*,#19198,.T.);
#19198 = EDGE_CURVE('',#19199,#19201,#19203,.T.);
#19199 = VERTEX_POINT('',#19200);
#19200 = CARTESIAN_POINT('',(108.,-110.31,-3.5E-02));
#19201 = VERTEX_POINT('',#19202);
#19202 = CARTESIAN_POINT('',(108.,-110.31,0.745));
#19203 = LINE('',#19204,#19205);
#19204 = CARTESIAN_POINT('',(108.,-110.31,-3.5E-02));
#19205 = VECTOR('',#19206,1.);
#19206 = DIRECTION('',(0.,0.,1.));
#19207 = ORIENTED_EDGE('',*,*,#19208,.T.);
#19208 = EDGE_CURVE('',#19201,#19201,#19209,.T.);
#19209 = CIRCLE('',#19210,0.15);
#19210 = AXIS2_PLACEMENT_3D('',#19211,#19212,#19213);
#19211 = CARTESIAN_POINT('',(108.,-110.16,0.745));
#19212 = DIRECTION('',(0.,0.,1.));
#19213 = DIRECTION('',(-0.,-1.,0.));
#19214 = ORIENTED_EDGE('',*,*,#19198,.F.);
#19215 = ORIENTED_EDGE('',*,*,#19216,.F.);
#19216 = EDGE_CURVE('',#19199,#19199,#19217,.T.);
#19217 = CIRCLE('',#19218,0.15);
#19218 = AXIS2_PLACEMENT_3D('',#19219,#19220,#19221);
#19219 = CARTESIAN_POINT('',(108.,-110.16,-3.5E-02));
#19220 = DIRECTION('',(0.,0.,1.));
#19221 = DIRECTION('',(-0.,-1.,0.));
#19222 = CYLINDRICAL_SURFACE('',#19223,0.15);
#19223 = AXIS2_PLACEMENT_3D('',#19224,#19225,#19226);
#19224 = CARTESIAN_POINT('',(108.,-110.16,-3.5E-02));
#19225 = DIRECTION('',(-0.,-0.,-1.));
#19226 = DIRECTION('',(-0.,-1.,0.));
#19227 = ADVANCED_FACE('',(#19228,#19231),#19242,.F.);
#19228 = FACE_BOUND('',#19229,.F.);
#19229 = EDGE_LOOP('',(#19230));
#19230 = ORIENTED_EDGE('',*,*,#19216,.T.);
#19231 = FACE_BOUND('',#19232,.F.);
#19232 = EDGE_LOOP('',(#19233));
#19233 = ORIENTED_EDGE('',*,*,#19234,.T.);
#19234 = EDGE_CURVE('',#19235,#19235,#19237,.T.);
#19235 = VERTEX_POINT('',#19236);
#19236 = CARTESIAN_POINT('',(108.,-110.285,-3.5E-02));
#19237 = CIRCLE('',#19238,0.125);
#19238 = AXIS2_PLACEMENT_3D('',#19239,#19240,#19241);
#19239 = CARTESIAN_POINT('',(108.,-110.16,-3.5E-02));
#19240 = DIRECTION('',(-0.,0.,-1.));
#19241 = DIRECTION('',(-0.,-1.,0.));
#19242 = PLANE('',#19243);
#19243 = AXIS2_PLACEMENT_3D('',#19244,#19245,#19246);
#19244 = CARTESIAN_POINT('',(108.,-110.31,-3.5E-02));
#19245 = DIRECTION('',(0.,0.,1.));
#19246 = DIRECTION('',(1.,0.,-0.));
#19247 = ADVANCED_FACE('',(#19248,#19251),#19262,.T.);
#19248 = FACE_BOUND('',#19249,.T.);
#19249 = EDGE_LOOP('',(#19250));
#19250 = ORIENTED_EDGE('',*,*,#19208,.T.);
#19251 = FACE_BOUND('',#19252,.T.);
#19252 = EDGE_LOOP('',(#19253));
#19253 = ORIENTED_EDGE('',*,*,#19254,.T.);
#19254 = EDGE_CURVE('',#19255,#19255,#19257,.T.);
#19255 = VERTEX_POINT('',#19256);
#19256 = CARTESIAN_POINT('',(108.,-110.285,0.745));
#19257 = CIRCLE('',#19258,0.125);
#19258 = AXIS2_PLACEMENT_3D('',#19259,#19260,#19261);
#19259 = CARTESIAN_POINT('',(108.,-110.16,0.745));
#19260 = DIRECTION('',(-0.,0.,-1.));
#19261 = DIRECTION('',(-0.,-1.,0.));
#19262 = PLANE('',#19263);
#19263 = AXIS2_PLACEMENT_3D('',#19264,#19265,#19266);
#19264 = CARTESIAN_POINT('',(108.,-110.31,0.745));
#19265 = DIRECTION('',(0.,0.,1.));
#19266 = DIRECTION('',(1.,0.,-0.));
#19267 = ADVANCED_FACE('',(#19268),#19279,.F.);
#19268 = FACE_BOUND('',#19269,.T.);
#19269 = EDGE_LOOP('',(#19270,#19271,#19277,#19278));
#19270 = ORIENTED_EDGE('',*,*,#19234,.T.);
#19271 = ORIENTED_EDGE('',*,*,#19272,.T.);
#19272 = EDGE_CURVE('',#19235,#19255,#19273,.T.);
#19273 = LINE('',#19274,#19275);
#19274 = CARTESIAN_POINT('',(108.,-110.285,-3.6E-02));
#19275 = VECTOR('',#19276,1.);
#19276 = DIRECTION('',(0.,0.,1.));
#19277 = ORIENTED_EDGE('',*,*,#19254,.F.);
#19278 = ORIENTED_EDGE('',*,*,#19272,.F.);
#19279 = CYLINDRICAL_SURFACE('',#19280,0.125);
#19280 = AXIS2_PLACEMENT_3D('',#19281,#19282,#19283);
#19281 = CARTESIAN_POINT('',(108.,-110.16,-3.6E-02));
#19282 = DIRECTION('',(-0.,-0.,-1.));
#19283 = DIRECTION('',(-0.,-1.,0.));
#19284 = ( GEOMETRIC_REPRESENTATION_CONTEXT(3) 
GLOBAL_UNCERTAINTY_ASSIGNED_CONTEXT((#19288)) 
GLOBAL_UNIT_ASSIGNED_CONTEXT((#19285,#19286,#19287)) 
REPRESENTATION_CONTEXT('Context #1',
  '3D Context with UNIT and UNCERTAINTY') );
#19285 = ( LENGTH_UNIT() NAMED_UNIT(*) SI_UNIT(.MILLI.,.METRE.) );
#19286 = ( NAMED_UNIT(*) PLANE_ANGLE_UNIT() SI_UNIT($,.RADIAN.) );
#19287 = ( NAMED_UNIT(*) SI_UNIT($,.STERADIAN.) SOLID_ANGLE_UNIT() );
#19288 = UNCERTAINTY_MEASURE_WITH_UNIT(LENGTH_MEASURE(1.E-07),#19285,
  'distance_accuracy_value','confusion accuracy');
#19289 = CONTEXT_DEPENDENT_SHAPE_REPRESENTATION(#19290,#19292);
#19290 = ( REPRESENTATION_RELATIONSHIP('','',#18179,#10) 
REPRESENTATION_RELATIONSHIP_WITH_TRANSFORMATION(#19291) 
SHAPE_REPRESENTATION_RELATIONSHIP() );
#19291 = ITEM_DEFINED_TRANSFORMATION('','',#11,#23);
#19292 = PRODUCT_DEFINITION_SHAPE('Placement','Placement of an item',
  #19293);
#19293 = NEXT_ASSEMBLY_USAGE_OCCURRENCE('3','=>[0:1:1:4]','',#5,#18174,$
  );
#19294 = PRODUCT_RELATED_PRODUCT_CATEGORY('part',$,(#18176));
#19295 = SHAPE_DEFINITION_REPRESENTATION(#19296,#19302);
#19296 = PRODUCT_DEFINITION_SHAPE('','',#19297);
#19297 = PRODUCT_DEFINITION('design','',#19298,#19301);
#19298 = PRODUCT_DEFINITION_FORMATION('','',#19299);
#19299 = PRODUCT('wristband_modulo_PCB','wristband_modulo_PCB','',(
    #19300));
#19300 = PRODUCT_CONTEXT('',#2,'mechanical');
#19301 = PRODUCT_DEFINITION_CONTEXT('part definition',#2,'design');
#19302 = ADVANCED_BREP_SHAPE_REPRESENTATION('',(#11,#19303),#19356);
#19303 = MANIFOLD_SOLID_BREP('',#19304);
#19304 = CLOSED_SHELL('',(#19305,#19338,#19347));
#19305 = ADVANCED_FACE('',(#19306),#19333,.T.);
#19306 = FACE_BOUND('',#19307,.F.);
#19307 = EDGE_LOOP('',(#19308,#19318,#19325,#19326));
#19308 = ORIENTED_EDGE('',*,*,#19309,.T.);
#19309 = EDGE_CURVE('',#19310,#19312,#19314,.T.);
#19310 = VERTEX_POINT('',#19311);
#19311 = CARTESIAN_POINT('',(116.,-100.,0.));
#19312 = VERTEX_POINT('',#19313);
#19313 = CARTESIAN_POINT('',(116.,-100.,0.71));
#19314 = LINE('',#19315,#19316);
#19315 = CARTESIAN_POINT('',(116.,-100.,0.));
#19316 = VECTOR('',#19317,1.);
#19317 = DIRECTION('',(0.,0.,1.));
#19318 = ORIENTED_EDGE('',*,*,#19319,.T.);
#19319 = EDGE_CURVE('',#19312,#19312,#19320,.T.);
#19320 = CIRCLE('',#19321,16.);
#19321 = AXIS2_PLACEMENT_3D('',#19322,#19323,#19324);
#19322 = CARTESIAN_POINT('',(100.,-100.,0.71));
#19323 = DIRECTION('',(0.,0.,1.));
#19324 = DIRECTION('',(1.,0.,-0.));
#19325 = ORIENTED_EDGE('',*,*,#19309,.F.);
#19326 = ORIENTED_EDGE('',*,*,#19327,.F.);
#19327 = EDGE_CURVE('',#19310,#19310,#19328,.T.);
#19328 = CIRCLE('',#19329,16.);
#19329 = AXIS2_PLACEMENT_3D('',#19330,#19331,#19332);
#19330 = CARTESIAN_POINT('',(100.,-100.,0.));
#19331 = DIRECTION('',(0.,0.,1.));
#19332 = DIRECTION('',(1.,0.,-0.));
#19333 = CYLINDRICAL_SURFACE('',#19334,16.);
#19334 = AXIS2_PLACEMENT_3D('',#19335,#19336,#19337);
#19335 = CARTESIAN_POINT('',(100.,-100.,0.));
#19336 = DIRECTION('',(-0.,-0.,-1.));
#19337 = DIRECTION('',(1.,0.,-0.));
#19338 = ADVANCED_FACE('',(#19339),#19342,.F.);
#19339 = FACE_BOUND('',#19340,.F.);
#19340 = EDGE_LOOP('',(#19341));
#19341 = ORIENTED_EDGE('',*,*,#19327,.T.);
#19342 = PLANE('',#19343);
#19343 = AXIS2_PLACEMENT_3D('',#19344,#19345,#19346);
#19344 = CARTESIAN_POINT('',(0.,0.,0.));
#19345 = DIRECTION('',(0.,0.,1.));
#19346 = DIRECTION('',(1.,0.,-0.));
#19347 = ADVANCED_FACE('',(#19348),#19351,.T.);
#19348 = FACE_BOUND('',#19349,.T.);
#19349 = EDGE_LOOP('',(#19350));
#19350 = ORIENTED_EDGE('',*,*,#19319,.T.);
#19351 = PLANE('',#19352);
#19352 = AXIS2_PLACEMENT_3D('',#19353,#19354,#19355);
#19353 = CARTESIAN_POINT('',(0.,0.,0.71));
#19354 = DIRECTION('',(0.,0.,1.));
#19355 = DIRECTION('',(1.,0.,-0.));
#19356 = ( GEOMETRIC_REPRESENTATION_CONTEXT(3) 
GLOBAL_UNCERTAINTY_ASSIGNED_CONTEXT((#19360)) 
GLOBAL_UNIT_ASSIGNED_CONTEXT((#19357,#19358,#19359)) 
REPRESENTATION_CONTEXT('Context #1',
  '3D Context with UNIT and UNCERTAINTY') );
#19357 = ( LENGTH_UNIT() NAMED_UNIT(*) SI_UNIT(.MILLI.,.METRE.) );
#19358 = ( NAMED_UNIT(*) PLANE_ANGLE_UNIT() SI_UNIT($,.RADIAN.) );
#19359 = ( NAMED_UNIT(*) SI_UNIT($,.STERADIAN.) SOLID_ANGLE_UNIT() );
#19360 = UNCERTAINTY_MEASURE_WITH_UNIT(LENGTH_MEASURE(1.E-07),#19357,
  'distance_accuracy_value','confusion accuracy');
#19361 = CONTEXT_DEPENDENT_SHAPE_REPRESENTATION(#19362,#19364);
#19362 = ( REPRESENTATION_RELATIONSHIP('','',#19302,#10) 
REPRESENTATION_RELATIONSHIP_WITH_TRANSFORMATION(#19363) 
SHAPE_REPRESENTATION_RELATIONSHIP() );
#19363 = ITEM_DEFINED_TRANSFORMATION('','',#11,#27);
#19364 = PRODUCT_DEFINITION_SHAPE('Placement','Placement of an item',
  #19365);
#19365 = NEXT_ASSEMBLY_USAGE_OCCURRENCE('4','=>[0:1:1:5]','',#5,#19297,$
  );
#19366 = PRODUCT_RELATED_PRODUCT_CATEGORY('part',$,(#19299));
#19367 = MECHANICAL_DESIGN_GEOMETRIC_PRESENTATION_REPRESENTATION('',(
    #19368,#19376,#19383,#19390,#19397,#19404,#19411,#19418,#19425,
    #19432,#19439,#19446,#19453,#19460,#19467,#19474),#9228);
#19368 = STYLED_ITEM('color',(#19369),#45);
#19369 = PRESENTATION_STYLE_ASSIGNMENT((#19370));
#19370 = SURFACE_STYLE_USAGE(.BOTH.,#19371);
#19371 = SURFACE_SIDE_STYLE('',(#19372));
#19372 = SURFACE_STYLE_FILL_AREA(#19373);
#19373 = FILL_AREA_STYLE('',(#19374));
#19374 = FILL_AREA_STYLE_COLOUR('',#19375);
#19375 = COLOUR_RGB('',0.854305825093,0.803630995277,0.);
#19376 = STYLED_ITEM('color',(#19377),#304);
#19377 = PRESENTATION_STYLE_ASSIGNMENT((#19378));
#19378 = SURFACE_STYLE_USAGE(.BOTH.,#19379);
#19379 = SURFACE_SIDE_STYLE('',(#19380));
#19380 = SURFACE_STYLE_FILL_AREA(#19381);
#19381 = FILL_AREA_STYLE('',(#19382));
#19382 = FILL_AREA_STYLE_COLOUR('',#19375);
#19383 = STYLED_ITEM('color',(#19384),#563);
#19384 = PRESENTATION_STYLE_ASSIGNMENT((#19385));
#19385 = SURFACE_STYLE_USAGE(.BOTH.,#19386);
#19386 = SURFACE_SIDE_STYLE('',(#19387));
#19387 = SURFACE_STYLE_FILL_AREA(#19388);
#19388 = FILL_AREA_STYLE('',(#19389));
#19389 = FILL_AREA_STYLE_COLOUR('',#19375);
#19390 = STYLED_ITEM('color',(#19391),#822);
#19391 = PRESENTATION_STYLE_ASSIGNMENT((#19392));
#19392 = SURFACE_STYLE_USAGE(.BOTH.,#19393);
#19393 = SURFACE_SIDE_STYLE('',(#19394));
#19394 = SURFACE_STYLE_FILL_AREA(#19395);
#19395 = FILL_AREA_STYLE('',(#19396));
#19396 = FILL_AREA_STYLE_COLOUR('',#19375);
#19397 = STYLED_ITEM('color',(#19398),#1149);
#19398 = PRESENTATION_STYLE_ASSIGNMENT((#19399));
#19399 = SURFACE_STYLE_USAGE(.BOTH.,#19400);
#19400 = SURFACE_SIDE_STYLE('',(#19401));
#19401 = SURFACE_STYLE_FILL_AREA(#19402);
#19402 = FILL_AREA_STYLE('',(#19403));
#19403 = FILL_AREA_STYLE_COLOUR('',#19375);
#19404 = STYLED_ITEM('color',(#19405),#1408);
#19405 = PRESENTATION_STYLE_ASSIGNMENT((#19406));
#19406 = SURFACE_STYLE_USAGE(.BOTH.,#19407);
#19407 = SURFACE_SIDE_STYLE('',(#19408));
#19408 = SURFACE_STYLE_FILL_AREA(#19409);
#19409 = FILL_AREA_STYLE('',(#19410));
#19410 = FILL_AREA_STYLE_COLOUR('',#19375);
#19411 = STYLED_ITEM('color',(#19412),#1634);
#19412 = PRESENTATION_STYLE_ASSIGNMENT((#19413));
#19413 = SURFACE_STYLE_USAGE(.BOTH.,#19414);
#19414 = SURFACE_SIDE_STYLE('',(#19415));
#19415 = SURFACE_STYLE_FILL_AREA(#19416);
#19416 = FILL_AREA_STYLE('',(#19417));
#19417 = FILL_AREA_STYLE_COLOUR('',#19375);
#19418 = STYLED_ITEM('color',(#19419),#1893);
#19419 = PRESENTATION_STYLE_ASSIGNMENT((#19420));
#19420 = SURFACE_STYLE_USAGE(.BOTH.,#19421);
#19421 = SURFACE_SIDE_STYLE('',(#19422));
#19422 = SURFACE_STYLE_FILL_AREA(#19423);
#19423 = FILL_AREA_STYLE('',(#19424));
#19424 = FILL_AREA_STYLE_COLOUR('',#19375);
#19425 = STYLED_ITEM('color',(#19426),#2154);
#19426 = PRESENTATION_STYLE_ASSIGNMENT((#19427));
#19427 = SURFACE_STYLE_USAGE(.BOTH.,#19428);
#19428 = SURFACE_SIDE_STYLE('',(#19429));
#19429 = SURFACE_STYLE_FILL_AREA(#19430);
#19430 = FILL_AREA_STYLE('',(#19431));
#19431 = FILL_AREA_STYLE_COLOUR('',#19375);
#19432 = STYLED_ITEM('color',(#19433),#2413);
#19433 = PRESENTATION_STYLE_ASSIGNMENT((#19434));
#19434 = SURFACE_STYLE_USAGE(.BOTH.,#19435);
#19435 = SURFACE_SIDE_STYLE('',(#19436));
#19436 = SURFACE_STYLE_FILL_AREA(#19437);
#19437 = FILL_AREA_STYLE('',(#19438));
#19438 = FILL_AREA_STYLE_COLOUR('',#19375);
#19439 = STYLED_ITEM('color',(#19440),#2672);
#19440 = PRESENTATION_STYLE_ASSIGNMENT((#19441));
#19441 = SURFACE_STYLE_USAGE(.BOTH.,#19442);
#19442 = SURFACE_SIDE_STYLE('',(#19443));
#19443 = SURFACE_STYLE_FILL_AREA(#19444);
#19444 = FILL_AREA_STYLE('',(#19445));
#19445 = FILL_AREA_STYLE_COLOUR('',#19375);
#19446 = STYLED_ITEM('color',(#19447),#7195);
#19447 = PRESENTATION_STYLE_ASSIGNMENT((#19448));
#19448 = SURFACE_STYLE_USAGE(.BOTH.,#19449);
#19449 = SURFACE_SIDE_STYLE('',(#19450));
#19450 = SURFACE_STYLE_FILL_AREA(#19451);
#19451 = FILL_AREA_STYLE('',(#19452));
#19452 = FILL_AREA_STYLE_COLOUR('',#19375);
#19453 = STYLED_ITEM('color',(#19454),#7450);
#19454 = PRESENTATION_STYLE_ASSIGNMENT((#19455));
#19455 = SURFACE_STYLE_USAGE(.BOTH.,#19456);
#19456 = SURFACE_SIDE_STYLE('',(#19457));
#19457 = SURFACE_STYLE_FILL_AREA(#19458);
#19458 = FILL_AREA_STYLE('',(#19459));
#19459 = FILL_AREA_STYLE_COLOUR('',#19375);
#19460 = STYLED_ITEM('color',(#19461),#7705);
#19461 = PRESENTATION_STYLE_ASSIGNMENT((#19462));
#19462 = SURFACE_STYLE_USAGE(.BOTH.,#19463);
#19463 = SURFACE_SIDE_STYLE('',(#19464));
#19464 = SURFACE_STYLE_FILL_AREA(#19465);
#19465 = FILL_AREA_STYLE('',(#19466));
#19466 = FILL_AREA_STYLE_COLOUR('',#19375);
#19467 = STYLED_ITEM('color',(#19468),#8605);
#19468 = PRESENTATION_STYLE_ASSIGNMENT((#19469));
#19469 = SURFACE_STYLE_USAGE(.BOTH.,#19470);
#19470 = SURFACE_SIDE_STYLE('',(#19471));
#19471 = SURFACE_STYLE_FILL_AREA(#19472);
#19472 = FILL_AREA_STYLE('',(#19473));
#19473 = FILL_AREA_STYLE_COLOUR('',#19375);
#19474 = STYLED_ITEM('color',(#19475),#8864);
#19475 = PRESENTATION_STYLE_ASSIGNMENT((#19476));
#19476 = SURFACE_STYLE_USAGE(.BOTH.,#19477);
#19477 = SURFACE_SIDE_STYLE('',(#19478));
#19478 = SURFACE_STYLE_FILL_AREA(#19479);
#19479 = FILL_AREA_STYLE('',(#19480));
#19480 = FILL_AREA_STYLE_COLOUR('',#19375);
#19481 = MECHANICAL_DESIGN_GEOMETRIC_PRESENTATION_REPRESENTATION('',(
    #19482),#19356);
#19482 = STYLED_ITEM('color',(#19483),#19303);
#19483 = PRESENTATION_STYLE_ASSIGNMENT((#19484));
#19484 = SURFACE_STYLE_USAGE(.BOTH.,#19485);
#19485 = SURFACE_SIDE_STYLE('',(#19486));
#19486 = SURFACE_STYLE_FILL_AREA(#19487);
#19487 = FILL_AREA_STYLE('',(#19488));
#19488 = FILL_AREA_STYLE_COLOUR('',#19489);
#19489 = COLOUR_RGB('',0.313304153717,0.484529207832,0.410020903123);
#19490 = MECHANICAL_DESIGN_GEOMETRIC_PRESENTATION_REPRESENTATION('',(
    #19491,#19498,#19505,#19512,#19519,#19526,#19533,#19540,#19547,
    #19554,#19561,#19568),#19284);
#19491 = STYLED_ITEM('color',(#19492),#18180);
#19492 = PRESENTATION_STYLE_ASSIGNMENT((#19493));
#19493 = SURFACE_STYLE_USAGE(.BOTH.,#19494);
#19494 = SURFACE_SIDE_STYLE('',(#19495));
#19495 = SURFACE_STYLE_FILL_AREA(#19496);
#19496 = FILL_AREA_STYLE('',(#19497));
#19497 = FILL_AREA_STYLE_COLOUR('',#19375);
#19498 = STYLED_ITEM('color',(#19499),#18272);
#19499 = PRESENTATION_STYLE_ASSIGNMENT((#19500));
#19500 = SURFACE_STYLE_USAGE(.BOTH.,#19501);
#19501 = SURFACE_SIDE_STYLE('',(#19502));
#19502 = SURFACE_STYLE_FILL_AREA(#19503);
#19503 = FILL_AREA_STYLE('',(#19504));
#19504 = FILL_AREA_STYLE_COLOUR('',#19375);
#19505 = STYLED_ITEM('color',(#19506),#18364);
#19506 = PRESENTATION_STYLE_ASSIGNMENT((#19507));
#19507 = SURFACE_STYLE_USAGE(.BOTH.,#19508);
#19508 = SURFACE_SIDE_STYLE('',(#19509));
#19509 = SURFACE_STYLE_FILL_AREA(#19510);
#19510 = FILL_AREA_STYLE('',(#19511));
#19511 = FILL_AREA_STYLE_COLOUR('',#19375);
#19512 = STYLED_ITEM('color',(#19513),#18456);
#19513 = PRESENTATION_STYLE_ASSIGNMENT((#19514));
#19514 = SURFACE_STYLE_USAGE(.BOTH.,#19515);
#19515 = SURFACE_SIDE_STYLE('',(#19516));
#19516 = SURFACE_STYLE_FILL_AREA(#19517);
#19517 = FILL_AREA_STYLE('',(#19518));
#19518 = FILL_AREA_STYLE_COLOUR('',#19375);
#19519 = STYLED_ITEM('color',(#19520),#18548);
#19520 = PRESENTATION_STYLE_ASSIGNMENT((#19521));
#19521 = SURFACE_STYLE_USAGE(.BOTH.,#19522);
#19522 = SURFACE_SIDE_STYLE('',(#19523));
#19523 = SURFACE_STYLE_FILL_AREA(#19524);
#19524 = FILL_AREA_STYLE('',(#19525));
#19525 = FILL_AREA_STYLE_COLOUR('',#19375);
#19526 = STYLED_ITEM('color',(#19527),#18640);
#19527 = PRESENTATION_STYLE_ASSIGNMENT((#19528));
#19528 = SURFACE_STYLE_USAGE(.BOTH.,#19529);
#19529 = SURFACE_SIDE_STYLE('',(#19530));
#19530 = SURFACE_STYLE_FILL_AREA(#19531);
#19531 = FILL_AREA_STYLE('',(#19532));
#19532 = FILL_AREA_STYLE_COLOUR('',#19375);
#19533 = STYLED_ITEM('color',(#19534),#18732);
#19534 = PRESENTATION_STYLE_ASSIGNMENT((#19535));
#19535 = SURFACE_STYLE_USAGE(.BOTH.,#19536);
#19536 = SURFACE_SIDE_STYLE('',(#19537));
#19537 = SURFACE_STYLE_FILL_AREA(#19538);
#19538 = FILL_AREA_STYLE('',(#19539));
#19539 = FILL_AREA_STYLE_COLOUR('',#19375);
#19540 = STYLED_ITEM('color',(#19541),#18824);
#19541 = PRESENTATION_STYLE_ASSIGNMENT((#19542));
#19542 = SURFACE_STYLE_USAGE(.BOTH.,#19543);
#19543 = SURFACE_SIDE_STYLE('',(#19544));
#19544 = SURFACE_STYLE_FILL_AREA(#19545);
#19545 = FILL_AREA_STYLE('',(#19546));
#19546 = FILL_AREA_STYLE_COLOUR('',#19375);
#19547 = STYLED_ITEM('color',(#19548),#18916);
#19548 = PRESENTATION_STYLE_ASSIGNMENT((#19549));
#19549 = SURFACE_STYLE_USAGE(.BOTH.,#19550);
#19550 = SURFACE_SIDE_STYLE('',(#19551));
#19551 = SURFACE_STYLE_FILL_AREA(#19552);
#19552 = FILL_AREA_STYLE('',(#19553));
#19553 = FILL_AREA_STYLE_COLOUR('',#19375);
#19554 = STYLED_ITEM('color',(#19555),#19008);
#19555 = PRESENTATION_STYLE_ASSIGNMENT((#19556));
#19556 = SURFACE_STYLE_USAGE(.BOTH.,#19557);
#19557 = SURFACE_SIDE_STYLE('',(#19558));
#19558 = SURFACE_STYLE_FILL_AREA(#19559);
#19559 = FILL_AREA_STYLE('',(#19560));
#19560 = FILL_AREA_STYLE_COLOUR('',#19375);
#19561 = STYLED_ITEM('color',(#19562),#19100);
#19562 = PRESENTATION_STYLE_ASSIGNMENT((#19563));
#19563 = SURFACE_STYLE_USAGE(.BOTH.,#19564);
#19564 = SURFACE_SIDE_STYLE('',(#19565));
#19565 = SURFACE_STYLE_FILL_AREA(#19566);
#19566 = FILL_AREA_STYLE('',(#19567));
#19567 = FILL_AREA_STYLE_COLOUR('',#19375);
#19568 = STYLED_ITEM('color',(#19569),#19192);
#19569 = PRESENTATION_STYLE_ASSIGNMENT((#19570));
#19570 = SURFACE_STYLE_USAGE(.BOTH.,#19571);
#19571 = SURFACE_SIDE_STYLE('',(#19572));
#19572 = SURFACE_STYLE_FILL_AREA(#19573);
#19573 = FILL_AREA_STYLE('',(#19574));
#19574 = FILL_AREA_STYLE_COLOUR('',#19375);
#19575 = MECHANICAL_DESIGN_GEOMETRIC_PRESENTATION_REPRESENTATION('',(
    #19576,#19584,#19591,#19598,#19605,#19612,#19619,#19626,#19633,
    #19640,#19647,#19654,#19661,#19668,#19675,#19682,#19689,#19696,
    #19703,#19710,#19717,#19724,#19731,#19738,#19745,#19752,#19759,
    #19766,#19773,#19780,#19787,#19794,#19801,#19808,#19815,#19822,
    #19829,#19836,#19843,#19850,#19857,#19864,#19871,#19878,#19885,
    #19892,#19899,#19906,#19913,#19920,#19927,#19934,#19941,#19948,
    #19955,#19962),#18161);
#19576 = STYLED_ITEM('color',(#19577),#9247);
#19577 = PRESENTATION_STYLE_ASSIGNMENT((#19578));
#19578 = SURFACE_STYLE_USAGE(.BOTH.,#19579);
#19579 = SURFACE_SIDE_STYLE('',(#19580));
#19580 = SURFACE_STYLE_FILL_AREA(#19581);
#19581 = FILL_AREA_STYLE('',(#19582));
#19582 = FILL_AREA_STYLE_COLOUR('',#19583);
#19583 = COLOUR_RGB('',0.735356983052,0.735356983052,0.735356983052);
#19584 = STYLED_ITEM('color',(#19585),#9397);
#19585 = PRESENTATION_STYLE_ASSIGNMENT((#19586));
#19586 = SURFACE_STYLE_USAGE(.BOTH.,#19587);
#19587 = SURFACE_SIDE_STYLE('',(#19588));
#19588 = SURFACE_STYLE_FILL_AREA(#19589);
#19589 = FILL_AREA_STYLE('',(#19590));
#19590 = FILL_AREA_STYLE_COLOUR('',#19583);
#19591 = STYLED_ITEM('color',(#19592),#9547);
#19592 = PRESENTATION_STYLE_ASSIGNMENT((#19593));
#19593 = SURFACE_STYLE_USAGE(.BOTH.,#19594);
#19594 = SURFACE_SIDE_STYLE('',(#19595));
#19595 = SURFACE_STYLE_FILL_AREA(#19596);
#19596 = FILL_AREA_STYLE('',(#19597));
#19597 = FILL_AREA_STYLE_COLOUR('',#19583);
#19598 = STYLED_ITEM('color',(#19599),#9697);
#19599 = PRESENTATION_STYLE_ASSIGNMENT((#19600));
#19600 = SURFACE_STYLE_USAGE(.BOTH.,#19601);
#19601 = SURFACE_SIDE_STYLE('',(#19602));
#19602 = SURFACE_STYLE_FILL_AREA(#19603);
#19603 = FILL_AREA_STYLE('',(#19604));
#19604 = FILL_AREA_STYLE_COLOUR('',#19583);
#19605 = STYLED_ITEM('color',(#19606),#9847);
#19606 = PRESENTATION_STYLE_ASSIGNMENT((#19607));
#19607 = SURFACE_STYLE_USAGE(.BOTH.,#19608);
#19608 = SURFACE_SIDE_STYLE('',(#19609));
#19609 = SURFACE_STYLE_FILL_AREA(#19610);
#19610 = FILL_AREA_STYLE('',(#19611));
#19611 = FILL_AREA_STYLE_COLOUR('',#19583);
#19612 = STYLED_ITEM('color',(#19613),#9997);
#19613 = PRESENTATION_STYLE_ASSIGNMENT((#19614));
#19614 = SURFACE_STYLE_USAGE(.BOTH.,#19615);
#19615 = SURFACE_SIDE_STYLE('',(#19616));
#19616 = SURFACE_STYLE_FILL_AREA(#19617);
#19617 = FILL_AREA_STYLE('',(#19618));
#19618 = FILL_AREA_STYLE_COLOUR('',#19583);
#19619 = STYLED_ITEM('color',(#19620),#10147);
#19620 = PRESENTATION_STYLE_ASSIGNMENT((#19621));
#19621 = SURFACE_STYLE_USAGE(.BOTH.,#19622);
#19622 = SURFACE_SIDE_STYLE('',(#19623));
#19623 = SURFACE_STYLE_FILL_AREA(#19624);
#19624 = FILL_AREA_STYLE('',(#19625));
#19625 = FILL_AREA_STYLE_COLOUR('',#19583);
#19626 = STYLED_ITEM('color',(#19627),#10297);
#19627 = PRESENTATION_STYLE_ASSIGNMENT((#19628));
#19628 = SURFACE_STYLE_USAGE(.BOTH.,#19629);
#19629 = SURFACE_SIDE_STYLE('',(#19630));
#19630 = SURFACE_STYLE_FILL_AREA(#19631);
#19631 = FILL_AREA_STYLE('',(#19632));
#19632 = FILL_AREA_STYLE_COLOUR('',#19583);
#19633 = STYLED_ITEM('color',(#19634),#10447);
#19634 = PRESENTATION_STYLE_ASSIGNMENT((#19635));
#19635 = SURFACE_STYLE_USAGE(.BOTH.,#19636);
#19636 = SURFACE_SIDE_STYLE('',(#19637));
#19637 = SURFACE_STYLE_FILL_AREA(#19638);
#19638 = FILL_AREA_STYLE('',(#19639));
#19639 = FILL_AREA_STYLE_COLOUR('',#19583);
#19640 = STYLED_ITEM('color',(#19641),#10597);
#19641 = PRESENTATION_STYLE_ASSIGNMENT((#19642));
#19642 = SURFACE_STYLE_USAGE(.BOTH.,#19643);
#19643 = SURFACE_SIDE_STYLE('',(#19644));
#19644 = SURFACE_STYLE_FILL_AREA(#19645);
#19645 = FILL_AREA_STYLE('',(#19646));
#19646 = FILL_AREA_STYLE_COLOUR('',#19583);
#19647 = STYLED_ITEM('color',(#19648),#10747);
#19648 = PRESENTATION_STYLE_ASSIGNMENT((#19649));
#19649 = SURFACE_STYLE_USAGE(.BOTH.,#19650);
#19650 = SURFACE_SIDE_STYLE('',(#19651));
#19651 = SURFACE_STYLE_FILL_AREA(#19652);
#19652 = FILL_AREA_STYLE('',(#19653));
#19653 = FILL_AREA_STYLE_COLOUR('',#19583);
#19654 = STYLED_ITEM('color',(#19655),#10897);
#19655 = PRESENTATION_STYLE_ASSIGNMENT((#19656));
#19656 = SURFACE_STYLE_USAGE(.BOTH.,#19657);
#19657 = SURFACE_SIDE_STYLE('',(#19658));
#19658 = SURFACE_STYLE_FILL_AREA(#19659);
#19659 = FILL_AREA_STYLE('',(#19660));
#19660 = FILL_AREA_STYLE_COLOUR('',#19583);
#19661 = STYLED_ITEM('color',(#19662),#11047);
#19662 = PRESENTATION_STYLE_ASSIGNMENT((#19663));
#19663 = SURFACE_STYLE_USAGE(.BOTH.,#19664);
#19664 = SURFACE_SIDE_STYLE('',(#19665));
#19665 = SURFACE_STYLE_FILL_AREA(#19666);
#19666 = FILL_AREA_STYLE('',(#19667));
#19667 = FILL_AREA_STYLE_COLOUR('',#19583);
#19668 = STYLED_ITEM('color',(#19669),#11197);
#19669 = PRESENTATION_STYLE_ASSIGNMENT((#19670));
#19670 = SURFACE_STYLE_USAGE(.BOTH.,#19671);
#19671 = SURFACE_SIDE_STYLE('',(#19672));
#19672 = SURFACE_STYLE_FILL_AREA(#19673);
#19673 = FILL_AREA_STYLE('',(#19674));
#19674 = FILL_AREA_STYLE_COLOUR('',#19583);
#19675 = STYLED_ITEM('color',(#19676),#11347);
#19676 = PRESENTATION_STYLE_ASSIGNMENT((#19677));
#19677 = SURFACE_STYLE_USAGE(.BOTH.,#19678);
#19678 = SURFACE_SIDE_STYLE('',(#19679));
#19679 = SURFACE_STYLE_FILL_AREA(#19680);
#19680 = FILL_AREA_STYLE('',(#19681));
#19681 = FILL_AREA_STYLE_COLOUR('',#19583);
#19682 = STYLED_ITEM('color',(#19683),#11497);
#19683 = PRESENTATION_STYLE_ASSIGNMENT((#19684));
#19684 = SURFACE_STYLE_USAGE(.BOTH.,#19685);
#19685 = SURFACE_SIDE_STYLE('',(#19686));
#19686 = SURFACE_STYLE_FILL_AREA(#19687);
#19687 = FILL_AREA_STYLE('',(#19688));
#19688 = FILL_AREA_STYLE_COLOUR('',#19583);
#19689 = STYLED_ITEM('color',(#19690),#11647);
#19690 = PRESENTATION_STYLE_ASSIGNMENT((#19691));
#19691 = SURFACE_STYLE_USAGE(.BOTH.,#19692);
#19692 = SURFACE_SIDE_STYLE('',(#19693));
#19693 = SURFACE_STYLE_FILL_AREA(#19694);
#19694 = FILL_AREA_STYLE('',(#19695));
#19695 = FILL_AREA_STYLE_COLOUR('',#19583);
#19696 = STYLED_ITEM('color',(#19697),#11797);
#19697 = PRESENTATION_STYLE_ASSIGNMENT((#19698));
#19698 = SURFACE_STYLE_USAGE(.BOTH.,#19699);
#19699 = SURFACE_SIDE_STYLE('',(#19700));
#19700 = SURFACE_STYLE_FILL_AREA(#19701);
#19701 = FILL_AREA_STYLE('',(#19702));
#19702 = FILL_AREA_STYLE_COLOUR('',#19583);
#19703 = STYLED_ITEM('color',(#19704),#11947);
#19704 = PRESENTATION_STYLE_ASSIGNMENT((#19705));
#19705 = SURFACE_STYLE_USAGE(.BOTH.,#19706);
#19706 = SURFACE_SIDE_STYLE('',(#19707));
#19707 = SURFACE_STYLE_FILL_AREA(#19708);
#19708 = FILL_AREA_STYLE('',(#19709));
#19709 = FILL_AREA_STYLE_COLOUR('',#19583);
#19710 = STYLED_ITEM('color',(#19711),#12097);
#19711 = PRESENTATION_STYLE_ASSIGNMENT((#19712));
#19712 = SURFACE_STYLE_USAGE(.BOTH.,#19713);
#19713 = SURFACE_SIDE_STYLE('',(#19714));
#19714 = SURFACE_STYLE_FILL_AREA(#19715);
#19715 = FILL_AREA_STYLE('',(#19716));
#19716 = FILL_AREA_STYLE_COLOUR('',#19583);
#19717 = STYLED_ITEM('color',(#19718),#12247);
#19718 = PRESENTATION_STYLE_ASSIGNMENT((#19719));
#19719 = SURFACE_STYLE_USAGE(.BOTH.,#19720);
#19720 = SURFACE_SIDE_STYLE('',(#19721));
#19721 = SURFACE_STYLE_FILL_AREA(#19722);
#19722 = FILL_AREA_STYLE('',(#19723));
#19723 = FILL_AREA_STYLE_COLOUR('',#19583);
#19724 = STYLED_ITEM('color',(#19725),#12397);
#19725 = PRESENTATION_STYLE_ASSIGNMENT((#19726));
#19726 = SURFACE_STYLE_USAGE(.BOTH.,#19727);
#19727 = SURFACE_SIDE_STYLE('',(#19728));
#19728 = SURFACE_STYLE_FILL_AREA(#19729);
#19729 = FILL_AREA_STYLE('',(#19730));
#19730 = FILL_AREA_STYLE_COLOUR('',#19583);
#19731 = STYLED_ITEM('color',(#19732),#12547);
#19732 = PRESENTATION_STYLE_ASSIGNMENT((#19733));
#19733 = SURFACE_STYLE_USAGE(.BOTH.,#19734);
#19734 = SURFACE_SIDE_STYLE('',(#19735));
#19735 = SURFACE_STYLE_FILL_AREA(#19736);
#19736 = FILL_AREA_STYLE('',(#19737));
#19737 = FILL_AREA_STYLE_COLOUR('',#19583);
#19738 = STYLED_ITEM('color',(#19739),#12697);
#19739 = PRESENTATION_STYLE_ASSIGNMENT((#19740));
#19740 = SURFACE_STYLE_USAGE(.BOTH.,#19741);
#19741 = SURFACE_SIDE_STYLE('',(#19742));
#19742 = SURFACE_STYLE_FILL_AREA(#19743);
#19743 = FILL_AREA_STYLE('',(#19744));
#19744 = FILL_AREA_STYLE_COLOUR('',#19583);
#19745 = STYLED_ITEM('color',(#19746),#12847);
#19746 = PRESENTATION_STYLE_ASSIGNMENT((#19747));
#19747 = SURFACE_STYLE_USAGE(.BOTH.,#19748);
#19748 = SURFACE_SIDE_STYLE('',(#19749));
#19749 = SURFACE_STYLE_FILL_AREA(#19750);
#19750 = FILL_AREA_STYLE('',(#19751));
#19751 = FILL_AREA_STYLE_COLOUR('',#19583);
#19752 = STYLED_ITEM('color',(#19753),#12997);
#19753 = PRESENTATION_STYLE_ASSIGNMENT((#19754));
#19754 = SURFACE_STYLE_USAGE(.BOTH.,#19755);
#19755 = SURFACE_SIDE_STYLE('',(#19756));
#19756 = SURFACE_STYLE_FILL_AREA(#19757);
#19757 = FILL_AREA_STYLE('',(#19758));
#19758 = FILL_AREA_STYLE_COLOUR('',#19583);
#19759 = STYLED_ITEM('color',(#19760),#13147);
#19760 = PRESENTATION_STYLE_ASSIGNMENT((#19761));
#19761 = SURFACE_STYLE_USAGE(.BOTH.,#19762);
#19762 = SURFACE_SIDE_STYLE('',(#19763));
#19763 = SURFACE_STYLE_FILL_AREA(#19764);
#19764 = FILL_AREA_STYLE('',(#19765));
#19765 = FILL_AREA_STYLE_COLOUR('',#19583);
#19766 = STYLED_ITEM('color',(#19767),#13297);
#19767 = PRESENTATION_STYLE_ASSIGNMENT((#19768));
#19768 = SURFACE_STYLE_USAGE(.BOTH.,#19769);
#19769 = SURFACE_SIDE_STYLE('',(#19770));
#19770 = SURFACE_STYLE_FILL_AREA(#19771);
#19771 = FILL_AREA_STYLE('',(#19772));
#19772 = FILL_AREA_STYLE_COLOUR('',#19583);
#19773 = STYLED_ITEM('color',(#19774),#13447);
#19774 = PRESENTATION_STYLE_ASSIGNMENT((#19775));
#19775 = SURFACE_STYLE_USAGE(.BOTH.,#19776);
#19776 = SURFACE_SIDE_STYLE('',(#19777));
#19777 = SURFACE_STYLE_FILL_AREA(#19778);
#19778 = FILL_AREA_STYLE('',(#19779));
#19779 = FILL_AREA_STYLE_COLOUR('',#19583);
#19780 = STYLED_ITEM('color',(#19781),#13597);
#19781 = PRESENTATION_STYLE_ASSIGNMENT((#19782));
#19782 = SURFACE_STYLE_USAGE(.BOTH.,#19783);
#19783 = SURFACE_SIDE_STYLE('',(#19784));
#19784 = SURFACE_STYLE_FILL_AREA(#19785);
#19785 = FILL_AREA_STYLE('',(#19786));
#19786 = FILL_AREA_STYLE_COLOUR('',#19583);
#19787 = STYLED_ITEM('color',(#19788),#13747);
#19788 = PRESENTATION_STYLE_ASSIGNMENT((#19789));
#19789 = SURFACE_STYLE_USAGE(.BOTH.,#19790);
#19790 = SURFACE_SIDE_STYLE('',(#19791));
#19791 = SURFACE_STYLE_FILL_AREA(#19792);
#19792 = FILL_AREA_STYLE('',(#19793));
#19793 = FILL_AREA_STYLE_COLOUR('',#19583);
#19794 = STYLED_ITEM('color',(#19795),#13897);
#19795 = PRESENTATION_STYLE_ASSIGNMENT((#19796));
#19796 = SURFACE_STYLE_USAGE(.BOTH.,#19797);
#19797 = SURFACE_SIDE_STYLE('',(#19798));
#19798 = SURFACE_STYLE_FILL_AREA(#19799);
#19799 = FILL_AREA_STYLE('',(#19800));
#19800 = FILL_AREA_STYLE_COLOUR('',#19583);
#19801 = STYLED_ITEM('color',(#19802),#14047);
#19802 = PRESENTATION_STYLE_ASSIGNMENT((#19803));
#19803 = SURFACE_STYLE_USAGE(.BOTH.,#19804);
#19804 = SURFACE_SIDE_STYLE('',(#19805));
#19805 = SURFACE_STYLE_FILL_AREA(#19806);
#19806 = FILL_AREA_STYLE('',(#19807));
#19807 = FILL_AREA_STYLE_COLOUR('',#19583);
#19808 = STYLED_ITEM('color',(#19809),#14197);
#19809 = PRESENTATION_STYLE_ASSIGNMENT((#19810));
#19810 = SURFACE_STYLE_USAGE(.BOTH.,#19811);
#19811 = SURFACE_SIDE_STYLE('',(#19812));
#19812 = SURFACE_STYLE_FILL_AREA(#19813);
#19813 = FILL_AREA_STYLE('',(#19814));
#19814 = FILL_AREA_STYLE_COLOUR('',#19583);
#19815 = STYLED_ITEM('color',(#19816),#14347);
#19816 = PRESENTATION_STYLE_ASSIGNMENT((#19817));
#19817 = SURFACE_STYLE_USAGE(.BOTH.,#19818);
#19818 = SURFACE_SIDE_STYLE('',(#19819));
#19819 = SURFACE_STYLE_FILL_AREA(#19820);
#19820 = FILL_AREA_STYLE('',(#19821));
#19821 = FILL_AREA_STYLE_COLOUR('',#19583);
#19822 = STYLED_ITEM('color',(#19823),#14497);
#19823 = PRESENTATION_STYLE_ASSIGNMENT((#19824));
#19824 = SURFACE_STYLE_USAGE(.BOTH.,#19825);
#19825 = SURFACE_SIDE_STYLE('',(#19826));
#19826 = SURFACE_STYLE_FILL_AREA(#19827);
#19827 = FILL_AREA_STYLE('',(#19828));
#19828 = FILL_AREA_STYLE_COLOUR('',#19583);
#19829 = STYLED_ITEM('color',(#19830),#14647);
#19830 = PRESENTATION_STYLE_ASSIGNMENT((#19831));
#19831 = SURFACE_STYLE_USAGE(.BOTH.,#19832);
#19832 = SURFACE_SIDE_STYLE('',(#19833));
#19833 = SURFACE_STYLE_FILL_AREA(#19834);
#19834 = FILL_AREA_STYLE('',(#19835));
#19835 = FILL_AREA_STYLE_COLOUR('',#19583);
#19836 = STYLED_ITEM('color',(#19837),#14865);
#19837 = PRESENTATION_STYLE_ASSIGNMENT((#19838));
#19838 = SURFACE_STYLE_USAGE(.BOTH.,#19839);
#19839 = SURFACE_SIDE_STYLE('',(#19840));
#19840 = SURFACE_STYLE_FILL_AREA(#19841);
#19841 = FILL_AREA_STYLE('',(#19842));
#19842 = FILL_AREA_STYLE_COLOUR('',#19583);
#19843 = STYLED_ITEM('color',(#19844),#15118);
#19844 = PRESENTATION_STYLE_ASSIGNMENT((#19845));
#19845 = SURFACE_STYLE_USAGE(.BOTH.,#19846);
#19846 = SURFACE_SIDE_STYLE('',(#19847));
#19847 = SURFACE_STYLE_FILL_AREA(#19848);
#19848 = FILL_AREA_STYLE('',(#19849));
#19849 = FILL_AREA_STYLE_COLOUR('',#19583);
#19850 = STYLED_ITEM('color',(#19851),#15371);
#19851 = PRESENTATION_STYLE_ASSIGNMENT((#19852));
#19852 = SURFACE_STYLE_USAGE(.BOTH.,#19853);
#19853 = SURFACE_SIDE_STYLE('',(#19854));
#19854 = SURFACE_STYLE_FILL_AREA(#19855);
#19855 = FILL_AREA_STYLE('',(#19856));
#19856 = FILL_AREA_STYLE_COLOUR('',#19583);
#19857 = STYLED_ITEM('color',(#19858),#15589);
#19858 = PRESENTATION_STYLE_ASSIGNMENT((#19859));
#19859 = SURFACE_STYLE_USAGE(.BOTH.,#19860);
#19860 = SURFACE_SIDE_STYLE('',(#19861));
#19861 = SURFACE_STYLE_FILL_AREA(#19862);
#19862 = FILL_AREA_STYLE('',(#19863));
#19863 = FILL_AREA_STYLE_COLOUR('',#19583);
#19864 = STYLED_ITEM('color',(#19865),#15739);
#19865 = PRESENTATION_STYLE_ASSIGNMENT((#19866));
#19866 = SURFACE_STYLE_USAGE(.BOTH.,#19867);
#19867 = SURFACE_SIDE_STYLE('',(#19868));
#19868 = SURFACE_STYLE_FILL_AREA(#19869);
#19869 = FILL_AREA_STYLE('',(#19870));
#19870 = FILL_AREA_STYLE_COLOUR('',#19583);
#19871 = STYLED_ITEM('color',(#19872),#16029);
#19872 = PRESENTATION_STYLE_ASSIGNMENT((#19873));
#19873 = SURFACE_STYLE_USAGE(.BOTH.,#19874);
#19874 = SURFACE_SIDE_STYLE('',(#19875));
#19875 = SURFACE_STYLE_FILL_AREA(#19876);
#19876 = FILL_AREA_STYLE('',(#19877));
#19877 = FILL_AREA_STYLE_COLOUR('',#19583);
#19878 = STYLED_ITEM('color',(#19879),#16082);
#19879 = PRESENTATION_STYLE_ASSIGNMENT((#19880));
#19880 = SURFACE_STYLE_USAGE(.BOTH.,#19881);
#19881 = SURFACE_SIDE_STYLE('',(#19882));
#19882 = SURFACE_STYLE_FILL_AREA(#19883);
#19883 = FILL_AREA_STYLE('',(#19884));
#19884 = FILL_AREA_STYLE_COLOUR('',#19583);
#19885 = STYLED_ITEM('color',(#19886),#16372);
#19886 = PRESENTATION_STYLE_ASSIGNMENT((#19887));
#19887 = SURFACE_STYLE_USAGE(.BOTH.,#19888);
#19888 = SURFACE_SIDE_STYLE('',(#19889));
#19889 = SURFACE_STYLE_FILL_AREA(#19890);
#19890 = FILL_AREA_STYLE('',(#19891));
#19891 = FILL_AREA_STYLE_COLOUR('',#19583);
#19892 = STYLED_ITEM('color',(#19893),#16522);
#19893 = PRESENTATION_STYLE_ASSIGNMENT((#19894));
#19894 = SURFACE_STYLE_USAGE(.BOTH.,#19895);
#19895 = SURFACE_SIDE_STYLE('',(#19896));
#19896 = SURFACE_STYLE_FILL_AREA(#19897);
#19897 = FILL_AREA_STYLE('',(#19898));
#19898 = FILL_AREA_STYLE_COLOUR('',#19583);
#19899 = STYLED_ITEM('color',(#19900),#16672);
#19900 = PRESENTATION_STYLE_ASSIGNMENT((#19901));
#19901 = SURFACE_STYLE_USAGE(.BOTH.,#19902);
#19902 = SURFACE_SIDE_STYLE('',(#19903));
#19903 = SURFACE_STYLE_FILL_AREA(#19904);
#19904 = FILL_AREA_STYLE('',(#19905));
#19905 = FILL_AREA_STYLE_COLOUR('',#19583);
#19906 = STYLED_ITEM('color',(#19907),#16822);
#19907 = PRESENTATION_STYLE_ASSIGNMENT((#19908));
#19908 = SURFACE_STYLE_USAGE(.BOTH.,#19909);
#19909 = SURFACE_SIDE_STYLE('',(#19910));
#19910 = SURFACE_STYLE_FILL_AREA(#19911);
#19911 = FILL_AREA_STYLE('',(#19912));
#19912 = FILL_AREA_STYLE_COLOUR('',#19583);
#19913 = STYLED_ITEM('color',(#19914),#16972);
#19914 = PRESENTATION_STYLE_ASSIGNMENT((#19915));
#19915 = SURFACE_STYLE_USAGE(.BOTH.,#19916);
#19916 = SURFACE_SIDE_STYLE('',(#19917));
#19917 = SURFACE_STYLE_FILL_AREA(#19918);
#19918 = FILL_AREA_STYLE('',(#19919));
#19919 = FILL_AREA_STYLE_COLOUR('',#19583);
#19920 = STYLED_ITEM('color',(#19921),#17025);
#19921 = PRESENTATION_STYLE_ASSIGNMENT((#19922));
#19922 = SURFACE_STYLE_USAGE(.BOTH.,#19923);
#19923 = SURFACE_SIDE_STYLE('',(#19924));
#19924 = SURFACE_STYLE_FILL_AREA(#19925);
#19925 = FILL_AREA_STYLE('',(#19926));
#19926 = FILL_AREA_STYLE_COLOUR('',#19583);
#19927 = STYLED_ITEM('color',(#19928),#17175);
#19928 = PRESENTATION_STYLE_ASSIGNMENT((#19929));
#19929 = SURFACE_STYLE_USAGE(.BOTH.,#19930);
#19930 = SURFACE_SIDE_STYLE('',(#19931));
#19931 = SURFACE_STYLE_FILL_AREA(#19932);
#19932 = FILL_AREA_STYLE('',(#19933));
#19933 = FILL_AREA_STYLE_COLOUR('',#19583);
#19934 = STYLED_ITEM('color',(#19935),#17228);
#19935 = PRESENTATION_STYLE_ASSIGNMENT((#19936));
#19936 = SURFACE_STYLE_USAGE(.BOTH.,#19937);
#19937 = SURFACE_SIDE_STYLE('',(#19938));
#19938 = SURFACE_STYLE_FILL_AREA(#19939);
#19939 = FILL_AREA_STYLE('',(#19940));
#19940 = FILL_AREA_STYLE_COLOUR('',#19583);
#19941 = STYLED_ITEM('color',(#19942),#17378);
#19942 = PRESENTATION_STYLE_ASSIGNMENT((#19943));
#19943 = SURFACE_STYLE_USAGE(.BOTH.,#19944);
#19944 = SURFACE_SIDE_STYLE('',(#19945));
#19945 = SURFACE_STYLE_FILL_AREA(#19946);
#19946 = FILL_AREA_STYLE('',(#19947));
#19947 = FILL_AREA_STYLE_COLOUR('',#19583);
#19948 = STYLED_ITEM('color',(#19949),#17668);
#19949 = PRESENTATION_STYLE_ASSIGNMENT((#19950));
#19950 = SURFACE_STYLE_USAGE(.BOTH.,#19951);
#19951 = SURFACE_SIDE_STYLE('',(#19952));
#19952 = SURFACE_STYLE_FILL_AREA(#19953);
#19953 = FILL_AREA_STYLE('',(#19954));
#19954 = FILL_AREA_STYLE_COLOUR('',#19583);
#19955 = STYLED_ITEM('color',(#19956),#17818);
#19956 = PRESENTATION_STYLE_ASSIGNMENT((#19957));
#19957 = SURFACE_STYLE_USAGE(.BOTH.,#19958);
#19958 = SURFACE_SIDE_STYLE('',(#19959));
#19959 = SURFACE_STYLE_FILL_AREA(#19960);
#19960 = FILL_AREA_STYLE('',(#19961));
#19961 = FILL_AREA_STYLE_COLOUR('',#19583);
#19962 = STYLED_ITEM('color',(#19963),#18108);
#19963 = PRESENTATION_STYLE_ASSIGNMENT((#19964));
#19964 = SURFACE_STYLE_USAGE(.BOTH.,#19965);
#19965 = SURFACE_SIDE_STYLE('',(#19966));
#19966 = SURFACE_STYLE_FILL_AREA(#19967);
#19967 = FILL_AREA_STYLE('',(#19968));
#19968 = FILL_AREA_STYLE_COLOUR('',#19583);
ENDSEC;
END-ISO-10303-21;
